Price,Close,High,Low,Open,Volume
Ticker,AAPL,AAPL,AAPL,AAPL,AAPL
Date,,,,,
2000-01-03,0.8384958505630493,0.8427091688794565,0.7617155551606701,0.7855924924674266,535796800
2000-01-04,0.7678024172782898,0.8286642173561036,0.7579706056915169,0.8108739750416878,512377600
2000-01-05,0.7790376543998718,0.828195902932167,0.7715473827814021,0.7771650739937161,778321600
2000-01-06,0.7116209864616394,0.8015101437223386,0.7116209864616394,0.7949561375143657,767972800
2000-01-07,0.745329737663269,0.7565660199084833,0.7153670017601026,0.7228572731851438,460734400
2000-01-10,0.7322210073471069,0.7659289077536736,0.709748540343719,0.764056327185451,505064000
2000-01-11,0.6947672367095947,0.7443936536403168,0.6779133093017801,0.7186441797712864,441548800
2000-01-12,0.6531000733375549,0.7153671457285707,0.6479496387140402,0.7116211341545085,976068800
2000-01-13,0.7247301936149597,0.7397115946331954,0.692894860218972,0.7077587967239485,1032684800
2000-01-14,0.7523519992828369,0.7659289212290572,0.7443935692324917,0.7490749957323325,390376000
2000-01-18,0.7785695195198059,0.7940198700214456,0.7523518945677764,0.7565660129339367,459177600
2000-01-19,0.7982332706451416,0.8146190889326328,0.7743563296549217,0.7912103056067139,597643200
2000-01-20,0.8502004146575928,0.9101258953599362,0.8502004146575928,0.865181759830099,1831132800
2000-01-21,0.8338146209716797,0.8558181829983017,0.8253872322624696,0.8558181829983017,495924800
2000-01-24,0.7958928346633911,0.8445820972916995,0.7874653939602503,0.8122786081396185,440876800
2000-01-25,0.8408365845680237,0.847391491302298,0.7668659807586484,0.7865288007276031,497145600
2000-01-26,0.8253874182701111,0.8553502180559986,0.8221104636340089,0.8239829948528745,367158400
2000-01-27,0.8239827752113342,0.8464552941129416,0.8015103063158883,0.8150872291663448,340144000
2000-01-28,0.7612475752830505,0.8305368153201815,0.7537573020919296,0.810405884142734,423348800
2000-01-31,0.7771653532981873,0.7781016688408428,0.7078761529133593,0.7565663113474245,701680000
2000-02-01,0.7509476542472839,0.7865289920138381,0.7490751233332983,0.779037868234564,318035200
2000-02-02,0.7401794195175171,0.7649926241380232,0.7266024481294054,0.7546935062688737,464195200
2000-02-03,0.7738882899284363,0.7809112555833375,0.7509476122469338,0.7514157699523296,475193600
2000-02-04,0.8090013265609741,0.8239826705514156,0.776228842734172,0.7785695808457531,425320000
2000-02-07,0.8544137477874756,0.8558182209566707,0.7935519436287158,0.8090014985330212,441067200
2000-02-08,0.8605003952980042,0.8698631485895433,0.8333464505110809,0.8539454878731968,408643200
2000-02-09,0.8436456322669983,0.8773543889866506,0.842241259089873,0.8548819178443267,299364800
2000-02-10,0.8502004146575928,0.8530092606081908,0.8239827355656731,0.8455189380650506,302982400
2000-02-11,0.8146191239356995,0.8548818349372846,0.8108739624726858,0.851136673474271,212251200
2000-02-14,0.8675224781036377,0.8679906357803042,0.8136827950960033,0.8188323795208531,367539200
2000-02-15,0.8913994431495667,0.8984224085580496,0.8628411240361749,0.8633092817251441,485744000
2000-02-16,0.854881763458252,0.8848453529404533,0.8399004187725676,0.8820357069826114,378246400
2000-02-17,0.8605003952980042,0.8651817719437738,0.8473915805715834,0.862841083620889,289497600
2000-02-18,0.833346426486969,0.8642454316948088,0.830536730473328,0.8586277398769071,233441600
2000-02-22,0.8525413274765015,0.8759501167766991,0.7991697399278471,0.8249192681407824,422296000
2000-02-23,0.8707994222640991,0.8913993587515773,0.8314729799662355,0.8482103408515361,473099200
2000-02-24,0.8629577159881592,0.8923357353464433,0.8370915792921811,0.8787587626697413,376432000
2000-02-25,0.8267918229103088,0.8764182996265709,0.8249192917339697,0.8600324766885244,249144000
2000-02-28,0.8483278155326843,0.8614366305625827,0.8118102665041023,0.8249190815340006,328328000
2000-02-29,0.8586278557777405,0.8782906799054072,0.843177550989748,0.8506685745192101,368961600
2000-03-01,0.9761378765106201,0.9892466877066033,0.8876540010114883,0.8881221585524459,1077003200
2000-03-02,0.9138718247413635,0.9583479010662155,0.9040400141537148,0.9513257364293614,311259200
2000-03-03,0.9588159918785095,0.9605720081569851,0.898890511200002,0.935407208752658,323366400
2000-03-06,0.9414939880371094,0.9672434602620815,0.9363435535255811,0.9438346763999158,210560000
2000-03-07,0.9204261302947998,0.9546030495724637,0.9073173119586367,0.947111924763082,273011200
2000-03-08,0.9138718247413635,0.9283851117576865,0.8881223542174098,0.9204258317341187,271230400
2000-03-09,0.915744423866272,0.9363434595114573,0.8857816355868229,0.9054444559882795,276718400
2000-03-10,0.9419618844985962,0.9583476986175358,0.9063805108911602,0.9115309439744324,248606400
2000-03-13,0.9087213277816772,0.9475796054280563,0.8951443584859153,0.9148079761384045,303956800
2000-03-14,0.8558182120323181,0.9307259472498772,0.8539455811595856,0.9080193478008574,428579200
2000-03-15,0.8707994222640991,0.9007630117060285,0.8548817623092624,0.8661180458422892,443609600
2000-03-16,0.9105939865112305,0.9138717899814498,0.857690574543254,0.8787586678495046,378100800
2000-03-17,0.9363436698913574,0.9363436698913575,0.8960809046875832,0.8998269666519045,305043200
2000-03-20,0.9213622212409973,0.9457072207937223,0.9166807444352152,0.9251081827817389,204489600
2000-03-21,1.0107834339141846,1.0243603093441114,0.9110632281212971,0.9180853946791486,524328000
2000-03-22,1.0800726413726807,1.0814779148620266,0.9855020660743328,0.99463169318094,567996800
2000-03-23,1.0585366487503052,1.1264213888730854,1.0487048408428292,1.0636861814069898,562564800
2000-03-24,1.0388736724853516,1.0782001282270568,1.0149967243352898,1.0669638408528788,446913600
2000-03-27,1.0454280376434326,1.0842863190703416,1.025296260472092,1.0309148518275228,279182400
2000-03-28,1.0421512126922607,1.0636865662541393,1.0271689665968633,1.028105281968583,202966400
2000-03-29,1.0182747840881348,1.0444924278156527,1.0024737291330172,1.0440243699060887,239836800
2000-03-30,0.9419618844985962,1.0313827759763345,0.9396210967725878,1.0004829778209154,414400000
2000-03-31,1.0173380374908447,1.0281052640284438,0.9438346817730452,0.9546028084215391,404633600
2000-04-03,0.9986105561256409,1.0449599629985151,0.9695840821770622,1.0149963736655394,328563200
2000-04-04,0.9536666870117188,0.9962701444813009,0.874545623095559,0.9934612978562481,660329600
2000-04-05,0.9766073822975159,0.9953338944711726,0.9288535861077429,0.9473459693733634,457665600
2000-04-06,0.937748908996582,1.0075063089351515,0.9232348196483996,0.9784798304483946,259627200
2000-04-07,0.9869060516357422,0.9878422667543352,0.9400892949682333,0.953198106849893,242435200
2000-04-10,0.9363436698913574,0.9943975290926533,0.9344711389708644,0.9864382475541391,212262400
2000-04-11,0.8946765065193176,0.9354073283066873,0.8843765366146974,0.9251082585130436,541822400
2000-04-12,0.818364143371582,0.891399334248605,0.7855925590796101,0.891399334248605,941136000
2000-04-13,0.8525413274765015,0.8988907482931149,0.8127467157069017,0.8352192394457075,529827200
2000-04-14,0.8380278944969177,0.8839082969329511,0.8164916412443862,0.818832379621847,667620800
2000-04-17,0.9279170632362366,0.9283852209353906,0.8169598380621746,0.8202376920486996,409561600
2000-04-18,0.950389564037323,0.950389564037323,0.8942083380150774,0.9251082473562868,390924800
2000-04-19,0.9073171615600586,0.975670088673956,0.8970171916946283,0.9452392369069921,520150400
2000-04-20,0.89046311378479,0.9344710359922137,0.8768861409686446,0.9265125554293918,722120000
2000-04-24,0.9026356935501099,0.9026356935501099,0.8595640876611427,0.8614366183337547,443620800
2000-04-25,0.9611567258834839,0.9644345294066423,0.9143399623750416,0.9148081200088948,391641600
2000-04-26,0.9087213277816772,0.9588157869226847,0.8988903190538052,0.9485158205362133,366912000
2000-04-27,0.9494525790214539,0.9513260102355675,0.8732578752649911,0.8778226386364715,326603200
2000-04-28,0.9293213486671448,0.9550709198028345,0.9087215117364227,0.952262073885169,249580800
2000-05-01,0.9311939477920532,0.9372805971750517,0.9129355998400727,0.9354071665198926,226195200
2000-05-02,0.8829718828201294,0.9457071047430724,0.8801630370862712,0.9232346386629329,236432000
2000-05-03,0.8619046211242676,0.9082532223708927,0.8361551537349591,0.8909310916110235,489798400
2000-05-04,0.8291323184967041,0.8633092278303958,0.828196003177218,0.8623729125109098,399515200
2000-05-05,0.847391664981842,0.8595641655867067,0.829366492869736,0.8300686794340836,284076800
2000-05-08,0.8249190449714661,0.8516047815202005,0.823982729657208,0.8396663112079824,184900800
2000-05-09,0.7898060083389282,0.8333465782836356,0.7855927387080418,0.8263236121273131,327140800
2000-05-10,0.7439253926277161,0.7865288379944552,0.7397112737823824,0.7795058733220095,535091200
2000-05-11,0.7701430916786194,0.7809112184523529,0.7415847729210862,0.7593750149110472,499744000
2000-05-12,0.8061926364898682,0.8277280426853022,0.7847730445790672,0.7940201351231302,306913600
2000-05-15,0.7565662264823914,0.8094695988994819,0.7500113683388492,0.8094695988994819,678932800
2000-05-16,0.7916784286499023,0.8169597415151222,0.7696749193776785,0.7829003478127369,440451200
2000-05-17,0.7593749761581421,0.7766970595809759,0.7518838535363268,0.7762289019217316,398092800
2000-05-18,0.7546935081481934,0.7860606696692738,0.7537571928811125,0.7715474329864285,373777600
2000-05-19,0.7041309475898743,0.7434573953257868,0.6994486704097691,0.7434573953257868,740667200
2000-05-22,0.6736993193626404,0.7022584950429708,0.6442046781974551,0.7022584950429708,755507200
2000-05-23,0.6428002119064331,0.6994487514866907,0.6413957886216611,0.6779133943465734,517585600
2000-05-24,0.6568451523780823,0.6722946552642026,0.6217319775545909,0.6456089184323477,678462400
2000-05-25,0.6536847352981567,0.6940649071293682,0.6442044680349546,0.6629318238510998,406750400
2000-05-26,0.6470133662223816,0.6732309964036219,0.6385868280184921,0.6591858659529066,181148800
2000-05-30,0.6559088826179504,0.6601221515298021,0.6123691702085573,0.656376990270717,713059200
2000-05-31,0.6292232871055603,0.6835311422294172,0.6278188637083085,0.6507594960753948,433507200
2000-06-01,0.6676132082939148,0.6708901615646808,0.6020691422632035,0.6123691098051727,903840000
2000-06-02,0.6933626532554626,0.747202327061096,0.6666768701478956,0.7022581976595139,792848000
2000-06-05,0.6839990019798279,0.7134936328423083,0.6718265035149658,0.6989803962267529,323668800
2000-06-06,0.6957035064697266,0.7247299844426078,0.6765088404232967,0.6889154697367489,525481600
2000-06-07,0.7233254909515381,0.7266024945753211,0.6863397854758423,0.7013219808111101,337019200
2000-06-08,0.7102167010307312,0.7378387541584189,0.6975760436602167,0.7312847966893281,238526400
2000-06-09,0.7172396183013916,0.7336253848433432,0.7069396507185368,0.7247298400981499,252358400
2000-06-12,0.6830627918243408,0.7223892361795194,0.6807221034909856,0.7219210785103845,290337600
2000-06-13,0.7078760266304016,0.7092804496876692,0.6605903499459423,0.6830628190717284,351456000
2000-06-14,0.677445113658905,0.720984827907293,0.675104375271571,0.7092804358843692,277446400
2000-06-15,0.6919583082199097,0.699448580577177,0.6666769450555375,0.6835309204656108,248572800
2000-06-16,0.6830627918243408,0.7022583063882344,0.6671451310367911,0.7003848756131357,303564800
2000-06-19,0.7237938046455383,0.7331575099778723,0.6727629582505988,0.6783815014894871,394004800
2000-06-20,0.7584386467933655,0.7785696257926804,0.7369024447499595,0.7378387100449496,501390400
2000-06-21,0.833346426486969,0.8530092479604734,0.7537572250887983,0.7565661210039074,490000000
2000-06-22,0.8052554130554199,0.8633092656929628,0.8024465669860906,0.8352190547840308,467712000
2000-06-23,0.7743563652038574,0.8183642377977993,0.7612475499523585,0.8057235802320936,204965600
2000-06-26,0.8108739256858826,0.8202376290171995,0.7809111851624042,0.786528877095906,185354400
2000-06-27,0.7752926349639893,0.8314730041326812,0.773420054337145,0.8057235328303507,203470400
2000-06-28,0.8155552744865417,0.8296003530849543,0.7715474082172603,0.7987013501893722,286428800
2000-06-29,0.7678024172782898,0.8080651289039696,0.7649927210358122,0.7949563134878048,203660800
2000-06-30,0.7846562266349792,0.8230464017538318,0.7743562588998992,0.7912102333116983,323097600
2000-07-03,0.7987012267112732,0.8136825682244586,0.7809109899274274,0.7809109899274274,70828800
2000-07-05,0.7734201550483704,0.8267916852296714,0.7603113388611099,0.7977652065522083,265216000
2000-07-06,0.7762289643287659,0.7930837415521416,0.7434573754791558,0.7865289337218233,309545600
2000-07-07,0.8155552744865417,0.8211738159886828,0.7809111106551805,0.7879332249020734,263603200
2000-07-10,0.8558182120323181,0.8726729900225444,0.8052554782589244,0.8104059132452511,397796000
2000-07-11,0.8530092239379883,0.8876541894847269,0.8305367070837147,0.8539454392063951,357896000
2000-07-12,0.8820356130599976,0.8829718282385373,0.8445817052662947,0.8707993307083522,225433600
2000-07-13,0.8464553952217102,0.9082535169211554,0.8202377617428108,0.8764181905997351,445659200
2000-07-14,0.8642455339431763,0.8839083577429774,0.8520730334616305,0.8558181951207583,190276800
2000-07-17,0.8736093044281006,0.8810995278732017,0.8558182110225006,0.8726729889928391,260002400
2000-07-18,0.8576903939247131,0.8820354854759351,0.8520727036168426,0.8764177951680647,318404800
2000-07-19,0.789337694644928,0.8511366042182623,0.7752926152121166,0.826791556504756,457872800
2000-07-20,0.825855553150177,0.8548820365146119,0.810874153673153,0.823982971977124,465572800
2000-07-21,0.8024466037750244,0.8333465122746606,0.7930837497772368,0.8143850752248241,196235200
2000-07-24,0.7294121980667114,0.7921465756075359,0.7116211065826935,0.7874651489553558,412171200
2000-07-25,0.7500113844871521,0.7584387736750674,0.7350299871193907,0.7537573464046295,211607200
2000-07-26,0.7500113844871521,0.76780247832077,0.7378388334804201,0.7467343803972291,210470400
2000-07-27,0.7790376543998718,0.7977650086521668,0.7472023373167931,0.7490749177229488,294985600
2000-07-28,0.7237938046455383,0.7865290451765881,0.7022584475249305,0.7832520408463655,237893600
2000-07-31,0.7612475752830505,0.7734201255741694,0.7303485669185973,0.7364343670056048,155299200
2000-08-01,0.7387751936912537,0.7663972514617455,0.7378388781767468,0.7537573920652577,137284000
2000-08-02,0.7078760266304016,0.7481387379237705,0.7069397612609438,0.7340936572463425,162355200
2000-08-03,0.7191122174263,0.7200485327449332,0.6629318481297054,0.6825946198394777,339897600
2000-08-04,0.7097485065460205,0.7678023018643912,0.6938308473848356,0.7411165173517203,263121600
2000-08-07,0.7181761264801025,0.7350300563382657,0.7069398898730248,0.717239860940312,187348000
2000-08-08,0.700384795665741,0.7191121504228128,0.6938308390767702,0.7181758851975754,176674400
2000-08-09,0.7116209864616394,0.7256661141520879,0.7078758757757629,0.7209846882901289,379640800
2000-08-10,0.7125574350357056,0.7256662500041747,0.7097485889939159,0.7191122425692251,251714400
2000-08-11,0.7144308686256409,0.7191122957099572,0.6825946941477731,0.7017902103987415,238056000
2000-08-14,0.7050672769546509,0.7144309320532231,0.6938310408548706,0.713025708705159,156660000
2000-08-15,0.6994487643241882,0.7181761253433688,0.6966399177030914,0.7078761542923844,114200800
2000-08-16,0.7266024351119995,0.7340935571696583,0.7013219234166822,0.7022582386646569,143673600
2000-08-17,0.7706114053726196,0.7855928043090853,0.7237938273589917,0.7247300929086491,270900000
2000-08-18,0.7490751147270203,0.7762290129391642,0.7472025338283825,0.7696750548031813,190176000
2000-08-21,0.7565662264823914,0.7724838889590547,0.743457410306281,0.752820214639402,134467200
2000-08-22,0.7743563652038574,0.7912103419293772,0.7546935923820643,0.7584387038499236,276802400
2000-08-23,0.8136828541755676,0.8202377122049211,0.7649927520575113,0.7710794523762063,236863200
2000-08-24,0.8406028747558594,0.8483280284475042,0.7996379175182936,0.8190666660511754,310766400
2000-08-25,0.8511365056037903,0.8614364726911092,0.8445816992408233,0.846455129707578,334460000
2000-08-28,0.8698632121086121,0.8839083431947167,0.8548818656323808,0.8576907118274137,359004800
2000-08-29,0.8867181539535522,0.8904632158109288,0.8642455825379453,0.8670544289371448,267030400
2000-08-30,0.8913994431495667,0.8988905662470188,0.8794609720253929,0.8839083200521145,285392800
2000-08-31,0.9129358530044556,0.9213623928091943,0.8829721555918422,0.883440313360829,419596800
2000-09-01,0.950389564037323,0.9531984103119269,0.9157445930048616,0.9185534392794653,256872000
2000-09-05,0.9354073405265808,0.9606887578551083,0.9325984941814086,0.9386852447089922,298642400
2000-09-06,0.8754817843437195,0.9344710535053444,0.8651818150935275,0.9194896073635812,355404000
2000-09-07,0.9288535714149475,0.937280911810417,0.8726731356715136,0.8857819540178217,217464800
2000-09-08,0.8820356130599976,0.9232345815924673,0.8764179219395433,0.9232345815924673,195518400
2000-09-11,0.8754817843437195,0.9045082612341424,0.8707995073535534,0.8792269458545116,187381600
2000-09-12,0.8651818037033081,0.8998268725085699,0.8539455192202641,0.8590959538330136,187997600
2000-09-13,0.8689270615577698,0.8913995330044812,0.8502005520866814,0.8502005520866814,305984000
2000-09-14,0.8518389463424683,0.8932719508781345,0.8511366598209467,0.8773542898263239,426552000
2000-09-15,0.8274939060211182,0.871736659870688,0.8127465881041378,0.8651818518527918,394514400
2000-09-18,0.9087213277816772,0.910125700450061,0.8249188742244163,0.8277277195734802,424536000
2000-09-19,0.8979542255401611,0.9063807636669448,0.8773542876833441,0.89514457939933,271510400
2000-09-20,0.914574384689331,0.9204261069595603,0.8773544906877477,0.8899951509074803,227388000
2000-09-21,0.8492640256881714,0.8932718420806643,0.8277278250564202,0.8764179677401054,510490400
2000-09-22,0.7818474769592285,0.7855926383791627,0.7490750392544797,0.7537572661248926,726700800
2000-09-25,0.8015105128288269,0.8314732623416888,0.7799751038431254,0.7902742254798604,435551200
2000-09-26,0.7706114053726196,0.8202378300413917,0.7696751398229621,0.7987016221400642,290936800
2000-09-27,0.7331574559211731,0.7902740989958765,0.7228574858279935,0.775292751640309,402259200
2000-09-28,0.8015105128288269,0.8061927409454357,0.720985020313533,0.7387752668825085,979585600
2000-09-29,0.38577336072921753,0.43446351357806856,0.3801556681423695,0.4222909628643145,7421640800
2000-10-02,0.36330169439315796,0.40075558480776,0.35206545976045833,0.3998192944294045,2424788800
2000-10-03,0.33427518606185913,0.3745379188239155,0.33240178037956386,0.37360162853356743,2038120000
2000-10-04,0.3539380133152008,0.35581056905719727,0.32772038269926,0.33521150577816017,1466024000
2000-10-05,0.33052927255630493,0.3670468771984502,0.3295929820598568,0.3520655041658364,873006400
2000-10-06,0.3324018716812134,0.34363810834403835,0.31461162618882454,0.3398929711570386,612656800
2000-10-09,0.3258478045463562,0.3427017301791533,0.31648410136638816,0.33895661895273876,597564800
2000-10-10,0.31273898482322693,0.3361477423135996,0.3071204179682716,0.32397521842230037,691101600
2000-10-11,0.2940117120742798,0.31461165628144394,0.28652146198692313,0.30150283726971716,1198422400
2000-10-12,0.2996302545070648,0.31180278180548915,0.2921391299739497,0.304311657272374,1191064000
2000-10-13,0.33052927255630493,0.33146556305275304,0.2996302359946292,0.3033753479742532,1247752800
2000-10-16,0.32210275530815125,0.34832039120159447,0.32022932408120736,0.3342752826938627,820176000
2000-10-17,0.3015027344226837,0.3286566538206122,0.29494875220497674,0.32491151755291114,601720000
2000-10-18,0.3015027344226837,0.31554783928049557,0.2809027972424622,0.291202765832573,834265600
2000-10-19,0.2837125360965729,0.29682135261421766,0.2743488564116011,0.28698954020131795,1506724800
2000-10-20,0.2921389639377594,0.30524777434013195,0.28371240374447254,0.2855849837887903,791263200
2000-10-23,0.3052479028701782,0.30805759922109016,0.29120279653170555,0.30360940089224775,551292000
2000-10-24,0.28277623653411865,0.3127390027881706,0.2818399461881087,0.30993013175014084,804451200
2000-10-25,0.277157723903656,0.2874576948323838,0.27622145837646045,0.2855851387749076,663969600
2000-10-26,0.277157723903656,0.28277629218715067,0.262176350329695,0.28184000165687,721851200
2000-10-27,0.2780940532684326,0.28745773497447286,0.26779408090136325,0.28277633167550426,744503200
2000-10-30,0.28933027386665344,0.2986939541995231,0.28090285905442225,0.28652142729856794,639189600
2000-10-31,0.29307547211647034,0.30337542011933716,0.28839404352403303,0.29588516937576376,885880800
2000-11-01,0.30712056159973145,0.31273913108233026,0.29120289409837236,0.29120289409837236,575366400
2000-11-02,0.33427518606185913,0.3361477416394766,0.31554783006401416,0.3164840953512835,590693600
2000-11-03,0.3333381116390228,0.3445743724424518,0.3286567092669261,0.3445743724424518,515821600
2000-11-06,0.32116636633872986,0.3389566066363183,0.3127389787762042,0.3361477358139525,393478400
2000-11-07,0.31929299235343933,0.32678409038474115,0.3118027194238041,0.32210268855602975,301963200
2000-11-08,0.3005664050579071,0.32116633956195684,0.29682126927674285,0.3202291992613045,422088800
2000-11-09,0.3024390637874603,0.30712046597418013,0.28558511080367477,0.29775763659765786,476834400
2000-11-10,0.28558510541915894,0.2977576309836372,0.28558510541915894,0.2900324536646947,422251200
2000-11-13,0.2902664840221405,0.2996301875720713,0.2734125577234397,0.28090280547528995,431816000
2000-11-14,0.303375244140625,0.30712037984151797,0.29307530211243993,0.2986938432668156,409001600
2000-11-15,0.297757625579834,0.30243905259641124,0.28839394644498034,0.3000983390881226,282357600
2000-11-16,0.2846487760543823,0.29682129995349255,0.282776220471808,0.29213904839083726,239372000
2000-11-17,0.277157723903656,0.28839398536266453,0.2734126117887036,0.2874576948323838,446180000
2000-11-20,0.2837125360965729,0.29213910022085793,0.27341259095574527,0.27856215097528525,408066400
2000-11-21,0.2818399667739868,0.29213908632311336,0.2809028262547988,0.2874576592542078,301952000
2000-11-22,0.277157723903656,0.2865214293051883,0.2752851678461798,0.28184000165687,280532000
2000-11-24,0.28933027386665344,0.29213912043473894,0.2818399996830355,0.28254221132505686,160932800
2000-11-27,0.2799665033817291,0.29869385801707027,0.2771576327150435,0.29775756779484175,258792800
2000-11-28,0.27013564109802246,0.2846488837169967,0.2687312176291276,0.2799666303833749,269124800
2000-11-29,0.26311251521110535,0.2743487463011884,0.25843108979839263,0.27107176851474807,492150400
2000-11-30,0.24719500541687012,0.25468525551832055,0.24157643648192792,0.25000385233030004,809597600
2000-12-01,0.25562235713005066,0.26217634059242934,0.25187637004624386,0.2546852165296798,385705600
2000-12-04,0.2500038146972656,0.2574949137760764,0.24625867770875123,0.2574949137760764,371520800
2000-12-05,0.2546852231025696,0.2612400568389789,0.24532239291512,0.25374895758598404,613978400
2000-12-06,0.21442238986492157,0.22472233012008075,0.20974096479389429,0.21910464003730515,1374464000
2000-12-07,0.21442238986492157,0.22284977509351267,0.20974096479389429,0.21629579499591733,408917600
2000-12-08,0.22565869987010956,0.22940468635436767,0.2162958714228246,0.22191356349057953,435624000
2000-12-11,0.22753126919269562,0.23034096519091324,0.22284984270142297,0.22753126919269562,332511200
2000-12-12,0.23034095764160156,0.23970378531420586,0.22472239093091873,0.22846752700057607,386260000
2000-12-13,0.22472238540649414,0.2331497977114766,0.22284982991923818,0.2331497977114766,344887200
2000-12-14,0.21629591286182404,0.2284675896748942,0.21629591286182404,0.22519061034191126,263317600
2000-12-15,0.21067732572555542,0.22004100412090724,0.20974103539556768,0.21816842346093177,513945600
2000-12-18,0.21348614990711212,0.21910469141171887,0.20880473623994947,0.21816840117736316,325808000
2000-12-19,0.20974101126194,0.22846751579318436,0.20974101126194,0.2153587025893131,374007200
2000-12-20,0.21535877883434296,0.21910476615111907,0.20412337970030844,0.20646409358310613,565331200
2000-12-21,0.21067732572555542,0.22472240576468633,0.2078684672371321,0.21348617171243883,366844800
2000-12-22,0.22472238540649414,0.22472238540649414,0.21161357188183305,0.21161357188183305,318052000
2000-12-26,0.22004097700119019,0.22472237806799367,0.21348614540059482,0.22284982264188763,216815200
2000-12-27,0.22191357612609863,0.22191357612609863,0.21254989704092783,0.2148906105367968,325466400
2000-12-28,0.22191357612609863,0.22378615692402648,0.21442247783885568,0.21535874323473794,305177600
2000-12-29,0.22284986078739166,0.22472241653402553,0.217232168544409,0.22004101466590031,630336000
2001-01-02,0.22284986078739166,0.2284675530303743,0.21816843391618543,0.22284986078739166,452312000
2001-01-03,0.2453223466873169,0.25000377340043023,0.21629587086518715,0.21723216120842584,817073600
2001-01-04,0.25562235713005066,0.27715771360998004,0.25187637004624386,0.27177409951775583,739396000
2001-01-05,0.2453223466873169,0.26030374227154124,0.24064009487255789,0.25374890977030484,412356000
2001-01-08,0.24813121557235718,0.2544511447175742,0.2387675361818817,0.25374893314622593,373699200
2001-01-09,0.25749504566192627,0.26428311149306666,0.24813136079134995,0.25187649969807924,588929600
2001-01-10,0.24813121557235718,0.25468519857263533,0.24064011704086544,0.2500037964313409,580781600
2001-01-11,0.2696674168109894,0.27715766443687645,0.24344978740325846,0.24344978740325846,803734400
2001-01-12,0.25749504566192627,0.2696676034648724,0.25562248871011023,0.2677941714046575,423376800
2001-01-16,0.2565586268901825,0.27341257953659004,0.2546851959457178,0.2612400289831912,306118400
2001-01-17,0.2518763244152069,0.2631125834212884,0.2471949227919453,0.2631125834212884,840873600
2001-01-18,0.2799665033817291,0.28090276860088076,0.26404881951153575,0.26685769017822136,1227010400
2001-01-19,0.2921389639377594,0.2930752539599183,0.2799664435575458,0.2912026739156005,776664000
2001-01-22,0.2883937358856201,0.2940114242015129,0.2762212194293377,0.28558489172767376,519327200
2001-01-23,0.30712056159973145,0.31367539680934176,0.28558519972394125,0.2893303376412588,879530400
2001-01-24,0.30712056159973145,0.30993025889202414,0.29307547555857644,0.30899399316501264,717091200
2001-01-25,0.298693984746933,0.30805766603742557,0.29588513789158694,0.30805766603742557,489708800
2001-01-26,0.29307547211647034,0.29682143509177905,0.2855851963698067,0.29213918139736483,482820800
2001-01-29,0.32491153478622437,0.32584782515358035,0.2930753620126853,0.2930753620126853,855528800
2001-01-30,0.3258478045463562,0.3295929157727707,0.3127389901399737,0.3230389336219265,692423200
2001-01-31,0.3239753246307373,0.3370841431117103,0.32116647783631797,0.32210276843548674,730704800
2001-02-01,0.31648409366607666,0.3221026604798467,0.30712041571701365,0.30993011167469603,369695200
2001-02-02,0.3089938461780548,0.3286566422432294,0.307120415503956,0.3164840934465232,427341600
2001-02-05,0.3024390637874603,0.3080576065175696,0.2958850807235865,0.30712046597418013,286115200
2001-02-06,0.31648409366607666,0.32046330862655853,0.2996301684433491,0.3019708566521376,462711200
2001-02-07,0.31086647510528564,0.31273905611661906,0.2968213674277494,0.3094620518483278,393887200
2001-02-08,0.31086647510528564,0.3155479026305348,0.30243908545866527,0.30805762859137,604128000
2001-02-09,0.28652143478393555,0.311802779770044,0.2799666008479064,0.3071205019272974,590083200
2001-02-12,0.2949487864971161,0.29963021362679715,0.28183997043290654,0.2855851071360349,274120000
2001-02-13,0.28652143478393555,0.306184236382199,0.2846488536875674,0.2986939620028978,237070400
2001-02-14,0.2921389639377594,0.2940115189790056,0.2771575734910691,0.28745753883003655,309120000
2001-02-15,0.3005664050579071,0.30805752672482783,0.29494871388769883,0.29494871388769883,311416000
2001-02-16,0.2846487760543823,0.29213904839083726,0.28090278978147476,0.2846487760543823,263911200
2001-02-20,0.27434873580932617,0.2912026817507371,0.2724761807176968,0.28745754656440603,314893600
2001-02-21,0.28277623653411865,0.2986938975056144,0.2734125579785318,0.2734125579785318,390258400
2001-02-22,0.2818399667739868,0.2902665054943183,0.2696674412943568,0.2855851034284948,431961600
2001-02-23,0.2818399667739868,0.28277625718838434,0.2734125779488648,0.27903027042908585,293865600
2001-02-26,0.2921389639377594,0.29494865910559886,0.278093863513228,0.2855849837887903,206438400
2001-02-27,0.2902664840221405,0.2912027743672769,0.2799665401332338,0.28886206100597606,348516000
2001-02-28,0.2734125852584839,0.291202803693952,0.27154000437962583,0.290266513254523,508233600
2001-03-01,0.2809027433395386,0.2809027433395386,0.25749481480580255,0.2668576661799409,330461600
2001-03-02,0.2883937358856201,0.30618396566085887,0.2734123752713913,0.2743486399886644,406201600
2001-03-05,0.3052479028701782,0.3071204586998973,0.2883939502855859,0.29026650611530497,324172800
2001-03-06,0.32210275530815125,0.33052929534798453,0.3099302029193538,0.31039836070140187,731802400
2001-03-07,0.3183567523956299,0.3239752955857133,0.3108664782799716,0.31929304291085836,419540800
2001-03-08,0.31180277466773987,0.31648417732588296,0.30618423137183604,0.30993019360201446,204859200
2001-03-09,0.303375244140625,0.3099300754709928,0.29963013344280776,0.3089938102980763,299135200
2001-03-12,0.2790302336215973,0.2977575896302698,0.27153996130063945,0.2949487437606803,391020000
2001-03-13,0.29307547211647034,0.29307547211647034,0.27247637620962345,0.2827763492155805,443329600
2001-03-14,0.30618420243263245,0.30712046787391817,0.2762214330309477,0.2771576984722334,477775200
2001-03-15,0.2949487864971161,0.320229278094181,0.2949487864971161,0.3127390296910067,529317600
2001-03-16,0.2940117120742798,0.30431168417786186,0.2827763244417008,0.28464888071276795,470316000
2001-03-19,0.308057576417923,0.30899386676501706,0.2921390653232656,0.29588505181329117,356008800
2001-03-20,0.2949487864971161,0.313675295114477,0.2949487864971161,0.3103983161261662,499206400
2001-03-21,0.3015027344226837,0.3127389933304896,0.29026647551487783,0.2963531751799797,371375200
2001-03-22,0.3239753246307373,0.3258479058290748,0.3024391156615481,0.3052479624559674,723301600
2001-03-23,0.3445742726325989,0.35300165956798096,0.3295928792691731,0.3305291694736188,944888000
2001-03-26,0.32629743218421936,0.3558104870729002,0.31655873439602017,0.346522319696628,734451200
2001-03-27,0.3426271080970764,0.34532354046625363,0.3280945667787196,0.32869444072072196,543821600
2001-03-28,0.33214014768600464,0.3370841583215972,0.32210278296938516,0.3307919311675536,584662400
2001-03-29,0.33753278851509094,0.3513161066982155,0.3221025680216691,0.32614718987484886,613065600
2001-03-30,0.33064162731170654,0.3403794760505282,0.319704880987405,0.3378332126029766,400349600
2001-04-02,0.32345086336135864,0.3394809627351007,0.32060426275507975,0.3309411359131846,340911200
2001-04-03,0.3032259941101074,0.32060428578432953,0.30157741594184256,0.3200052619615451,368687200
2001-04-04,0.2921389639377594,0.3033751942958141,0.2809027085766331,0.2960342674713456,685484800
2001-04-05,0.31266430020332336,0.3370840321492536,0.29963017023386046,0.308618827060304,446762400
2001-04-06,0.3084695637226105,0.3152106455410412,0.29813183809490845,0.31161567693848274,324889600
2001-04-09,0.3077203929424286,0.31970499763115384,0.30052878002423455,0.30996714533949565,266582400
2001-04-10,0.33019205927848816,0.34008010561868796,0.31131537769050116,0.31311327476105905,457374400
2001-04-11,0.32659706473350525,0.3445743824550293,0.31880642866347436,0.3442748705065754,334096000
2001-04-12,0.33588525652885437,0.3448739159512284,0.31685920824501534,0.3209038574545323,298933600
2001-04-16,0.321203351020813,0.3355857253368722,0.3125142040633845,0.3309412023541689,285224800
2001-04-17,0.305622935295105,0.31775770659130703,0.29363748241083404,0.3176075380745525,685199200
2001-04-18,0.3414282500743866,0.3607546331289934,0.31581046625374354,0.3231514214358987,1100842400
2001-04-19,0.3853244185447693,0.3857732487493018,0.3535637620960189,0.38277733026189187,1873670400
2001-04-20,0.37513694167137146,0.3839762806732276,0.3685452045728725,0.37348921367215976,693403200
2001-04-23,0.36330169439315796,0.3745379540289387,0.3595557077780592,0.36464991053281365,541525600
2001-04-24,0.3600054383277893,0.3707919932997476,0.3522148027498399,0.3644997674742941,377137600
2001-04-25,0.3703431189060211,0.3724405274066159,0.35311417047922394,0.3627018521381188,330780800
2001-04-26,0.36989331245422363,0.39101675867230706,0.36974314399747854,0.37708407124836507,799696800
2001-04-27,0.3925153315067291,0.3938635478598474,0.3707920261212091,0.37753393298860793,453012000
2001-04-30,0.38187888264656067,0.4062986168080291,0.3725898629920022,0.4000063664352406,494776800
2001-05-01,0.3884705901145935,0.39700956668871057,0.3775338432553039,0.380679980701818,427252000
2001-05-02,0.3983578085899353,0.40000636171612963,0.3859235265019732,0.394612672133581,368524800
2001-05-03,0.3739381730556488,0.3932645594349438,0.37049254759746486,0.3890697414681317,301543200
2001-05-04,0.38577336072921753,0.38727177046322686,0.35895672959493835,0.36315154676015404,281052800
2001-05-07,0.3739381730556488,0.38592362799302266,0.3721402760553177,0.3838262190096166,276550400
2001-05-08,0.3680955171585083,0.3812789911042981,0.3588073480379828,0.3797814566373812,315436800
2001-05-09,0.35925617814064026,0.3677959794782583,0.35461250645676445,0.36165309822622294,324889600
2001-05-10,0.3445742726325989,0.367046762726961,0.3438250804493529,0.36270177810474374,288976800
2001-05-11,0.3423275649547577,0.3519152458825413,0.34097934889313997,0.3447244851867036,203044800
2001-05-14,0.3489193022251129,0.3547618468653123,0.34082918074549773,0.34292658908830054,309220800
2001-05-15,0.3472716212272644,0.38202823198123065,0.34517421260085795,0.35011739713303774,237025600
2001-05-16,0.36105406284332275,0.3670467754149214,0.3423275330178575,0.3484695889703538,322330400
2001-05-17,0.3528147041797638,0.3644997958499942,0.34832037468338295,0.36300223608573295,332119200
2001-05-18,0.35251516103744507,0.3541628891832458,0.34637225368810004,0.3499680470077792,159051200
2001-05-21,0.3529638946056366,0.3582074396366465,0.3453234547222896,0.3540125986112234,460997600
2001-05-22,0.35206547379493713,0.3615038122504466,0.35056706408731747,0.35955572211112374,412916000
2001-05-23,0.34801995754241943,0.355810567490705,0.3424769245374859,0.355810567490705,281041600
2001-05-24,0.3475710451602936,0.3490686044416122,0.338881900922516,0.34891926106424653,271756800
2001-05-25,0.3409794569015503,0.34891941239148117,0.337084150877653,0.34757119590280333,158743200
2001-05-29,0.3216530382633209,0.3370841172799304,0.3117650181960513,0.33438685946952446,515989600
2001-05-30,0.2963339388370514,0.31101582539501815,0.2891431765884961,0.31101582539501815,777078400
2001-05-31,0.29888102412223816,0.303226035183266,0.2919897739217177,0.29663344682982706,442892800
2001-06-01,0.31296396255493164,0.31595990790364303,0.29933080226940184,0.30157753000234555,456075200
2001-06-04,0.30951830744743347,0.31625939012221493,0.30652153727915854,0.31581053467850856,281920800
2001-06-05,0.3137129545211792,0.31610987428751114,0.3048736424878869,0.31161554658795515,471794400
2001-06-06,0.31056690216064453,0.31356284616754976,0.3045741890452073,0.31356284616754976,223176800
2001-06-07,0.32449954748153687,0.32509854617505807,0.3063720422935542,0.3102665214229469,325180800
2001-06-08,0.31940537691116333,0.32434938564416,0.3102665516897563,0.32434938564416,342624800
2001-06-11,0.3002292513847351,0.31566033073900907,0.2988810350009344,0.3153608187761451,294000000
2001-06-12,0.30427470803260803,0.3099670847335555,0.29603439224646133,0.2961845607577778,303794400
2001-06-13,0.30667170882225037,0.3255484157028496,0.30052879997537874,0.32090389195474356,511487200
2001-06-14,0.29783231019973755,0.30637213851829387,0.29618458196582464,0.3002292308404571,297348800
2001-06-15,0.3062218725681305,0.31086636895156883,0.28989226363813536,0.30112852096483245,454624800
2001-06-18,0.3045741617679596,0.3123639455289215,0.29963015326296183,0.3057722092227754,345912000
2001-06-19,0.30247676372528076,0.32060424544815297,0.29977948165565416,0.3123639559640235,321087200
2001-06-20,0.324648916721344,0.327346198984768,0.29933067290560356,0.2996301848008329,431620000
2001-06-21,0.3369338810443878,0.3445743222512825,0.31610994079512994,0.32285102121201215,341331200
2001-06-22,0.3334882855415344,0.3445743521688563,0.3259971620783856,0.33678456688837505,286025600
2001-06-25,0.3594065010547638,0.3595558195015546,0.33633497580009863,0.3370841683552961,439549600
2001-06-26,0.3558104932308197,0.3561100050737564,0.3447244295346838,0.3496684376968784,272781600
2001-06-27,0.3496685028076172,0.35955569587157565,0.33708405245198886,0.357009457184814,374130400
2001-06-28,0.3526645004749298,0.3582075592003595,0.34367584174149235,0.34532356998554176,348409600
2001-06-29,0.348320335149765,0.3760355014154673,0.3475711177986849,0.35446239224062204,515390400
2001-07-02,0.3580581843852997,0.3630021937857416,0.3466717558898782,0.35416287924853623,230048000
2001-07-03,0.3571588695049286,0.3622530734306513,0.35206554068724594,0.3522148591219623,112543200
2001-07-05,0.34742096066474915,0.3561101070029862,0.34472452820502464,0.35356386806154333,152292000
2001-07-06,0.33004266023635864,0.34397532775333245,0.32539813769371434,0.3409793834353097,302920800
2001-07-09,0.34008002281188965,0.34457435184299384,0.32479911408271067,0.33094117123482,337467200
2001-07-10,0.3167089819908142,0.3456230454308262,0.3122146530987114,0.34382514885364757,395270400
2001-07-11,0.3376832902431488,0.337833458838491,0.3146117583007242,0.31506143898457845,470506400
2001-07-12,0.36494943499565125,0.371691341027527,0.3490686774756787,0.3490686774756787,614801600
2001-07-13,0.37229031324386597,0.3746872333646497,0.3571587501702012,0.3615037601495438,454742400
2001-07-16,0.3589567542076111,0.3760355359653593,0.3582075617907777,0.37274007945342896,278667200
2001-07-17,0.3760354518890381,0.37783334826709747,0.344724471514414,0.35925618582927876,647830400
2001-07-18,0.31146547198295593,0.34127889733604677,0.3059224386463562,0.32629752545562984,1137012800
2001-07-19,0.29903122782707214,0.3209038520825191,0.29588511457172423,0.3180572507893246,861140000
2001-07-20,0.2993307113647461,0.30052873409651015,0.29198975612961325,0.2951358690862059,444584000
2001-07-23,0.2927389144897461,0.3071204362468247,0.29228923409057184,0.30097837956525886,241360000
2001-07-24,0.28599706292152405,0.2984313471332428,0.2806033724177413,0.2904913924571068,348376000
2001-07-25,0.2767079770565033,0.2891431084640186,0.2692177046167534,0.28644667639383764,443878400
2001-07-26,0.2785058319568634,0.28165196894006644,0.26741976834160125,0.27685812928505954,369140800
2001-07-27,0.28404897451400757,0.2883939602702614,0.27715769978889043,0.2809028365810735,334135200
2001-07-30,0.2836000621318817,0.2900416301108011,0.27730783753764077,0.28644666255807255,243359200
2001-07-31,0.28150272369384766,0.29094106292415267,0.27730790625815654,0.28869348568284214,235026400
2001-08-01,0.2855473458766937,0.2963339004013715,0.28389961778170547,0.2847981535330536,304136000
2001-08-02,0.29693371057510376,0.29768205265325864,0.2885440532876167,0.29438659717096755,252089600
2001-08-03,0.2921389639377594,0.29813167513547945,0.28464869376663143,0.2979823567918916,186054400
2001-08-06,0.2865960896015167,0.2945360443543678,0.2846488493212789,0.2852478732379961,99652000
2001-08-07,0.2883937358856201,0.29468595684966203,0.2843490903092061,0.289592607779241,168548800
2001-08-08,0.28315043449401855,0.2951358621721884,0.27775671950524156,0.2885441244797129,276169600
2001-08-09,0.2853979766368866,0.28689553608691887,0.2804539676977167,0.2840489354794195,200664800
2001-08-10,0.2849482297897339,0.28944255729482443,0.2785058127984562,0.2852477416098822,186961600
2001-08-13,0.28599706292152405,0.28959285659071254,0.2810530529018413,0.2861464063483536,147996800
2001-08-14,0.28060340881347656,0.29004174959294443,0.27970487283053747,0.2876448285365274,228950400
2001-08-15,0.27625909447669983,0.2837493654982771,0.2726632773264527,0.2810529339386258,289279200
2001-08-16,0.27940526604652405,0.2809028005069546,0.26921771118341037,0.2737120397772068,288092000
2001-08-17,0.27071613073349,0.27640848210490354,0.2695172330137634,0.26966742651954856,208426400
2001-08-20,0.27146443724632263,0.27311301515574143,0.26682076569632796,0.2717647992153201,252302400
2001-08-21,0.2684685289859772,0.27176483513587235,0.2651722478391627,0.27176483513587235,185701600
2001-08-22,0.27281343936920166,0.2734124629575767,0.263823935033697,0.26876794239119484,173975200
2001-08-23,0.2668208181858063,0.27476077200889126,0.2633751934154433,0.2726633634441732,217078400
2001-08-24,0.2782064378261566,0.2789556302284348,0.2644239129468013,0.26966745966406763,290332000
2001-08-27,0.28344985842704773,0.2891430585720505,0.2720642832385124,0.2786560188846613,175644000
2001-08-28,0.2756592631340027,0.2867461781133688,0.2756592631340027,0.2831503854128655,171735200
2001-08-29,0.26712027192115784,0.2821016655370925,0.26712027192115784,0.27625912155143156,239971200
2001-08-30,0.26712027192115784,0.2723637921907349,0.25887998286808683,0.2657720560092005,368692800
2001-08-31,0.2779068648815155,0.27865605711933644,0.26442385490241027,0.265621902401657,216904800
2001-09-04,0.2734125852584839,0.2858468683367664,0.27236385595596535,0.27715769701003445,348213600
2001-09-05,0.2779068648815155,0.28389957768249974,0.27146444671444364,0.2732623430648973,360057600
2001-09-06,0.2654725909233093,0.28360009989477597,0.2644238866846285,0.27565929629762365,282368800
2001-09-07,0.25887995958328247,0.2711648952672643,0.25768191225887244,0.2621762399283364,241830400
2001-09-10,0.2602289617061615,0.262176200868957,0.25348705865565224,0.25468508079850466,308845600
2001-09-17,0.25453588366508484,0.2557339313815001,0.2356591812128642,0.23970382990836528,458007200
2001-09-18,0.24389863014221191,0.2654725886581326,0.24225090209596797,0.2531876498095967,327101600
2001-09-19,0.2549854516983032,0.25618349888655484,0.23371101298870298,0.24719484456919052,373318400
2001-09-20,0.2349100261926651,0.2539369001857985,0.23221359330023353,0.24404885444131022,411174400
2001-09-21,0.23565927147865295,0.2434499100294557,0.21992867590925064,0.22172659827735688,570516800
2001-09-24,0.2464457005262375,0.25228824505309705,0.2389546029751348,0.24135234826464955,294537600
2001-09-25,0.2328125536441803,0.24300008357885414,0.22996595299020567,0.24180121089762946,374404800
2001-09-26,0.22696998715400696,0.23805605170928007,0.22367368142018243,0.23685717914312857,493796800
2001-09-27,0.23236294090747833,0.23595873489649072,0.22771926753203967,0.2284676099332742,322240800
2001-09-28,0.23236294090747833,0.23835565585520596,0.23056504391297214,0.2353597109322817,365108800
2001-10-01,0.2328125536441803,0.23955445913508658,0.22816805651918806,0.23206336135611974,208208000
2001-10-02,0.22547166049480438,0.23715757687824102,0.22292454632447697,0.2311648627150764,235883200
2001-10-03,0.2244229018688202,0.23011610271223484,0.22217530018495074,0.22397319650926967,683043200
2001-10-04,0.2379058599472046,0.24344974178702972,0.22457304514960924,0.22996590841571996,401122400
2001-10-05,0.24180124700069427,0.2419514155213834,0.22457312220954512,0.23071517972608316,342686400
2001-10-08,0.24270059168338776,0.24494734363107132,0.2322135489896462,0.23326225325902034,207984000
2001-10-09,0.23970375955104828,0.24270052816594764,0.2341607277352735,0.24045295170477313,174025600
2001-10-10,0.25198882818222046,0.2524385086866441,0.2389546693655928,0.24120224678586796,307759200
2001-10-11,0.2657720744609833,0.2657720744609833,0.2524384326924088,0.2534871368191327,334163200
2001-10-12,0.2698167562484741,0.270865460506456,0.2525877826923485,0.25932971366865576,287812000
2001-10-15,0.2695172131061554,0.27535975755180064,0.26891818934291034,0.26891818934291034,318752000
2001-10-16,0.2698167562484741,0.27266335710609596,0.2662209630491941,0.2710156290154668,202949600
2001-10-17,0.25453588366508484,0.27580950665186904,0.2540862032205626,0.27476077734605636,285538400
2001-10-18,0.2696674168109894,0.2731130412325102,0.25903018154875107,0.25903018154875107,612572800
2001-10-19,0.27416181564331055,0.2756593504886816,0.2678695639711691,0.26876809988024347,166790400
2001-10-22,0.2849482297897339,0.2856974218908211,0.2710155419904496,0.27281346301584614,391938400
2001-10-23,0.271764874458313,0.29094106500095984,0.26771937541234764,0.2864467355880345,684980800
2001-10-24,0.28389972448349,0.2859971337932994,0.2659215517811711,0.27056605099632336,374427200
2001-10-25,0.28749531507492065,0.288393850526495,0.27206426822887464,0.27625908387240466,254951200
2001-10-26,0.2797047793865204,0.288393924726372,0.27895558710007223,0.28255138003436847,278964000
2001-10-29,0.2641235888004303,0.2797048362874263,0.2636747334185595,0.2782064514097106,239181600
2001-10-30,0.26367464661598206,0.2696673840552955,0.2555845260821392,0.2603783659905152,276763200
2001-10-31,0.2630749046802521,0.27565935837855243,0.26127783281066785,0.26562199414829907,273750400
2001-11-01,0.2785058319568634,0.2813524570993147,0.2584311127130908,0.26442382483259436,312995200
2001-11-02,0.2782064378261566,0.2825514237186642,0.272064380290299,0.2774572204207947,197204000
2001-11-05,0.28569746017456055,0.2883938920186528,0.278805361978796,0.2822518361289886,235793600
2001-11-06,0.2931876480579376,0.2939368400449525,0.27760726007247216,0.28404882597844733,316019200
2001-11-07,0.29348722100257874,0.30157734100669353,0.28959274202048574,0.29153998151153226,382989600
2001-11-08,0.2803037762641907,0.29798242724560686,0.2782063681041544,0.2940870977879538,342143200
2001-11-09,0.2803037762641907,0.28839389703883883,0.2779068562386575,0.2786560484531787,134293600
2001-11-12,0.2809027433395386,0.28719499211370425,0.2690674879274576,0.2795545525490173,201499200
2001-11-13,0.29019176959991455,0.29049128144091574,0.2803037533394229,0.28584678515167117,224672000
2001-11-14,0.2937876880168915,0.2981318492285771,0.28689561230915933,0.2934873509454663,221149600
2001-11-15,0.29138994216918945,0.298131849343815,0.28809448540068444,0.29138994216918945,213029600
2001-11-16,0.284199059009552,0.2889928986944296,0.2756592335351367,0.2886933868518116,230664000
2001-11-19,0.2996302545070648,0.30037944697025093,0.28404900651410414,0.28464885554575203,332589600
2001-11-20,0.2925887703895569,0.3026261327971706,0.29213908995288207,0.29693378104315254,276584000
2001-11-21,0.2948363125324249,0.29663338386272986,0.2885440875714951,0.29378760837226997,201583200
2001-11-23,0.29723337292671204,0.2988811016407615,0.293187897771487,0.29528530708100814,60004000
2001-11-26,0.32015460729599,0.32285103961645567,0.2978322811919665,0.2987308169315586,460689600
2001-11-27,0.31461164355278015,0.3224022554213235,0.3071205186604212,0.31760758844736614,268553600
2001-11-28,0.3075702488422394,0.3177577824635929,0.30577235172059614,0.3123640910986631,250611200
2001-11-29,0.30592235922813416,0.3101171752697347,0.3024767353513199,0.3086187909401622,202764800
2001-11-30,0.31910592317581177,0.3212033318021718,0.3033753334750284,0.30667163993456636,303912000
2001-12-03,0.31536081433296204,0.3188064395100903,0.3086189074071203,0.3155101577613768,181165600
2001-12-04,0.33558565378189087,0.3379825739726735,0.3104167291231721,0.3153607379986177,380419200
2001-12-05,0.35596075654029846,0.36000540486568694,0.332140046683288,0.33498664740189066,568579200
2001-12-06,0.34127894043922424,0.3520655215544721,0.3316904321718458,0.35176600959327614,338934400
2001-12-07,0.3376832902431488,0.34023038064876027,0.32959313844153626,0.3364844167869281,203515200
2001-12-10,0.3376832902431488,0.3444252000922745,0.33303879011578025,0.3339381514834888,170010400
2001-12-11,0.32629743218421936,0.34232750376512155,0.3243493425835268,0.3396302470223807,205475200
2001-12-12,0.32195255160331726,0.3283949715510833,0.3183567579085274,0.3276457791061845,192460800
2001-12-13,0.31461164355278015,0.3228511108392951,0.3071205186604212,0.32195257490148066,197842400
2001-12-14,0.3054726719856262,0.31206440774424354,0.3009783191971975,0.31056684855011535,189884800
2001-12-17,0.3089185059070587,0.31461171002164917,0.3024769342371156,0.305623048336961,173712000
2001-12-18,0.314761757850647,0.31955559889661334,0.3029256485438832,0.31296386118297737,235239200
2001-12-19,0.32389968633651733,0.32479904701806567,0.3066715661248398,0.3083192939056214,289956800
2001-12-20,0.30966758728027344,0.3216530152873924,0.30891839489210987,0.3206043109643132,220864000
2001-12-21,0.31461164355278015,0.322701767400595,0.31161569865819416,0.3147618120933515,256334400
2001-12-24,0.32000523805618286,0.3213534541075741,0.3131131642022839,0.3131131642022839,50629600
2001-12-26,0.32195255160331726,0.33408734894905373,0.3167090295908369,0.3198551427983251,146400800
2001-12-27,0.33064162731170654,0.33333803424206954,0.32330067363304005,0.32330067363304005,191508800
2001-12-28,0.3360353410243988,0.34457431780959313,0.32899392370051744,0.3291432420927532,299124000
2001-12-31,0.3280945420265198,0.3394809696879171,0.3270458378396559,0.33723339281536224,137782400
2002-01-02,0.3490685522556305,0.3490685522556305,0.32899383497335316,0.33034205067574696,529496800
2002-01-03,0.3532635271549225,0.3558106163535082,0.34112875525871267,0.3445743802970327,612007200
2002-01-04,0.35491207242012024,0.35880737756594777,0.3444250047558504,0.3496685260864444,409976000
2002-01-07,0.34307679533958435,0.3595557269022429,0.3408292182528288,0.35536090975500895,444584000
2002-01-08,0.3387318253517151,0.34532356330211034,0.3364842481609682,0.3408292340223753,450038400
2002-01-09,0.3243494927883148,0.34352571020134187,0.31880645846922445,0.34157846980344764,327835200
2002-01-10,0.3180572986602783,0.32150292439638256,0.30337540958912423,0.3179079552076359,452737600
2002-01-11,0.31536081433296204,0.3271960747593815,0.3086189074071203,0.3204541678335398,348801600
2002-01-14,0.3168591558933258,0.32060429251690126,0.3131131941680487,0.3147617473678513,415996000
2002-01-15,0.32509860396385193,0.32599713966846955,0.3177576745203416,0.3194054025296358,290320800
2002-01-16,0.3113153278827667,0.32075366716670833,0.3071204854201528,0.32075366716670833,566893600
2002-01-17,0.3367844820022583,0.3406789611100433,0.3276456577230578,0.3289938735836766,660576000
2002-01-18,0.33214014768600464,0.3385817182854825,0.3289940341089828,0.32959303309144883,338811200
2002-01-22,0.32689642906188965,0.3351358917798426,0.32689642906188965,0.33363833271384175,327314400
2002-01-23,0.34487390518188477,0.3451742422415115,0.3234509367278415,0.32659707494069806,443279200
2002-01-24,0.3477204144001007,0.35221474278139653,0.3430767426303315,0.3432260860188049,344002400
2002-01-25,0.348320335149765,0.35086657400783094,0.33948099558269174,0.3429266203021193,185914400
2002-01-28,0.34861990809440613,0.35281475120007444,0.34037961533467603,0.3505671485983576,186446400
2002-01-29,0.3456230163574219,0.35266443356668603,0.3423275604945439,0.34787059316525354,240324000
2002-01-30,0.3609047532081604,0.361653120385727,0.3436757810884675,0.345623020933073,471576000
2002-01-31,0.3703431189060211,0.3704924623122397,0.3612042925674739,0.36195348490364226,468445600
2002-02-01,0.36569860577583313,0.37393807091641196,0.3646499015705782,0.3646499015705782,398305600
2002-02-04,0.3797815442085266,0.3823277834423788,0.3625525679638667,0.3643504648440635,522373600
2002-02-05,0.38127902150154114,0.38921982528604343,0.37573598826654714,0.3758861567763371,456887200
2002-02-06,0.36959391832351685,0.3892198117302287,0.3618033083232191,0.3835266101837285,597576000
2002-02-07,0.36405080556869507,0.3788820049007124,0.3607545251051953,0.36929432555506336,347832800
2002-02-08,0.3600054383277893,0.3691442651364339,0.3501173941413554,0.36554847177853633,355331200
2002-02-11,0.37423765659332275,0.37453801865853653,0.35566131423959274,0.3585070654103553,398602400
2002-02-12,0.3701929450035095,0.37513695426882127,0.366297639973213,0.3694437526782587,224280000
2002-02-13,0.3746872544288635,0.3781328788650461,0.3692943901293211,0.3704924377062696,312872000
2002-02-14,0.36854517459869385,0.37798353663233075,0.3652488937667084,0.37528625454796066,260170400
2002-02-15,0.3580581843852997,0.37423760366655234,0.35730899203957184,0.3674965227584064,260187200
2002-02-19,0.33888188004493713,0.35760840827383206,0.3367844720787742,0.35596068061512737,390258400
2002-02-20,0.3465225398540497,0.34757124450320365,0.33483662014833204,0.3411288480432556,285443200
2002-02-21,0.32210275530815125,0.34457440385571625,0.32135353783650683,0.3433763559874929,446751200
2002-02-22,0.3406790792942047,0.34382519242756104,0.32210273754639857,0.3244996582525093,406476000
2002-02-25,0.35670995712280273,0.37034311212712206,0.334986655175237,0.3423275847929474,426848800
2002-02-26,0.3546125590801239,0.3650996016992779,0.34832033350863156,0.3582075271911903,260131200
2002-02-27,0.32899394631385803,0.3633016995160626,0.31371303804363465,0.3586572021126748,1030159200
2002-02-28,0.32509860396385193,0.3384322717461981,0.31985508293277315,0.3318405346073644,456937600
2002-03-01,0.3513162136077881,0.35206543087179587,0.32689650638923545,0.32854420929923417,348992000
2002-03-04,0.3639007806777954,0.36824576685292765,0.34097942716252355,0.34846970146898965,348258400
2002-03-05,0.35251516103744507,0.3659981483336539,0.35056707086048394,0.36180333116127,274702400
2002-03-06,0.360604465007782,0.364649938842497,0.34352565907368393,0.35176597516126606,226206400
2002-03-07,0.36524897813796997,0.36749655537463155,0.35371320521059607,0.3604551368218893,258249600
2002-03-08,0.3694436848163605,0.3758860775487919,0.3640508212278395,0.37064255733688084,269774400
2002-03-11,0.3754364550113678,0.37663535271952553,0.3610541080587167,0.36854520598672535,262785600
2002-03-12,0.3703431189060211,0.37064263082015014,0.36105412405956344,0.36719700615512907,254055200
2002-03-13,0.3668966293334961,0.3722903185077144,0.3618032771425141,0.3650995580436923,200765600
2002-03-14,0.36599820852279663,0.36854529796825386,0.35760857279833624,0.364050968130416,217296800
2002-03-15,0.3737887442111969,0.3739380876176712,0.36330170169026305,0.3664478144465432,240900800
2002-03-18,0.37064266204833984,0.37528633476112566,0.3643504360164094,0.3737887750643051,304556000
2002-03-19,0.37229031324386597,0.37903224334399227,0.3640508487598224,0.3698933931230822,242345600
2002-03-20,0.3733389973640442,0.376635303045096,0.36704677297099425,0.3694436929633638,294319200
2002-03-21,0.3636012375354767,0.36405091798788214,0.3484696715843877,0.357458330022011,616352800
2002-03-22,0.3609047532081604,0.36794534540901574,0.3576084722000253,0.3628519930527659,202193600
2002-03-25,0.3498178720474243,0.36090478873159126,0.34817014393198736,0.3606044517090479,262830400
2002-03-26,0.35146641731262207,0.35416284944900056,0.34457431836977187,0.3475710875005328,257840800
2002-03-27,0.35161563754081726,0.35536077280706624,0.34846952589283153,0.3498177415846251,127702400
2002-03-28,0.3546125590801239,0.3577586718658701,0.35146644629437773,0.35506138940236226,108455200
2002-04-01,0.3664478063583374,0.37004277435638605,0.3487691528663444,0.3502675375081751,199046400
2002-04-02,0.360604465007782,0.3640509149787395,0.3576085205872537,0.3595557356922529,203795200
2002-04-03,0.3558104932308197,0.3668965819300312,0.35356376686112234,0.36030484608093705,214530400
2002-04-04,0.37303945422172546,0.3752862055442456,0.35461246293056076,0.35461246293056076,338497600
2002-04-05,0.37064266204833984,0.3773837434384358,0.36105415447988143,0.3737887750643051,278348000
2002-04-08,0.3679453134536743,0.36974320974727426,0.35626022519761064,0.36195342594375096,261514400
2002-04-09,0.36105406284332275,0.37453789740788507,0.35970584690748464,0.36839499135075954,191531200
2002-04-10,0.3694436848163605,0.37378866946402745,0.3597058365801725,0.36270178022918104,224980000
2002-04-11,0.37244051694869995,0.377533869549258,0.3707919638147433,0.3749867806981447,407254400
2002-04-12,0.3754364550113678,0.3770841830169007,0.3680955255846145,0.3746872627084014,320241600
2002-04-15,0.37453797459602356,0.3767847015818514,0.3715411801387647,0.3754364853681608,299370400
2002-04-16,0.3856240510940552,0.3893691879048583,0.37633503066994944,0.37678471111980355,614577600
2002-04-17,0.39116689562797546,0.39206543099185415,0.3802301523069871,0.38847046443499517,396250400
2002-04-18,0.38068002462387085,0.3823277277284296,0.37274004590029447,0.3820282158090137,401710400
2002-04-19,0.37423765659332275,0.3818789495424814,0.373489289243459,0.3818789495424814,375407200
2002-04-22,0.3674965500831604,0.37348926419286177,0.3630022207763253,0.37214022280922393,269427200
2002-04-23,0.36330169439315796,0.37124164782761737,0.3609047740224727,0.3676458547207511,233469600
2002-04-24,0.3561100363731384,0.3670467826628868,0.35476182041067744,0.36405083886870343,140448000
2002-04-25,0.3613536059856415,0.36464988697089185,0.3528146292856775,0.35296394767642286,194202400
2002-04-26,0.34472447633743286,0.3650995604414562,0.3445743078448285,0.3637505193128402,304981600
2002-04-29,0.3589567542076111,0.36045513904127796,0.34592259637554246,0.3469713007387531,272288800
2002-04-30,0.3636012375354767,0.36524896572529986,0.3558106018321878,0.3579080354774997,280963200
2002-05-01,0.35925617814064026,0.36390067492609457,0.34996798466823203,0.36390067492609457,214704000
2002-05-02,0.35491207242012024,0.36464992273383695,0.35356385623535386,0.3567099690337102,239344000
2002-05-03,0.3522148132324219,0.3598561056238899,0.3510167654786227,0.35311419915261366,230781600
2002-05-06,0.3393307030200958,0.35206534308021453,0.3364841031790431,0.3498177418548148,249664800
2002-05-07,0.33663439750671387,0.3438251589243599,0.33169038805008333,0.3436758155145384,242748800
2002-05-08,0.36509954929351807,0.3673463009027271,0.3451741461741017,0.34757106627132983,436682400
2002-05-09,0.36240243911743164,0.3647993601862342,0.35655989244335556,0.3633018002069307,224616000
2002-05-10,0.3493691384792328,0.3639008338253616,0.3442749341059984,0.3639008338253616,235396000
2002-05-13,0.3586571514606476,0.360904728142133,0.34367575721904914,0.3523649018712967,265608000
2002-05-14,0.3836759030818939,0.3847246072390889,0.36285198843257305,0.36629761279169676,526506400
2002-05-15,0.3787327706813812,0.38921981298415465,0.37214018328654874,0.3800809868200698,335826400
2002-05-16,0.3776840567588806,0.381278999666156,0.3707919576325037,0.37543645484787974,227052000
2002-05-17,0.3746872544288635,0.3862230254190767,0.3686945412392098,0.3818788653001828,236493600
2002-05-20,0.37064266204833984,0.37348926312494096,0.3674965490323746,0.36809557291110284,269914400
2002-05-21,0.35146641731262207,0.3745379341753762,0.35056703152966084,0.3719908204314762,280991200
2002-05-22,0.36435040831565857,0.36509960065799013,0.34936903677412373,0.3501173790116749,290875200
2002-05-23,0.37723442912101746,0.37813296500842647,0.36060450183843806,0.36629770443083687,369398400
2002-05-24,0.361803263425827,0.3743877125869657,0.35895666300582124,0.3743877125869657,166174400
2002-05-28,0.35925617814064026,0.362552458946803,0.3510166887745231,0.354912018329765,149716000
2002-05-29,0.35925617814064026,0.3661482516259662,0.3513162006475236,0.3583576425216387,221793600
2002-05-30,0.3625524640083313,0.36524889600455884,0.3522147411837304,0.35611004579027583,196375200
2002-05-31,0.3490685522556305,0.3633015765648804,0.348769040444144,0.36090465697157925,365495200
2002-06-03,0.3432261645793915,0.35131628755809907,0.33828215469786,0.35041777671989705,235110400
2002-06-04,0.34127894043922424,0.34517424613841485,0.3322894310911522,0.3427765002452041,347821600
2002-06-05,0.340379536151886,0.3420280893814727,0.3348365028203727,0.3420280893814727,277082400
2002-06-06,0.3319898545742035,0.3480199284375157,0.33019193318713475,0.34397528039973746,259996800
2002-06-07,0.32060423493385315,0.32869438066809725,0.3135628182770681,0.3259970986869287,612376800
2002-06-10,0.3218023478984833,0.32719603785110196,0.3197049393227518,0.3218023478984833,277575200
2002-06-11,0.306521475315094,0.325098641256456,0.30577228292447634,0.32420013045184926,349496000
2002-06-12,0.30097848176956177,0.3108665283022954,0.2987309041121225,0.30577234898620503,528718400
2002-06-13,0.2927389144897461,0.30037938077054,0.2903411690952498,0.2999296753682854,352083200
2002-06-14,0.301128625869751,0.3050230813368849,0.2713151727215459,0.28824381124316345,424900000
2002-06-17,0.3077203929424286,0.3090686094010432,0.2973826665868432,0.30322606304642263,324609600
2002-06-18,0.30187687277793884,0.3084694590356152,0.29933063444788743,0.30592237060095323,353360000
2002-06-19,0.25648316740989685,0.26367475533936635,0.2528881985470356,0.26022912991560954,1709467200
2002-06-20,0.2563337981700897,0.2636747287997787,0.2524384926173459,0.25723233401989654,396636800
2002-06-21,0.252438485622406,0.2620261681618376,0.2515390996926457,0.2542363823739913,445177600
2002-06-24,0.25873062014579773,0.26562186767014884,0.25019079487008933,0.2512394988455982,431933600
2002-06-25,0.2567826807498932,0.26487280466245466,0.25258783779969096,0.26067798671533965,301201600
2002-06-26,0.24794402718544006,0.25903008876211026,0.23940420333460674,0.2516891621583863,558952800
2002-06-27,0.2555845379829407,0.25873065027584263,0.24599600761510712,0.25153903997380506,251658400
2002-06-28,0.2654725909233093,0.2669701504773657,0.2546851865209258,0.2561835961797462,269858400
2002-07-01,0.2555845379829407,0.26786947528402033,0.2554343694968908,0.2653223867321745,222689600
2002-07-02,0.25378668308258057,0.2570829643995685,0.25213895497493977,0.2551348992708054,305188800
2002-07-03,0.2629254162311554,0.2648726555668476,0.2509399680966142,0.2518393536403248,199029600
2002-07-05,0.280753493309021,0.28090281170742964,0.26532241695425396,0.26532241695425396,161649600
2002-07-08,0.2698167562484741,0.2788054141449762,0.2648727468748886,0.2774571979706707,211204000
2002-07-09,0.2626260817050934,0.27401166379489117,0.2615773771006921,0.2710157185403035,226749600
2002-07-10,0.259479820728302,0.27221361221581225,0.25843111671867164,0.26532236446724194,206880800
2002-07-11,0.27416181564331055,0.27491100811846164,0.2542364061882161,0.25858056740150953,373676800
2002-07-12,0.2623264491558075,0.28150266024227694,0.2585804879313079,0.27790686750739385,443492000
2002-07-15,0.27311310172080994,0.278656135722358,0.2518394765894256,0.26112764773491925,295993600
2002-07-16,0.26756995916366577,0.278206368358623,0.2638239980876334,0.27191411886968136,446768000
2002-07-17,0.2341606169939041,0.24270041338586004,0.22756888430063493,0.24165170988690585,1215485600
2002-07-18,0.22457313537597656,0.2331121140118358,0.22097734168624086,0.23221357814030708,559462400
2002-07-19,0.22412346303462982,0.22726957635203518,0.2176810428617821,0.22022813224306464,385207200
2002-07-22,0.22352434694766998,0.2275689945018007,0.21887982559979582,0.22097725861645792,430897600
2002-07-23,0.21678245067596436,0.226670493567119,0.21633277028969924,0.22322401907150857,399890400
2002-07-24,0.22771918773651123,0.22801869961366322,0.21348616030678935,0.2146850329169872,406593600
2002-07-25,0.21513472497463226,0.2239732136864926,0.20989120408554782,0.22367370179306417,479354400
2002-07-26,0.21483442187309265,0.21768102296221117,0.20674512416940627,0.2166323186189446,207704000
2002-07-29,0.22502195835113525,0.22622085624527397,0.21528410710528278,0.2169318353664222,274960000
2002-07-30,0.2311648577451706,0.2323629054909836,0.21813070034497448,0.22247571118101325,354838400
2002-07-31,0.22861771285533905,0.23101463286392615,0.22322399900677667,0.23071512100054678,310699200
2002-08-01,0.22172655165195465,0.23101472346565444,0.22067784716805908,0.2263702000047796,228956000
2002-08-02,0.216483011841774,0.2247224794613099,0.21348624172419392,0.22082717336959862,179060000
2002-08-05,0.2095908522605896,0.22022806178363938,0.20929134038835354,0.21738146134503236,204024800
2002-08-06,0.2208271026611328,0.22816805695906434,0.21093990970393314,0.21288714957533356,272053600
2002-08-07,0.22517205774784088,0.2301160655662493,0.21498450528584032,0.22607056821109656,333474400
2002-08-08,0.2292167842388153,0.23041565704314385,0.22127680534994223,0.22127680534994223,227348800
2002-08-09,0.22472238540649414,0.22846752138408355,0.22097727443198226,0.22846752138408355,205716000
2002-08-12,0.22457313537597656,0.22502196575775055,0.2200779557098166,0.2232240689128827,179765600
2002-08-13,0.21858035027980804,0.22786854442302995,0.2179805013889061,0.22322402229905997,269869600
2002-08-14,0.22726956009864807,0.22996599272020332,0.21783119581833899,0.21977843602239971,399084000
2002-08-15,0.2338613122701645,0.23595872112435637,0.22487265292415107,0.2284675965983721,322078400
2002-08-16,0.23685714602470398,0.24120213023021353,0.22891719482652345,0.23146428298497543,245224000
2002-08-19,0.23940430581569672,0.2434498044104715,0.23550900073179223,0.23640836157514236,216557600
2002-08-20,0.2383555918931961,0.24105202411043633,0.23266239045532655,0.23925495270004796,186625600
2002-08-21,0.24150173366069794,0.24329963038973207,0.23146437078382767,0.23985400545148217,202428800
2002-08-22,0.23925499618053436,0.2434498387735104,0.2346104981054958,0.24270062132911513,258311200
2002-08-23,0.23565927147865295,0.23865521701897666,0.2314644526609703,0.23820636150426,163245600
2002-08-26,0.23266230523586273,0.23895452817248197,0.22711927432998708,0.23895452817248197,189968800
2002-08-27,0.22247573733329773,0.23580855813239912,0.22037832842981883,0.23535970272583243,262231200
2002-08-28,0.22022806107997894,0.22652031068463852,0.2194788688509944,0.221726470541026,247973600
2002-08-29,0.22022806107997894,0.22592128694208038,0.2173814606504672,0.2194788688509944,164169600
2002-08-30,0.2209772765636444,0.22681982076129364,0.2184301630224868,0.22067776469473513,193519200
2002-09-03,0.21049024164676666,0.2179805147775409,0.21049024164676666,0.21708197903845597,276936800
2002-09-04,0.2169318050146103,0.2214269839038723,0.2122881328282249,0.21273698813550876,420660800
2002-09-05,0.2124374657869339,0.21513472300638234,0.21049022594664688,0.21303731466993756,226178400
2002-09-06,0.2154342532157898,0.21947890173644452,0.21318667619207224,0.21738149322165376,181591200
2002-09-09,0.21528401970863342,0.21768093941590597,0.2119885645241768,0.21393580394213313,158244800
2002-09-10,0.2146851122379303,0.2170820332423402,0.21153899871303697,0.21588316018918785,249468800
2002-09-11,0.21408607065677643,0.21872974373886583,0.21198866181266285,0.2148344380138225,202412000
2002-09-12,0.211838498711586,0.21738153292717427,0.21153898674072286,0.2127370346241754,269830400
2002-09-13,0.21228811144828796,0.2148343749386836,0.2104902150952186,0.21168826259620838,282951200
2002-09-16,0.2172321379184723,0.21887984072521965,0.21153891217038154,0.2118384240356627,286641600
2002-09-17,0.22172655165195465,0.22517217708448642,0.21828092621942286,0.21828092621942286,427996800
2002-09-18,0.22502195835113525,0.22607066271763912,0.217531684362841,0.22007794846593376,328641600
2002-09-19,0.21843019127845764,0.22172649746907985,0.216931806638514,0.22097730514910804,205945600
2002-09-20,0.2227751612663269,0.22382386530362847,0.2175316160767426,0.21902917534322752,352788800
2002-09-23,0.22247573733329773,0.22412346572835964,0.21648299759143586,0.22112667080496037,263709600
2002-09-24,0.21932964026927948,0.22202607331636445,0.21573382113547024,0.21573382113547024,250661600
2002-09-25,0.22367370128631592,0.22726951920565988,0.219478884584552,0.22007790837005173,254682400
2002-09-26,0.22022806107997894,0.2275690147849021,0.21798048439302534,0.22622079881335946,208644800
2002-09-27,0.22052758932113647,0.22247567928449674,0.21693179639572263,0.21708196489329612,206152800
2002-09-30,0.2172321379184723,0.2182808419977349,0.2118384240356627,0.2157337284874319,237697600
2002-10-01,0.21738147735595703,0.21872969343110837,0.20974103619567463,0.21858035003477888,342423200
2002-10-02,0.21228811144828796,0.21917935988373327,0.21123940733412955,0.21468503155185223,229348000
2002-10-03,0.2142353653907776,0.21872969402060713,0.2106395724462582,0.2124374689185179,217896000
2002-10-04,0.2101908028125763,0.2157338378850166,0.20959095367627617,0.21513481385069216,190825600
2002-10-07,0.206295445561409,0.21288718362092726,0.20614526453729443,0.20929139009690917,244697600
2002-10-08,0.20494721829891205,0.209142035485217,0.20015253965464488,0.20824267460144982,453644800
2002-10-09,0.2035990059375763,0.20749347366714943,0.20090173583529022,0.20284981355413303,356686400
2002-10-10,0.2113887518644333,0.21303730483958885,0.2034487992718797,0.2041979915148433,321574400
2002-10-11,0.21738147735595703,0.22142697568612815,0.21123942076879265,0.2134861725268325,294677600
2002-10-14,0.22127678990364075,0.2244229275590295,0.21633278072120452,0.21798050874812794,194404000
2002-10-15,0.2271193563938141,0.22846754749267362,0.22142698008580694,0.22801871719620975,405518400
2002-10-16,0.2181306630373001,0.22667048972659357,0.20824264531675982,0.2226249915189242,307624800
2002-10-17,0.2113887518644333,0.21543422495611886,0.20944151211399928,0.21288713635036047,469296800
2002-10-18,0.21483442187309265,0.21498459039431572,0.20869236433471633,0.2097410686779829,288299200
2002-10-21,0.2181306630373001,0.21917936718639947,0.20974102984450524,0.21363633455567604,238520800
2002-10-22,0.22022806107997894,0.22292449302306425,0.21363632460711832,0.2167824369079091,218148000
2002-10-23,0.22292445600032806,0.22442286521252308,0.2172321061913276,0.2191793205789619,209036800
2002-10-24,0.22007794678211212,0.2278685827629854,0.21798053806515175,0.22502195662948687,174748000
2002-10-25,0.2310146987438202,0.23146437921790344,0.21858038980599315,0.2200779495499585,279070400
2002-10-28,0.2338613122701645,0.2389546658724172,0.2284675965983721,0.23296277637629553,349300000
2002-10-29,0.23131413757801056,0.2379058736732804,0.22412337777449615,0.23326220228209518,259179200
2002-10-30,0.23940430581569672,0.24524685089070788,0.23191403266346522,0.23206337606956282,270676000
2002-10-31,0.24075253307819366,0.2462955664948632,0.23850578106962103,0.23955448536741605,295836800
2002-11-01,0.24509750306606293,0.24719493653022795,0.23805608536075598,0.23880527768281112,189828800
2002-11-04,0.2530375123023987,0.2603784428098106,0.2449473643786476,0.24719496662149681,376818400
2002-11-05,0.25318774580955505,0.2540862818750156,0.24494742724746166,0.2509401429898305,210694400
2002-11-06,0.257981538772583,0.25947992369564776,0.2501909022917562,0.2558841299210243,216389600
2002-11-07,0.23970375955104828,0.25618353663159765,0.23685715940749022,0.2537866168005727,336179200
2002-11-08,0.2373068630695343,0.2427005520461639,0.23251302293580048,0.23985395162251816,190064000
2002-11-11,0.2271193563938141,0.23805607881193763,0.22652033259331933,0.23580850190760203,152975200
2002-11-12,0.23431093990802765,0.24030365315403848,0.22891725045612446,0.2295162742502321,223792800
2002-11-13,0.23356172442436218,0.2407524845446219,0.22891722772706533,0.23221350847066116,231739200
2002-11-14,0.24419821798801422,0.2458467966516682,0.2364084306459746,0.2382063277562706,141713600
2002-11-15,0.23895467817783356,0.2432996646431974,0.2361089018164511,0.24314949610223724,160994400
2002-11-18,0.23446029424667358,0.24270058475758324,0.23251305427413463,0.24255041625122642,164578400
2002-11-19,0.22876787185668945,0.2359586315844351,0.22487256759109137,0.23296268797325387,210952000
2002-11-20,0.23266230523586273,0.2352093931201197,0.22846746494171188,0.2292166819755268,208740000
2002-11-21,0.24494725465774536,0.24629547035697824,0.2359585999285881,0.23820617616158096,418482400
2002-11-22,0.23985397815704346,0.2441981384145835,0.23820625013533264,0.24105202577222828,227858400
2002-11-25,0.23925499618053436,0.24180126035881985,0.23535969054680597,0.240153532049022,199427200
2002-11-26,0.23086528480052948,0.23820621315986548,0.22876787669786203,0.23745702096583637,240262400
2002-11-27,0.23550891876220703,0.23760632653109337,0.2314642716799565,0.23371102280296102,286798400
2002-11-29,0.2322135865688324,0.23790596416541476,0.23086537016169867,0.23655774775828103,143432800
2002-12-02,0.22741885483264923,0.24120220365819828,0.2248726160035768,0.23820625940202472,398742400
2002-12-03,0.2271193563938141,0.22981661369934753,0.22622082069307198,0.22771920529596237,227869600
2002-12-04,0.2242727428674698,0.2275690491556201,0.21723217507818868,0.22741885564343134,325757600
2002-12-05,0.21917937695980072,0.22592130753675074,0.21768099236524102,0.22517211523947087,243398400
2002-12-06,0.22397324442863464,0.22756906284968037,0.21753167508167892,0.21947891520705556,245358400
2002-12-09,0.2209772765636444,0.22397319535122676,0.21977837898336222,0.22382387697063352,236084800
2002-12-10,0.22891730070114136,0.2314643900376262,0.22067783386792536,0.220977345830719,308610400
2002-12-11,0.2320634126663208,0.2320634126663208,0.2259213547088113,0.2292168113829506,253500800
2002-12-12,0.2275690734386444,0.23296276381656067,0.22487264080057948,0.23236291481782345,149340800
2002-12-13,0.22157630324363708,0.22697001787204027,0.2194788947951792,0.22681984936786273,164780000
2002-12-16,0.22247573733329773,0.22622087463183857,0.218879918466576,0.22187586328503858,251624800
2002-12-17,0.22592122852802277,0.22756895594480905,0.2196290055533546,0.2224756052468512,222661600
2002-12-18,0.21828091144561768,0.2226250475235754,0.21723220703270107,0.2217265366449408,150701600
2002-12-19,0.212737038731575,0.22352444550509962,0.21123947884834532,0.217681049100893,347519200
2002-12-20,0.211838498711586,0.21813072540525616,0.20644479542896207,0.21408607614583167,318096800
2002-12-23,0.2170819789171219,0.21798051465570462,0.21153894577497429,0.21213796960069609,125826400
2002-12-24,0.21513472497463226,0.216782452939306,0.2142353641927122,0.21633277254834596,39340000
2002-12-26,0.21573375165462494,0.2218758083063638,0.2139358551683086,0.21603326355207003,85422400
2002-12-27,0.2106395661830902,0.2154342316670977,0.20989119901840345,0.21438552751459838,80035200
2002-12-30,0.2107897698879242,0.21198864273459295,0.2073441449686615,0.21093993840691505,155041600
2002-12-31,0.2146851122379303,0.21513479277059927,0.20899190916377244,0.20974110168425583,200726400
2003-01-02,0.22172655165195465,0.22352444863890072,0.21498461922328868,0.21513478776464903,181428800
2003-01-03,0.22322393953800201,0.22367361976404843,0.21858026924040713,0.2217264056231383,147453600
2003-01-06,0.22322393953800201,0.23041554775248654,0.22292442775441515,0.2251720287863857,390532800
2003-01-07,0.22247573733329773,0.22472246466859574,0.21678250956309708,0.22157635131337736,342344800
2003-01-08,0.2179805487394333,0.22037831962369733,0.21633282041021312,0.21843022922988145,229644800
2003-01-09,0.21992860734462738,0.2235244259567203,0.21723219969185167,0.21902924639147936,215252800
2003-01-10,0.22052758932113647,0.22202599889341126,0.21708196489329612,0.21843018096491756,175100800
2003-01-13,0.21917937695980072,0.22322402524313317,0.2151347286764683,0.22322402524313317,178942400
2003-01-14,0.21887987852096558,0.22202601630509972,0.2170819819172643,0.22007792618896663,186860800
2003-01-15,0.21618345379829407,0.2202281024731374,0.21363636476132114,0.21858037432061556,371128800
2003-01-16,0.2190292328596115,0.2211266414849875,0.21288717550032793,0.21288717550032793,559070400
2003-01-17,0.21123939752578735,0.2181306456412558,0.21093988566444696,0.2181306456412558,266761600
2003-01-21,0.21004050970077515,0.2158830533257991,0.20974099786122088,0.21288710982877015,253456000
2003-01-22,0.2079431116580963,0.21198858443909063,0.2067450642426356,0.20944149602894796,215140800
2003-01-23,0.21228811144828796,0.21513471191551573,0.20899183061739668,0.2104902150952186,228256000
2003-01-24,0.20674504339694977,0.21333677882192958,0.20314925131007255,0.21333677882192958,305468800
2003-01-27,0.21168828010559082,0.21723216311484478,0.20449751920012832,0.20494719960098629,391406400
2003-01-28,0.21843019127845764,0.22007791932139123,0.21213796591270315,0.21333683864499284,286255200
2003-01-29,0.22367370128631592,0.2262208150302189,0.21423536370734714,0.2179805000191698,373044000
2003-01-30,0.21453486382961273,0.22577112225331453,0.21408600856593088,0.22442290625909375,407058400
2003-01-31,0.21513472497463226,0.2179805005130197,0.21049022787240468,0.21258763622803845,341224800
2003-02-03,0.21962906420230865,0.22337420027740532,0.21498454240109888,0.21588307802255302,264784800
2003-02-04,0.21872970461845398,0.21947889694333184,0.21438554427651343,0.21648295274549972,317413600
2003-02-05,0.216483011841774,0.2236737749405378,0.21633284329513314,0.22037834293657332,221614400
2003-02-06,0.21618345379829407,0.21858037432061556,0.213037340906173,0.21513474950092037,179149600
2003-02-07,0.211988627910614,0.21872970875875702,0.21078975514778026,0.21798051641969782,269701600
2003-02-10,0.21498459577560425,0.21828090241222076,0.2106396097725554,0.21363637945790925,167888000
2003-02-11,0.21498459577560425,0.21917941325367116,0.21273701851158885,0.21723219804270405,164780000
2003-02-12,0.21558359265327454,0.21872970536752834,0.21378569608774634,0.21378569608774634,228687200
2003-02-13,0.21783116459846497,0.21932957422178412,0.21333683583941268,0.21588309957182233,208493600
2003-02-14,0.2197784036397934,0.22052759594690038,0.2149845629963004,0.21887986793226089,243297600
2003-02-18,0.22876787185668945,0.22921672708238006,0.2205275579952086,0.2209772633254933,290897600
2003-02-19,0.22247573733329773,0.22697006711191678,0.21992862291831544,0.22577119412342156,240368800
2003-02-20,0.22127678990364075,0.2241234156542858,0.2203782791924904,0.22247568762736236,224352800
2003-02-21,0.22472238540649414,0.2256217711091911,0.21947886499724523,0.22202597851383205,157444000
2003-02-24,0.2208271026611328,0.22517211290268513,0.206745092964018,0.2226249991356165,180252800
2003-02-25,0.22502195835113525,0.22592134429795618,0.21843022020479436,0.2199286050431665,188641600
2003-02-26,0.2172321379184723,0.225021896717376,0.21693177594855642,0.2245730664733104,217095200
2003-02-27,0.2226250320672989,0.22472244074751446,0.21738151036675998,0.2182808962909432,154341600
2003-02-28,0.2248726338148117,0.22607065656841172,0.22127681533815546,0.22262503161530497,195098400
2003-03-03,0.21947886049747467,0.22711932578287541,0.21798047609653518,0.22487257428300853,203761600
2003-03-04,0.2181306630373001,0.2218757992550515,0.21633276662432804,0.22082709510595214,126414400
2003-03-05,0.2190292328596115,0.22172651545370722,0.21753167319987218,0.21887988944450804,126683200
2003-03-06,0.2181306630373001,0.2187296868077534,0.21573374285387475,0.21843017492252675,99859200
2003-03-07,0.21768102049827576,0.22037830314048937,0.2143855640863193,0.21678248468640282,200984000
2003-03-10,0.21528401970863342,0.21977834729745047,0.21423531576786117,0.21738142759017792,134573600
2003-03-11,0.21318668127059937,0.21708198647681856,0.21153895314163948,0.21513474642456748,161190400
2003-03-12,0.213037371635437,0.21558363593796326,0.21063962566552732,0.21228817915757123,222560800
2003-03-13,0.22052758932113647,0.22172648699989927,0.21228812439383432,0.21678245299978413,335445600
2003-03-14,0.22142699360847473,0.224872618324226,0.2193295850769997,0.2199285839109952,153098400
2003-03-17,0.2248726338148117,0.22577116963232446,0.22037830452372636,0.22307473707802541,399912800
2003-03-18,0.22472238540649414,0.22607060135436396,0.22202597851383205,0.22472238540649414,229980800
2003-03-19,0.22397324442863464,0.22697003898060264,0.22157632385057566,0.22577116614069914,141316000
2003-03-20,0.22337427735328674,0.22457315036381395,0.21872975394947197,0.22367376432736535,163178400
2003-03-21,0.22472238540649414,0.22696998705706092,0.22202597851383205,0.22607060135436396,297948000
2003-03-24,0.21528401970863342,0.2217264368199293,0.2149845078829054,0.21977834729745047,161100800
2003-03-25,0.2179805487394333,0.22217536637876995,0.21528411600037897,0.21588313991976496,167697600
2003-03-26,0.2158830612897873,0.21813063782158754,0.21423533356071056,0.21798046934552748,178343200
2003-03-27,0.2170819789171219,0.22022809165469392,0.21453489000527168,0.21453489000527168,122393600
2003-03-28,0.21828091144561768,0.2190292537930557,0.21528411663315922,0.21573379712492913,145303200
2003-03-31,0.211838498711586,0.21768104489803738,0.21034011375542222,0.21468510008755795,256659200
2003-04-01,0.21213801205158234,0.21438558950033382,0.21078979562307282,0.2127370359971747,154341600
2003-04-02,0.21872970461845398,0.22007792076256238,0.21378569535560352,0.21513473660139132,171371200
2003-04-03,0.21663229167461395,0.22022808471907968,0.21498456365492646,0.2181306762934184,145712000
2003-04-04,0.2158830612897873,0.2197783655506643,0.21558354943918398,0.21753161412038088,146020000
2003-04-07,0.2170819789171219,0.2239732282179878,0.21588310616398995,0.2224756936567647,196862400
2003-04-08,0.216483011841774,0.21947895685744942,0.21513479532962482,0.21738154781590524,128934400
2003-04-09,0.2125876396894455,0.21902920825712693,0.21183844739285848,0.21753164876560113,146725600
2003-04-10,0.21528401970863342,0.21558353153436147,0.21273693153777273,0.21273693153777273,107100000
2003-04-11,0.1977556049823761,0.21633278156552513,0.1937109566000512,0.21049023664605498,1392708800
2003-04-14,0.2034488320350647,0.2059959210510036,0.20224994673139865,0.20539605959753893,502958400
2003-04-15,0.2006022185087204,0.20374833137354698,0.19925400229546925,0.20359900046346127,303968000
2003-04-16,0.19835548102855682,0.2047970377334556,0.1935607898721984,0.1946095066726235,1016176000
2003-04-17,0.19655761122703552,0.19850485169996057,0.19056489616141917,0.19775565917902163,616257600
2003-04-21,0.19685707986354828,0.19760627221950156,0.19446015938552597,0.19670691135167218,152320000
2003-04-22,0.2024000883102417,0.20404781622988366,0.19610786341530445,0.19745607944970353,300568800
2003-04-23,0.2034488320350647,0.20419802439867743,0.2001525381539718,0.20269962716991072,209680800
2003-04-24,0.20135144889354706,0.2038985508909371,0.19475970999418932,0.20255033442310003,325108000
2003-04-25,0.20000319182872772,0.20344882907131548,0.19820529520259247,0.20165091994363918,205318400
2003-04-28,0.20764358341693878,0.20914196766953752,0.20120117871039547,0.20195037083669484,636798400
2003-04-29,0.2106395661830902,0.21213795071569347,0.20344880560950127,0.2094415186382995,458236800
2003-04-30,0.213037371635437,0.21498461199640978,0.2074934998180566,0.20869238530455458,458175200
2003-05-01,0.21513472497463226,0.2155835802639575,0.2097410355880162,0.21348617190832372,342759200
2003-05-02,0.216483011841774,0.2185804208833182,0.21483445823634312,0.21663235528651023,321182400
2003-05-05,0.24105204641819,0.25288815579578827,0.22097732122948596,0.22127680815585232,1555708000
2003-05-06,0.2621763050556183,0.26816901847070934,0.24120219565055265,0.241501707556057,1514492000
2003-05-07,0.2644239366054535,0.2732624274989021,0.2563338130794767,0.25962926982223566,1054379200
2003-05-08,0.2696674168109894,0.2707161209871754,0.25903018154875107,0.2651722381085692,687736000
2003-05-09,0.27416181564331055,0.2756593504886816,0.2678695639711691,0.2746106460438391,588386400
2003-05-12,0.2780570387840271,0.2807534708114206,0.2716146204915088,0.27191413237215256,419372800
2003-05-13,0.2797047793865204,0.2841991080035721,0.26891820068218886,0.27610896144914426,446796000
2003-05-14,0.2779068648815155,0.2822518498202437,0.2761089435279836,0.2821016813320461,355488000
2003-05-15,0.28060340881347656,0.2824013058812675,0.2767080776804934,0.2786561682994855,284995200
2003-05-16,0.28165203332901,0.2847981460283757,0.27386224838416034,0.27850589562656314,341628000
2003-05-19,0.27116507291793823,0.27940539163146594,0.2705660488632895,0.27760749436551607,445888800
2003-05-20,0.26652127504348755,0.2720643327323636,0.26367467445313353,0.2711649469630564,416220000
2003-05-21,0.26741981506347656,0.2710156079837105,0.264723382924118,0.266521279384235,305009600
2003-05-22,0.2732624113559723,0.2756593320550643,0.26577213730903343,0.2680188894823992,178460800
2003-05-23,0.2744613587856293,0.2765587679135328,0.2690676424099575,0.272813630214259,206718400
2003-05-27,0.28285086154937744,0.2831503734114606,0.2683183229736544,0.26906751517963645,290130400
2003-05-28,0.27386215329170227,0.2795545277937594,0.2719140639025801,0.27715758324749573,339679200
2003-05-29,0.27116507291793823,0.2771577887704366,0.26816912754269084,0.27401167483052524,333765600
2003-05-30,0.2689182460308075,0.272363871048207,0.2626260198855277,0.27146451011215206,382748800
2003-06-02,0.2614271640777588,0.2740116171901723,0.25873073129705015,0.2711650158763888,418588800
2003-06-03,0.25932979583740234,0.2647234873453156,0.2549856340217127,0.26127786156329846,360858400
2003-06-04,0.26367464661598206,0.2665212469058095,0.25678257350846656,0.2591803185641879,271202400
2003-06-05,0.2642737329006195,0.26577211763983105,0.2596292352701009,0.26142713193680905,205497600
2003-06-06,0.25693267583847046,0.2702663131834937,0.2567825073980748,0.26577198628879434,241388000
2003-06-09,0.25153908133506775,0.25528506808963825,0.24914216087513955,0.25378668338904287,259952000
2003-06-10,0.25738248229026794,0.2590302104361361,0.2509400630143068,0.25303749660366726,176646400
2003-06-11,0.2614271640777588,0.2623265250725484,0.25183948081220375,0.2569328344093011,225114400
2003-06-12,0.26622092723846436,0.26786948020903617,0.2614270870187334,0.2629254715004944,252588000
2003-06-13,0.2609774172306061,0.2689181952244884,0.2566332571996636,0.26592142613951536,191245600
2003-06-16,0.2737120985984802,0.2737120985984802,0.2614271577478409,0.26367473507856437,238526400
2003-06-17,0.272513210773468,0.27715770860868644,0.2695172662647315,0.2758095173277505,177464000
2003-06-18,0.2864467203617096,0.2918395853298443,0.2743110989768449,0.2764085075981727,454983200
2003-06-19,0.28674623370170593,0.293787651979574,0.28120320018978684,0.2900416900647016,381528000
2003-06-20,0.2876448929309845,0.29333809740319605,0.2831505618063271,0.28989247104436194,356546400
2003-06-23,0.2855473458766937,0.29498568422349924,0.28090282340406314,0.28914313908548633,307361600
2003-06-24,0.28135254979133606,0.2946861942572599,0.2804540139730569,0.2916902497612346,514382400
2003-06-25,0.28599706292152405,0.29064156098574206,0.28030386046227657,0.2825514377809708,329812000
2003-06-26,0.28899285197257996,0.28944253221455396,0.2801543661890466,0.2801543661890466,161705600
2003-06-27,0.28060340881347656,0.2892925570562055,0.27685827123169454,0.28914321361000533,365792000
2003-06-30,0.2855473458766937,0.2877949229076141,0.2785059029654348,0.279854119143307,222152000
2003-07-01,0.28599706292152405,0.2873452792720183,0.2773079158058233,0.28270078120780034,180992000
2003-07-02,0.28869348764419556,0.2906415529535884,0.28494835065167795,0.28509769407438024,325298400
2003-07-03,0.2865960896015167,0.2928883160324886,0.2843493373629203,0.2846488493212789,137771200
2003-07-07,0.29768216609954834,0.30232666434172306,0.2865960978135545,0.2886935066839769,286272000
2003-07-08,0.305622935295105,0.3071204699508651,0.2919897542352364,0.2924386095820191,256737600
2003-07-09,0.29798242449760437,0.30637205706038,0.29798242449760437,0.30277626450446177,213645600
2003-07-10,0.29333797097206116,0.2987308359564409,0.2901918580305924,0.29783230015962486,170934400
2003-07-11,0.2973825931549072,0.29963019510193845,0.29258875246314814,0.294535992399904,136858400
2003-07-14,0.29813188314437866,0.30562300864655667,0.2976822025879293,0.2997796117154416,188406400
2003-07-15,0.2937876880168915,0.3032260530200672,0.29109043008697694,0.2999297461479053,206645600
2003-07-16,0.29768216609954834,0.29963025654050507,0.29034123505306964,0.2991805510360893,250930400
2003-07-17,0.3131132125854492,0.3138624049745723,0.3015774400137204,0.30247682592445146,751212000
2003-07-18,0.31251412630081177,0.31730796651169335,0.3056228778599713,0.31311315005177565,298838400
2003-07-21,0.30876898765563965,0.31161558810159384,0.3041244908700524,0.30996703514767604,183808800
2003-07-22,0.31161558628082275,0.3140125063524688,0.307120407904138,0.3126642903810163,198424800
2003-07-23,0.31146547198295593,0.31401256098415914,0.30652146249309203,0.31386239247161657,143035200
2003-07-24,0.30727076530456543,0.32210282410880237,0.3053235245518561,0.3152107219839393,229236000
2003-07-25,0.32270169258117676,0.323151397999841,0.3056229129075023,0.3057722563115767,216686400
2003-07-28,0.3144613802433014,0.32210267137338344,0.3125141404139389,0.32210267137338344,170357600
2003-07-29,0.3104167580604553,0.3158104478187311,0.30742081381809655,0.3144614065528934,197120000
2003-07-30,0.3038249611854553,0.313113129110537,0.30217723342971325,0.31116588949934465,173594400
2003-07-31,0.31581032276153564,0.31985496965234084,0.3081690590210732,0.3107161469345607,301464800
2003-08-01,0.31056690216064453,0.31865619850977667,0.30921786100082904,0.3146115503352106,149604000
2003-08-04,0.317757785320282,0.32210279716489926,0.3038251138797118,0.3075702516073411,230115200
2003-08-05,0.3053232729434967,0.32060414964763956,0.3011284577618627,0.3198549576364429,249440800
2003-08-06,0.29408711194992065,0.30217725811723284,0.2921390470780435,0.30052868012219713,245464800
2003-08-07,0.29858142137527466,0.3009783413638945,0.29094098106731603,0.295584652563341,174378400
2003-08-08,0.2942364811897278,0.301577410748312,0.29363745737725927,0.3012778988420778,137659200
2003-08-11,0.2945359945297241,0.2985814680377544,0.2922892426711953,0.29693376499769114,137228000
2003-08-12,0.2951357066631317,0.296633265507534,0.291539915233983,0.29603424196977307,164438400
2003-08-13,0.30232661962509155,0.3047235401079302,0.29333796153901776,0.2975327786594142,284099200
2003-08-14,0.2991805672645569,0.3045742832706597,0.2987308867388351,0.30277638626965453,192780000
2003-08-15,0.2952851951122284,0.30067890990971446,0.29453600277119746,0.2999296925656018,125865600
2003-08-18,0.3047235608100891,0.30577229016451857,0.29543539017035975,0.2975327988730507,192774400
2003-08-19,0.304423987865448,0.3063720525971703,0.29963014792842696,0.30517318006214594,133688800
2003-08-20,0.314761757850647,0.31865623801191395,0.30172762583633883,0.3023266246885697,273212800
2003-08-21,0.32479897141456604,0.3252486766537393,0.31386225301175447,0.31506112527424296,255326400
2003-08-22,0.31281372904777527,0.3295929997617757,0.30921793529425373,0.32674639846538994,250264000
2003-08-25,0.31251412630081177,0.31326331854030925,0.30697109385043264,0.3113152536972987,137782400
2003-08-26,0.31536081433296204,0.31566032629160606,0.304873770271348,0.3108664847496724,164959200
2003-08-27,0.3218023478984833,0.3218023478984833,0.3095182334706743,0.3132633701839887,225702400
2003-08-28,0.3324395418167114,0.33288922219740297,0.31955555508060723,0.31955555508060723,319625600
2003-08-29,0.3387318253517151,0.34232761881620655,0.33034219066907416,0.332589767859821,263155200
2003-09-02,0.3423275649547577,0.3430767572337962,0.33558565954504,0.3394809643350629,242132800
2003-09-03,0.343825101852417,0.3493689843363149,0.34097932652106594,0.3415783502643425,268828000
2003-09-04,0.34202811121940613,0.3483203623143426,0.34112875029098766,0.34697129591863096,199780000
2003-09-05,0.3370840847492218,0.3468219353476693,0.3357358685250341,0.3405297095669745,240133600
2003-09-08,0.3406790792942047,0.34142827172145035,0.3366344303092289,0.33678459883539485,167244000
2003-09-09,0.3351360261440277,0.33963035534674374,0.3313908893253884,0.3375329467120266,180370400
2003-09-10,0.3322892487049103,0.33873166519398396,0.33124054486542404,0.3333379525443965,224890400
2003-09-11,0.3379825949668884,0.3414282195240187,0.33109134585262795,0.33333807268600923,213684800
2003-09-12,0.3460727035999298,0.34667172738657953,0.33423744575460856,0.3372333897894915,179989600
2003-09-15,0.33273905515670776,0.3430767533480729,0.33139083911036005,0.34172771220010567,226844800
2003-09-16,0.33498674631118774,0.33993075690310803,0.3325898252882357,0.33273916873235077,269007200
2003-09-17,0.3313908874988556,0.3352861928135382,0.32734623876922747,0.33513602429685274,289396800
2003-09-18,0.34277641773223877,0.34442497077471,0.3288437267255713,0.3310913285493172,252907200
2003-09-19,0.33828210830688477,0.34532352595422844,0.3360353564608903,0.3427764371005432,205956800
2003-09-22,0.3307918310165405,0.3370840562655409,0.32839491069811066,0.33228936552394195,179821600
2003-09-23,0.3360353410243988,0.3364841963119769,0.32779502602675575,0.32989243437422544,132451200
2003-09-24,0.31940537691116333,0.3342374281132318,0.3158104092793766,0.33273904362405926,301285600
2003-09-25,0.30607175827026367,0.32015461943961687,0.30337532584752097,0.3197049390019196,574380800
2003-09-26,0.30996695160865784,0.3250984853793648,0.3018768078083902,0.3041244089056546,347250400
2003-09-29,0.31910592317581177,0.3246489566738003,0.30936807242510317,0.3219525241832634,365702400
2003-09-30,0.3104167580604553,0.3179078563188897,0.30622194106013806,0.3159597912249186,285426400
2003-10-01,0.31146547198295593,0.31610996954945186,0.3024768138750492,0.31026659918776694,236112800
2003-10-02,0.30816924571990967,0.31161569620912316,0.30382508440180833,0.31161569620912316,204058400
2003-10-03,0.32494834065437317,0.32749542872679616,0.31281357412339644,0.3144613016519448,299600000
2003-10-06,0.3339379131793976,0.3345369369289477,0.3233006785630952,0.32464889455037477,268329600
2003-10-07,0.3478705883026123,0.3507172138485068,0.32824472148771067,0.33034212977172145,418174400
2003-10-08,0.3454737067222595,0.3526644680270485,0.3405296973432239,0.3483203325861011,428668800
2003-10-09,0.3513162136077881,0.35461251953863165,0.3414281959261036,0.349068636825002,347748800
2003-10-10,0.35476186871528625,0.35670995878616946,0.3501173713554144,0.3520654614262976,174837600
2003-10-13,0.36479926109313965,0.36569862193833874,0.3553608978256246,0.35551109133680364,279865600
2003-10-14,0.3677960932254791,0.37064269455171184,0.3624024025386433,0.364350467967987,275419200
2003-10-15,0.3718406558036804,0.374687256466872,0.3682456879516439,0.37229033619830054,610103200
2003-10-16,0.348320335149765,0.3571587996089695,0.33573585894440583,0.3565598007743349,975682400
2003-10-17,0.34082919359207153,0.3519152595071353,0.3360353529425835,0.3502675314904352,359811200
2003-10-20,0.3478705883026123,0.34966848470342243,0.3352861385985477,0.33858159441536084,279132000
2003-10-21,0.3472716212272644,0.3505670775820509,0.34082922683112693,0.3492188613367527,176461600
2003-10-22,0.3409794569015503,0.34757119590280333,0.3397805838550087,0.343675889878906,161599200
2003-10-23,0.34442493319511414,0.34682185314799424,0.33843222076214735,0.3405296288586091,165211200
2003-10-24,0.33858150243759155,0.3423274627140021,0.3330384713501629,0.33798247883391885,219856000
2003-10-27,0.33858150243759155,0.3429264863176748,0.3369337749768004,0.3408290786034379,162013600
2003-10-28,0.35536080598831177,0.35610999813179667,0.33558559882652433,0.3379825186247883,251714400
2003-10-29,0.35491207242012024,0.3580581852184766,0.3496685260864444,0.35221478994580124,267080800
2003-10-30,0.345922589302063,0.35955574574502897,0.34262713285751867,0.35940642732886824,260556800
2003-10-31,0.3429267108440399,0.34981796210237165,0.341278982304422,0.34906876955656646,218153600
2003-11-03,0.3468219041824341,0.34906865598694553,0.3412788712692105,0.34202806357126575,302842400
2003-11-04,0.3432261645793915,0.34607276572947215,0.33843232322229905,0.34562308525793767,249233600
2003-11-05,0.3450239896774292,0.34652237420336673,0.33663435649475687,0.3418778772339271,322470400
2003-11-06,0.34637224674224854,0.3468219271736223,0.33933082875813153,0.34322613392605,397073600
2003-11-07,0.3370840847492218,0.348170151571857,0.33633489237984454,0.3474209592024798,210145600
2003-11-10,0.3280945420265198,0.33933080118909,0.327196006338483,0.33633485712732547,234276000
2003-11-11,0.32270169258117676,0.32989245372210496,0.3218023317500108,0.3280945571614529,215073600
2003-11-12,0.33453691005706787,0.3403794538998346,0.32180226823867436,0.32180226823867436,300003200
2003-11-13,0.33588525652885437,0.33798266540086414,0.3283949820441553,0.3306417343488298,212772000
2003-11-14,0.3215028643608093,0.3387318399291295,0.3188064316972784,0.3367845996947558,237048000
2003-11-17,0.31655871868133545,0.3201545107588325,0.31386228717393294,0.3198549989359478,228256000
2003-11-18,0.30577218532562256,0.31970484905906515,0.3048736498047343,0.31775760954639637,267192800
2003-11-19,0.30592235922813416,0.30936798310494845,0.30352543936172005,0.30801976724893443,344584800
2003-11-20,0.3053232729434967,0.31581031089758177,0.3011284577618627,0.3011284577618627,239590400
2003-11-21,0.3038249611854553,0.30831928922027096,0.2973825434348404,0.3047234717487297,241836000
2003-11-24,0.3168591558933258,0.31865622739941685,0.3063721132659532,0.3071204555062252,381824800
2003-11-25,0.30981770157814026,0.3183566780849708,0.3087689974385923,0.3180571662024721,268654400
2003-11-26,0.3104167580604553,0.3168591520688104,0.3033753152208853,0.31296384698255986,245128800
2003-11-28,0.3132633566856384,0.31566027708294647,0.30742081164834467,0.3113152916054166,76098400
2003-12-01,0.325248658657074,0.3273460661743621,0.3146114276300551,0.31521045117747887,361536000
2003-12-02,0.32270169258117676,0.3280945571614529,0.3207536275147704,0.3236002283106628,205296000
2003-12-03,0.31506121158599854,0.32719598047429627,0.31401250748203263,0.32270165218609626,191296000
2003-12-04,0.3168591558933258,0.31715866781100766,0.31116595415226594,0.31371304310511405,177940000
2003-12-05,0.3123640716075897,0.3168592266821753,0.3105669997000186,0.31311326412002066,186177600
2003-12-08,0.31536081433296204,0.3158104948218353,0.3057723061472801,0.31131534013673123,148237600
2003-12-09,0.3063720762729645,0.31835667704166204,0.3056228840183705,0.31715862951559326,135144800
2003-12-10,0.3053232729434967,0.3087688961139341,0.2990310501710457,0.3063719767389052,271336800
2003-12-11,0.317757785320282,0.31970502591010463,0.30277640930782,0.3033754083166847,183136800
2003-12-12,0.31296396255493164,0.3194055338403599,0.3101173606675578,0.3194055338403599,192673600
2003-12-15,0.3021773099899292,0.3219525233737098,0.3006789252315137,0.3219525233737098,388908800
2003-12-16,0.3014281690120697,0.3069712034413518,0.29977959045290836,0.30247687350144414,373956800
2003-12-17,0.29783231019973755,0.30157744713200124,0.2964840939081934,0.3008282547251946,274260000
2003-12-18,0.3002292513847351,0.30232666022660876,0.29813184254286146,0.29813184254286146,330915200
2003-12-19,0.2951357066631317,0.3059222808523557,0.29393683448631824,0.30247665785829303,453560800
2003-12-22,0.2973825931549072,0.2979824670707091,0.2883939355824419,0.29438664899797484,377064800
2003-12-23,0.2967835068702698,0.2988809148691139,0.29363739487200363,0.29843123455464887,308498400
2003-12-24,0.30577218532562256,0.30846944209126415,0.2943865848838539,0.2954352888756344,177475200
2003-12-26,0.3113153278827667,0.31326339318999513,0.3047235647435333,0.30487375827093594,103695200
2003-12-29,0.3168591558933258,0.3170084993013159,0.312514170332685,0.31326336267774046,233458400
2003-12-30,0.31880640983581543,0.3221027162807963,0.3168591697349696,0.3173080250802493,204853600
2003-12-31,0.32015460729599,0.3225515277032583,0.317308006468081,0.3198550953827926,174451200
2004-01-02,0.31880640983581543,0.3258478530679739,0.3173080250802493,0.3228510585537588,144642400
2004-01-05,0.33214014768600464,0.33543560470846073,0.3209038848932803,0.3209038848932803,395018400
2004-01-06,0.33094120025634766,0.3358852351577201,0.3252488480417603,0.3333381209430177,509348000
2004-01-07,0.338432252407074,0.34202804522338326,0.3285442097099493,0.3310913233830483,586874400
2004-01-08,0.34996795654296875,0.35551101350503356,0.3393307478476305,0.3421773480647355,460303200
2004-01-09,0.3445742726325989,0.36150373069276887,0.3414281605238798,0.34801989659431165,427459200
2004-01-12,0.3555110692977905,0.35955569254229014,0.346072706615383,0.34832030849043505,487547200
2004-01-13,0.3613536059856415,0.37214015950758844,0.35745827621876547,0.3700427511810537,679016800
2004-01-14,0.3625524640083313,0.3676458161236045,0.35626023928274025,0.3655484078817408,620043200
2004-01-15,0.3423275649547577,0.3505670298209236,0.33708404410311704,0.3432261006286266,1018208800
2004-01-16,0.340379536151886,0.34517420222652484,0.3387318080240158,0.34292662515075195,372820000
2004-01-20,0.3405297100543976,0.34157841435268116,0.3333380983763822,0.33963034916916623,315946400
2004-01-21,0.3387318253517151,0.3441255155484523,0.33603539280422584,0.34008004162545974,226660000
2004-01-22,0.3322892487049103,0.34202794516152724,0.3322892487049103,0.3379824731512983,205004800
2004-01-23,0.3379825949668884,0.3406790272113093,0.33333807268600923,0.33588518653196864,227169600
2004-01-26,0.34472447633743286,0.34547366859723916,0.3360353313065733,0.33648418658117096,271269600
2004-01-27,0.3456230163574219,0.34832029855022284,0.34157836822526666,0.34517416107715004,307070400
2004-01-28,0.3373836576938629,0.35026762351277657,0.3357359292442715,0.3421774996027895,275402400
2004-01-29,0.3397805094718933,0.34157840609717366,0.3324395795613292,0.3390313171195507,212699200
2004-01-30,0.3379825949668884,0.34262709224468685,0.33588518653196864,0.33933081108909885,185298400
2004-02-02,0.33438682556152344,0.34172775560304997,0.330791857348538,0.3364842341448167,287431200
2004-02-03,0.3334882855415344,0.3355856940981474,0.32959295534735467,0.33408730938579134,180812800
2004-02-04,0.3264467418193817,0.33094106946845314,0.3250985260348062,0.32959285368387764,305552800
2004-02-05,0.33588525652885437,0.3432261875808887,0.3267464035688916,0.3268965971064803,352844800
2004-02-06,0.34023016691207886,0.34292659911692913,0.33558566970243925,0.3363348620041541,193340000
2004-02-09,0.33963027596473694,0.34247687631819307,0.3370840125761092,0.33888190885732106,188260800
2004-02-10,0.34427496790885925,0.3463723772432219,0.3361848426046004,0.33888210110736655,255343200
2004-02-11,0.3565598726272583,0.35760857710544663,0.3453236103433145,0.34592263430174464,348544000
2004-02-12,0.3555110692977905,0.35940637414822374,0.35356382942339476,0.35371314781746116,183988000
2004-02-13,0.3445742726325989,0.3610540503625166,0.3420280093313906,0.3573089145478101,315980000
2004-02-17,0.3469713032245636,0.35191531312966023,0.3460727673789945,0.3460727673789945,170956800
2004-02-18,0.34846970438957214,0.35116613715435374,0.3453235911300519,0.3472716565393693,141635200
2004-02-19,0.33663439750671387,0.35416288327359086,0.33573586174265,0.3495183607352328,323080800
2004-02-20,0.33558565378189087,0.3372333817065012,0.33273905321108194,0.33708403831423556,277603200
2004-02-23,0.3324395418167114,0.33648418993808754,0.32794521331464377,0.33468711861855327,194079200
2004-02-24,0.33498674631118774,0.34067912432748587,0.3295930301800319,0.33169046421594045,259056000
2004-02-25,0.341727614402771,0.34307665516466296,0.33273895993179164,0.33378766379011865,276276000
2004-02-26,0.345174103975296,0.3472715119416526,0.3415783117182614,0.3427763590696185,198408000
2004-02-27,0.35835766792297363,0.3598560524957642,0.34382512778742685,0.3439752962853607,468837600
2004-03-01,0.3598560392856598,0.36405085585417446,0.3576084625089812,0.361054086818603,321680800
2004-03-02,0.35670995712280273,0.3610541174506936,0.35611008320075166,0.35955570780270274,256687200
2004-03-03,0.35835766792297363,0.3624023161475437,0.3535638274120083,0.3535638274120083,225131200
2004-03-04,0.3769349157810211,0.3778334266024603,0.35820755596691856,0.35850704290534235,660223200
2004-03-05,0.4006054103374481,0.41184167050720827,0.3730395621089628,0.3737887544669701,1540599200
2004-03-08,0.38951918482780457,0.40135443901350176,0.3865224166179292,0.39880735105538356,522872000
2004-03-09,0.405999094247818,0.4079463341485383,0.38577332742540427,0.3880209293308415,618363200
2004-03-10,0.4146882891654968,0.42157953899119605,0.4036013719320589,0.40509975671216786,1006964000
2004-03-11,0.4067474603652954,0.42008112886256577,0.40584892461250016,0.40854535697258726,595851200
2004-03-12,0.4128902852535248,0.416185740792084,0.4070477412704157,0.40929449275551755,329224000
2004-03-15,0.39626047015190125,0.40974430894225006,0.3934146940074714,0.4049504674232192,481717600
2004-03-16,0.38682207465171814,0.3986581584132729,0.3803805057478173,0.39775879756976684,605432800
2004-03-17,0.39236581325531006,0.39521158812069046,0.38622293303705635,0.3889193645418586,411432000
2004-03-18,0.38457533717155457,0.39041788246672976,0.38337643936605864,0.3886199858139707,321081600
2004-03-19,0.38742196559906006,0.40360138641830123,0.38262727414788505,0.3829276361991719,408576000
2004-03-22,0.38742196559906006,0.3920656384212687,0.37828313827518245,0.3800810350554939,419031200
2004-03-23,0.37888211011886597,0.3895193465203902,0.37783340583035996,0.3877214498684196,385515200
2004-03-24,0.3820282518863678,0.3857733888853035,0.37858262683513283,0.37858262683513283,428215200
2004-03-25,0.40255260467529297,0.4031524785576923,0.3878707464103432,0.39161670777500945,566445600
2004-03-26,0.40509963035583496,0.40989347003481547,0.40315241583354156,0.4045006316744114,419893600
2004-03-29,0.4181338846683502,0.4193319323267702,0.40749664863747925,0.41004376256724295,350728000
2004-03-30,0.41828328371047974,0.4187329641930456,0.40959411162133796,0.41558685101869036,359676800
2004-03-31,0.40509963035583496,0.4191824876550962,0.4037514145149651,0.4182831270268538,390773600
2004-04-01,0.4061483144760132,0.40854523419818906,0.3988073868449637,0.40285288427414073,318332000
2004-04-02,0.4119909703731537,0.41843338928378676,0.40794634694708276,0.41573695699768537,274478400
2004-04-05,0.4242760241031647,0.42502521658608183,0.41109254668901224,0.4116915706346046,385672000
2004-04-06,0.416934996843338,0.42172966260885403,0.41094225845960974,0.4151371003189774,257992000
2004-04-07,0.40914514660835266,0.4149876905519211,0.40330175256017614,0.41363947464967693,255119200
2004-04-08,0.41244062781333923,0.4194820447205478,0.4074965941264089,0.4176841483717304,240917600
2004-04-12,0.4200810194015503,0.4209803800216994,0.4118415559586059,0.4119908743245645,230540800
2004-04-13,0.4034520387649536,0.4199318464657411,0.4021038224693041,0.4191826290535691,436396800
2004-04-14,0.39910706877708435,0.4055494886742789,0.39416305876101054,0.40060545365512007,639732800
2004-04-15,0.43895772099494934,0.44315253723634607,0.42187896917256007,0.43176698605629305,1761446400
2004-04-16,0.4371598958969116,0.4391079358410579,0.42697319117922766,0.43671104061046906,402931200
2004-04-19,0.4247255325317383,0.4307182195093598,0.41693489944361106,0.42127990879066873,712353600
2004-04-20,0.41543740034103394,0.4256241045694565,0.41289031173313334,0.4226281856997501,354519200
2004-04-21,0.41543740034103394,0.4212799697019174,0.4100437112481133,0.4134893354873724,325875200
2004-04-22,0.41618582606315613,0.42217853975381847,0.40614843880661033,0.4128903698494007,344584800
2004-04-23,0.4149876832962036,0.4194820112589483,0.40524983519333735,0.4149876832962036,315828800
2004-04-26,0.4064478874206543,0.4140883530312555,0.4045006727008647,0.4131898174133729,231128800
2004-04-27,0.4036014676094055,0.41109259318712094,0.39985632987306585,0.40809664801843853,283864000
2004-04-28,0.39626047015190125,0.40465010536111046,0.39461274183632383,0.4018043542197658,231168000
2004-04-29,0.4010551869869232,0.4045008375820882,0.38921992513521153,0.39626051976576476,460790400
2004-04-30,0.3862229287624359,0.40390157701595897,0.3818787697307167,0.40015559151829744,466502400
2004-05-03,0.3905680775642395,0.3944633830600648,0.3856240677080681,0.3895193732038934,297634400
2004-05-04,0.3916167616844177,0.39775881900538185,0.3820282294101198,0.3890696726261404,279983200
2004-05-05,0.39925721287727356,0.4007556226667149,0.3889195129938607,0.39251530644041777,238106400
2004-05-06,0.3982084393501282,0.4007555530270548,0.38802090975634934,0.39551200728464914,263558400
2004-05-07,0.3995567858219147,0.41303980065565626,0.39775888882411803,0.39775888882411803,419036800
2004-05-10,0.39371415972709656,0.3985080006831412,0.3886199817472997,0.39356399121522045,249978400
2004-05-11,0.40659818053245544,0.4073473729483745,0.3955120880180406,0.3955120880180406,305172000
2004-05-12,0.4089951515197754,0.40959415048240755,0.3931143906100723,0.4013546830971805,245420000
2004-05-13,0.4073472321033478,0.4152871837835559,0.4030022226309824,0.40599901626156665,229852000
2004-05-14,0.40539926290512085,0.40929459322025713,0.396260436038715,0.4082458639063036,257801600
2004-05-17,0.39910706877708435,0.4053992951426683,0.3949122512000284,0.40000642974462786,300445600
2004-05-18,0.40539926290512085,0.40884488776916117,0.4015039575930676,0.40405104666282154,206063200
2004-05-19,0.3965607285499573,0.4119909544474932,0.39581153625462745,0.4104934199615606,375592000
2004-05-20,0.40015560388565063,0.4045006131561625,0.39656063684174164,0.39895755657149967,196296800
2004-05-21,0.4061483144760132,0.40749653025089627,0.4004551144474371,0.40300220263413483,179894400
2004-05-24,0.4095940589904785,0.4179837180471467,0.4061484343044265,0.40884486664973735,235603200
2004-05-25,0.42562416195869446,0.42712254664791727,0.40884486876176085,0.4119909815481081,319978400
2004-05-26,0.4271225035190582,0.43116800175420567,0.4194820625382402,0.4244260714320913,322168000
2004-05-27,0.42202913761138916,0.4284706803489365,0.41678559230708656,0.4263732722284463,235972800
2004-05-28,0.4203806519508362,0.4235267900119787,0.41648619658831937,0.420681039002148,145717600
2004-06-01,0.4203806519508362,0.4224780606562085,0.4136395954736323,0.4163360280657475,182134400
2004-06-02,0.43326544761657715,0.4370105591812657,0.4164861546597238,0.4199318043173564,318712800
2004-06-03,0.4254748821258545,0.43431417244814297,0.42382712887626905,0.43026872344391803,250930400
2004-06-04,0.43116796016693115,0.438208526589449,0.42712246232198253,0.4278716545186824,399112000
2004-06-07,0.44659820199012756,0.44914531568669364,0.4316168569227049,0.43506248127774244,295876000
2004-06-08,0.4546883702278137,0.4560365863358087,0.44689861048451696,0.4492955057958338,415620800
2004-06-09,0.45244163274765015,0.4600820739138662,0.449444813592927,0.4507930296691253,349204800
2004-06-10,0.4605315625667572,0.463977185758798,0.45244146894004833,0.45244146894004833,257577600
2004-06-14,0.45124268531799316,0.4596323178464429,0.44195454220809255,0.4591826625064826,243986400
2004-06-15,0.45978260040283203,0.4665236817131632,0.4533402059265693,0.4575350232315539,444634400
2004-06-16,0.49049443006515503,0.49918359881963004,0.45738555772446554,0.4593327972319485,909641600
2004-06-17,0.49154335260391235,0.4963371946141414,0.4825546925592591,0.4877982401053771,551320000
2004-06-18,0.4930415749549866,0.500531846726954,0.4858499399340201,0.4892955639613098,406252000
2004-06-21,0.4843515455722809,0.5018800023082713,0.4812054584715006,0.49618765191021813,390213600
2004-06-22,0.49439001083374023,0.4957381773423048,0.48375274705275567,0.4839029155996852,360511200
2004-06-23,0.504876971244812,0.5068242114163317,0.49274132444088525,0.494389927778704,390868800
2004-06-24,0.4970862567424774,0.5048769167981021,0.4940903375505154,0.5020303160068879,252515200
2004-06-25,0.504876971244812,0.504876971244812,0.494389927778704,0.4954386071222309,323428000
2004-06-28,0.4867493212223053,0.5122177565112644,0.4825545048198878,0.5120675880247892,521096800
2004-06-29,0.4868987500667572,0.49423965467940356,0.47056913778427145,0.4804571562753222,590553600
2004-06-30,0.4874977767467499,0.49394017067461365,0.47775992670363415,0.48779811375875587,373044000
2004-07-01,0.48390260338783264,0.4865990346775883,0.4779099171126013,0.48090583519799407,341941600
2004-07-02,0.4656251072883606,0.4671234918644817,0.4454002159172806,0.45663645003491143,910683200
2004-07-06,0.46367791295051575,0.47071848092293234,0.4614303358656383,0.46847175394285717,348980800
2004-07-07,0.45528826117515564,0.4698199521070217,0.4513929311022729,0.4621795104746642,397992000
2004-07-08,0.4515422284603119,0.4596323242366506,0.44869557807792165,0.4513928600751768,233380000
2004-07-09,0.44989460706710815,0.4569360258228062,0.44989460706710815,0.4534904007086985,208863200
2004-07-12,0.4365609586238861,0.4500447721249976,0.4334148204841145,0.4497444350723477,511621600
2004-07-13,0.43775975704193115,0.44345215867141735,0.4347629876685291,0.4382086123665817,316176000
2004-07-14,0.44315260648727417,0.4489960265296197,0.43056815579652696,0.432366077341382,835800000
2004-07-15,0.4933411478996277,0.5038281902916235,0.48105618393711086,0.48929564934438624,1767724000
2004-07-16,0.4824044108390808,0.4931909903855282,0.4812055630699214,0.49139306877493516,488381600
2004-07-19,0.47895893454551697,0.48270409733207637,0.4743144606318515,0.47955795856640243,533170400
2004-07-20,0.4824044108390808,0.4824044108390808,0.4726665605582883,0.47865929921917355,323747200
2004-07-21,0.473715215921402,0.4900447761446722,0.46952034951937144,0.4857006413672073,301257600
2004-07-22,0.4746137261390686,0.47536291836650924,0.46532553273918487,0.46817218316898646,334118400
2004-07-23,0.45993196964263916,0.4756625095612828,0.45663651324099336,0.4723671031658038,273571200
2004-07-26,0.4683212339878082,0.47116783278512686,0.46113045289238747,0.46217918139440534,393932000
2004-07-27,0.485850065946579,0.4906439071321165,0.4729661270749347,0.4764117519958993,425006400
2004-07-28,0.4834531545639038,0.48555056315177947,0.4668240543750582,0.4840521784170894,285051200
2004-07-29,0.48899608850479126,0.4916925203974336,0.4813556480745992,0.48644897499113027,222157600
2004-07-30,0.4845018684864044,0.49438993828555033,0.4794085401698921,0.48914639143797584,243023200
2004-08-02,0.4731161594390869,0.48240430219772945,0.4663742299516006,0.46712342212781455,365092000
2004-08-03,0.46877098083496094,0.4752134214960846,0.4666735734265368,0.4711679250046196,211629600
2004-08-04,0.47626224160194397,0.4812054497343087,0.4669732488345374,0.46727273567855404,276488800
2004-08-05,0.4702696204185486,0.4839027495330611,0.4681722120927652,0.47656184539589874,244501600
2004-08-06,0.4461493194103241,0.46592450144939784,0.4449504219646304,0.46292858299813805,492290400
2004-08-09,0.4539390504360199,0.4561866267192268,0.44659809804979966,0.4471979717892503,290847200
2004-08-10,0.4722169041633606,0.47251644111518165,0.4546884417970812,0.4552883157994259,351036000
2004-08-11,0.46457645297050476,0.46637437473434395,0.4533402170421137,0.4659246692656282,322392000
2004-08-12,0.45498794317245483,0.4621795297869558,0.4536397269576666,0.45618679097236337,226200800
2004-08-13,0.4620293974876404,0.4686211106633653,0.45543763430574646,0.45843440399725177,328048000
2004-08-16,0.46113067865371704,0.4752135611408425,0.45903327062895516,0.46442613406319727,435674400
2004-08-17,0.46247896552085876,0.46637429532536395,0.45468835591800777,0.45813398033036806,323019200
2004-08-18,0.4755133390426636,0.47716109275905927,0.4567859737261663,0.4570855107587665,364655200
2004-08-19,0.46008217334747314,0.4773111493734294,0.4548386263028024,0.47206760232875866,388920000
2004-08-20,0.46143025159835815,0.4642768520119967,0.4567857298624191,0.4600820356343334,316780800
2004-08-23,0.4656251072883606,0.4684717079423352,0.4584343215028491,0.4623288012381419,254660000
2004-08-24,0.47865915298461914,0.47865915298461914,0.46727270297677853,0.46832143192203757,374136000
2004-08-25,0.495138943195343,0.4966364773651442,0.47536286109250164,0.4774602690360009,505618400
2004-08-26,0.5192590951919556,0.527048852226796,0.49049436121105305,0.49498866337253034,955858400
2004-08-27,0.5146147608757019,0.5207568177004793,0.5093712147654931,0.5195587700769467,388813600
2004-08-30,0.5111690759658813,0.5201577324880092,0.5087721308970075,0.5093711546380636,218142400
2004-08-31,0.5167120695114136,0.5236033173206329,0.5093711163763184,0.5104198453982542,376560800
2004-09-01,0.5372365117073059,0.539184551430834,0.5122177329251607,0.5138654856957218,515726400
2004-09-02,0.5342405438423157,0.5364873203314757,0.5218054135705061,0.5318436488795198,406324800
2004-09-03,0.5277981758117676,0.5381358984609577,0.5245027201170935,0.5245027201170935,293468000
2004-09-07,0.5357381701469421,0.5421805634554218,0.527798192427739,0.5303453060762169,301957600
2004-09-08,0.5445775985717773,0.547873905322085,0.5345402600066623,0.5348397469620856,343526400
2004-09-09,0.5348396301269531,0.543828287325904,0.5285474050673606,0.5408323682965448,461339200
2004-09-10,0.5373867750167847,0.5427796396080338,0.5312438679938365,0.5342406373015809,328014400
2004-09-13,0.5331919193267822,0.5403826549567979,0.5291464210725192,0.5375360543619411,281976800
2004-09-14,0.5316935181617737,0.5325920287966368,0.5210562583811945,0.5279483570148771,254822400
2004-09-15,0.5273485779762268,0.5315434452502668,0.5213567391154974,0.5297463736512446,232668800
2004-09-16,0.5445775985717773,0.5507205065806375,0.5255516008441491,0.5273486225890299,501916800
2004-09-17,0.5564128756523132,0.5600086691425427,0.5453267583366639,0.547574385549666,502308800
2004-09-20,0.5649527907371521,0.5689974403878933,0.5523683361322755,0.5525176545781432,245000000
2004-09-21,0.5694468021392822,0.5823307870998186,0.5612073385379245,0.5655515229502882,386652000
2004-09-22,0.5531173348426819,0.5713941362401874,0.5514687317622422,0.5707951124504341,401688000
2004-09-23,0.5583609342575073,0.5618065593397631,0.5532667557953792,0.5549153091752516,397404000
2004-09-24,0.5586605072021484,0.5692968700814656,0.5565630983124527,0.5610574030584511,369488000
2004-09-27,0.5622563362121582,0.568997418706528,0.551769291107698,0.5535663130320901,397516000
2004-09-28,0.5698964595794678,0.5736415699803973,0.5610571229255706,0.5612072913863613,353186400
2004-09-29,0.5794842839241028,0.5821815661895289,0.5666002968067572,0.5682480497856417,273509600
2004-09-30,0.580532968044281,0.5883236278050189,0.5760386643740735,0.5842789795295541,425012000
2004-10-01,0.57933509349823,0.5871248548024773,0.5779868771200728,0.5860761753890158,465404800
2004-10-04,0.5811328887939453,0.5869754590331429,0.5805330148448589,0.5869754590331429,574084000
2004-10-05,0.589821994304657,0.5943162978370077,0.5752894544320104,0.5776863496410523,406162400
2004-10-06,0.608847975730896,0.6106458469795866,0.5913194686469323,0.5917691739883356,446303200
2004-10-07,0.5935670137405396,0.613192927893231,0.5911701189022925,0.6073503592080882,426148800
2004-10-08,0.5851775407791138,0.5958147521362002,0.581881234409947,0.592668664285996,359228800
2004-10-11,0.5781362056732178,0.5851776247507704,0.5722936345618415,0.5812823439810504,323870400
2004-10-12,0.5736417770385742,0.5779868127588116,0.5640532948287382,0.576787914940965,460191200
2004-10-13,0.5955143570899963,0.5956645255881633,0.5803836432472126,0.5823308831135541,1163008000
2004-10-14,0.6738677620887756,0.6854034831454789,0.6374625774248828,0.647051108612123,2768427200
2004-10-15,0.6816583871841431,0.6833060901977625,0.6620325190793717,0.6723701927849718,1031128000
2004-10-18,0.7153671383857727,0.7153671383857727,0.6696729585335818,0.6696729585335818,1200752000
2004-10-19,0.7104230523109436,0.7243557174069787,0.7087744493697009,0.7206105563816988,801992800
2004-10-20,0.7111724615097046,0.7131197018069004,0.6988874954960478,0.7068274253149602,605108000
2004-10-21,0.7182129621505737,0.7210595631622105,0.7095237906971871,0.7113217123971851,724505600
2004-10-22,0.7102730870246887,0.7141683676437773,0.7044305161392458,0.7122211273835931,483067200
2004-10-25,0.7123703360557556,0.7167153211873276,0.7051795504332972,0.7071267902567894,392644000
2004-10-26,0.718662679195404,0.7198615270435159,0.7036812816120352,0.7108720184108566,594361600
2004-10-27,0.7535694241523743,0.758364115395338,0.7216594392683376,0.7267527673368054,1193494400
2004-10-28,0.781884491443634,0.7823341969124982,0.7415848706920132,0.7487756076325509,864264800
2004-10-29,0.7850306630134583,0.79701609186621,0.776042003924798,0.7766410278368934,810219200
2004-11-01,0.785779595375061,0.797914388641612,0.7796375395544789,0.7865287875681143,602050400
2004-11-02,0.8015105128288269,0.8101996356783572,0.7850307280631029,0.7850307280631029,729988000
2004-11-03,0.8286274075508118,0.8406119857958937,0.8088513182570678,0.8145445704947226,1204173600
2004-11-04,0.8157424926757812,0.8322222738575711,0.8145444950190256,0.8244325137465897,928625600
2004-11-05,0.819787859916687,0.8239826762680375,0.77963756770805,0.8218852680923622,1205047200
2004-11-08,0.8146939277648926,0.8307248558738695,0.8069041165544512,0.8130461744431875,526920800
2004-11-09,0.8097507953643799,0.817241069868831,0.7997125563715198,0.8124472281778351,475764800
2004-11-10,0.8202374577522278,0.8298251366690591,0.8076530103477948,0.8082519839985839,508676000
2004-11-11,0.8284770846366882,0.8304243244573318,0.812447010384373,0.8232335388453927,407299200
2004-11-12,0.8314729332923889,0.8343195336369085,0.8215857664321681,0.8241320298128021,395701600
2004-11-15,0.8275787234306335,0.8308741800908461,0.8140949095244755,0.8269788994121929,376045600
2004-11-16,0.8230835199356079,0.8269788503895196,0.8161922699620188,0.8263798265053212,295103200
2004-11-17,0.8224844932556152,0.8307248095963776,0.8122969367469425,0.8268294791557068,397751200
2004-11-18,0.8298253417015076,0.8307247025105836,0.8133455612491831,0.8134957297512491,459149600
2004-11-19,0.8265298008918762,0.8525972599560937,0.8164915651234367,0.8313236410430244,765279200
2004-11-22,0.919115424156189,0.9588160147996899,0.8674293570436569,0.9258565545837766,2568210400
2004-11-23,0.9179162383079529,0.9355948095869104,0.9146207335546495,0.9333472335400229,911450400
2004-11-24,0.9595651626586914,0.9767941842728138,0.9221113505258296,0.9242087087984715,1390788000
2004-11-26,0.9670560956001282,0.9851836243057991,0.9639100088015964,0.9790407690668181,550144000
2004-11-29,1.0253344774246216,1.042263067257111,1.0099033724564683,1.0329749206364671,1712916800
2004-11-30,1.0045093297958374,1.03057753813565,1.0045093297958374,1.03057753813565,1028518400
2004-12-01,1.0155962705612183,1.0179931657385772,0.9928242661915596,1.0155962705612183,800553600
2004-12-02,0.9769434928894043,1.0022626104799652,0.9687040783547985,0.9907267900527033,987442400
2004-12-03,0.9390406608581543,0.9737973381079231,0.9251080462732968,0.9667558715661959,1238848800
2004-12-06,0.9854832291603088,0.9923744768867344,0.9430853135832679,0.9625610093848184,1247920800
2004-12-07,0.9421873092651367,0.9997159170481545,0.9372432984219812,0.9877304362162623,1056899200
2004-12-08,0.9480295181274414,0.96525844111041,0.9296025475186052,0.9450335489580205,691902400
2004-12-09,0.958666980266571,0.9648090387140104,0.9299022282729393,0.9409882972277747,741501600
2004-12-10,0.9760451912879944,0.9895281543578035,0.9693032596975772,0.9742472695215033,775773600
2004-12-13,0.9724493026733398,0.9872813314575216,0.9678048300114162,0.9830865142379633,395040800
2004-12-14,0.9781425595283508,0.9869819499181564,0.9740970604927032,0.979790362794391,415721600
2004-12-15,0.977692723274231,0.9806894923889234,0.9687041161395697,0.9773931863800077,398361600
2004-12-16,0.997768223285675,1.011251183011226,0.9895279089193504,0.9910262933674986,1126115200
2004-12-17,0.9736483097076416,1.0043601983404857,0.972300043384882,1.001363428657586,783496000
2004-12-20,0.9396401047706604,0.9887790713002964,0.9252577291714981,0.9808390910573476,1168126400
2004-12-21,0.9541716575622559,0.9553705053904918,0.9228606966517966,0.9522244174508222,1064414400
2004-12-22,0.955070972442627,0.9642097984196554,0.9498274263954858,0.9537227063253729,565829600
2004-12-23,0.9589664936065674,0.9625614374368454,0.9528236352118113,0.9550712126967977,245929600
2004-12-27,0.9462316036224365,0.9760450775211318,0.9420367866973549,0.9708015313616987,559490400
2004-12-28,0.9615124464035034,0.9625611755939277,0.9296025154959358,0.9483290223692348,611755200
2004-12-29,0.9654075503349304,0.9734976446221582,0.9523742485185522,0.9559691903434079,449562400
2004-12-30,0.9708016514778137,0.9742472765066428,0.9621124796407738,0.9709509698967166,345340800
2004-12-31,0.9648088216781616,0.9737975296201796,0.9592658384538251,0.9721498265254186,278588800
2005-01-03,0.948179304599762,0.9754455519799441,0.9378415354686258,0.9705015450217997,691992000
2005-01-04,0.9579178690910339,0.9808392014604524,0.9433853733229728,0.9556702913597778,1096810400
2005-01-05,0.9663071632385254,0.9775434477138449,0.9595652325336168,0.9657072893252465,680433600
2005-01-06,0.9670560956001282,0.9724489586306281,0.9487784484380059,0.9688532165488143,705555200
2005-01-07,1.0374690294265747,1.0431622314504903,0.970052416341163,0.9737975781538913,2227450400
2005-01-10,1.0331244468688965,1.0591919499562952,1.0169441586893229,1.0461577483572946,1725309600
2005-01-11,0.967205822467804,1.0359707058695735,0.9609136462131732,1.0224877425002832,2611627200
2005-01-12,0.9806895852088928,0.9872812977397469,0.9483290962764891,0.9805394667044578,1919702400
2005-01-13,1.0457091331481934,1.114923653876254,1.0446605040555803,1.1042864443711304,3164716800
2005-01-14,1.051701307296753,1.0744733157896613,1.0365705412053503,1.0524504996953457,1770742400
2005-01-18,1.0584428310394287,1.0591920231494087,1.014996189459834,1.046457357476486,1006460000
2005-01-19,1.0469067096710205,1.0705772130066455,1.0449594708299694,1.0560455306046994,751895200
2005-01-20,1.0555963516235352,1.0677319456038221,1.0407651257912718,1.043461557741746,914922400
2005-01-21,1.0560460090637207,1.0726751562660581,1.0487051053303482,1.0683310214627508,911332800
2005-01-24,1.0600910186767578,1.0753727044864487,1.0569449304392453,1.063387325451726,841629600
2005-01-25,1.0794174671173096,1.0912527283231837,1.062788314047612,1.0692299093403153,969231200
2005-01-26,1.082413911819458,1.0899041343271787,1.066982811300568,1.088555968284904,739496800
2005-01-27,1.0882560014724731,1.0924508164555817,1.0719263967426726,1.0810644185864042,496227200
2005-01-28,1.108331322669983,1.108331322669983,1.0852597786684848,1.0879570111530912,801612000
2005-01-31,1.1520774364471436,1.1669094650470098,1.1162721221087697,1.1173208514037096,1681097600
2005-02-01,1.1615153551101685,1.1651110970419376,1.1472831059070314,1.154324571332674,678395200
2005-02-02,1.192976951599121,1.1971717686707692,1.1639126690074988,1.1678079491569051,1020062400
2005-02-03,1.1657105684280396,1.189980959641337,1.158519782196944,1.1850369503150882,731651200
2005-02-04,1.1811414957046509,1.1824897617871435,1.1615156781516611,1.1666098056579115,563556000
2005-02-07,1.182640552520752,1.1887826120851792,1.1610673846516562,1.1824903339438095,524456800
2005-02-08,1.2120039463043213,1.2191947335585767,1.1803925458482813,1.1845874634492564,890019200
2005-02-09,1.179642915725708,1.2283331054299818,1.1700552362814525,1.2141008546260932,1191456000
2005-02-10,1.1739507913589478,1.18773328890033,1.1484823545018303,1.1793436555789234,1093019200
2005-02-11,1.2166484594345093,1.2248879763603047,1.1826402621237435,1.1964227631677444,1201054400
2005-02-14,1.2678847312927246,1.2702816268320343,1.2292327654716417,1.2394195215075419,1271463200
2005-02-15,1.3245149850845337,1.3345523239947903,1.2884093285578988,1.298297349037759,2312217600
2005-02-16,1.3502827882766724,1.3513314175714286,1.3086340530366944,1.3206195308319835,1639243200
2005-02-17,1.315526008605957,1.3615188761789259,1.3101323439596855,1.358073251584204,1518473600
2005-02-18,1.3005446195602417,1.316275157471351,1.2921549860060073,1.3144773359901631,1163254400
2005-02-22,1.2777726650238037,1.3228670221813619,1.2777726650238037,1.2929034296482997,1219293600
2005-02-23,1.321818470954895,1.3251138775047389,1.2816681176601763,1.299195780024148,1345181600
2005-02-24,1.3323049545288086,1.3379973546129225,1.3143268434772732,1.3255631253798703,1519028000
2005-02-25,1.3332035541534424,1.3469868491897798,1.3212180802088014,1.3426419148602489,915510400
2005-02-28,1.344140648841858,1.3525302827612946,1.3171738255117755,1.3387468841265402,651610400
2005-03-01,1.333354115486145,1.3516309691993584,1.3231665592617183,1.3480360259080062,468188000
2005-03-02,1.321967363357544,1.3450389022279128,1.320769315942093,1.325862642657735,458161200
2005-03-03,1.2521536350250244,1.3306563858558615,1.2350749354343868,1.3294583385724665,1411653600
2005-03-04,1.2827168703079224,1.2887087096216985,1.2539521211180606,1.2812184854270323,756618800
2005-03-07,1.280918836593628,1.2959002837978937,1.268933458803086,1.2824164212449982,450632000
2005-03-08,1.2144007682800293,1.2632402915069425,1.2015167793376353,1.2554504308075844,1021451200
2005-03-09,1.179044485092163,1.2069098258259523,1.1634640612653122,1.187733658006761,1322465200
2005-03-10,1.193426251411438,1.2063102357094861,1.1715535618040425,1.1844375461020906,777109200
2005-03-11,1.2066094875335693,1.2161980651371604,1.1925275580872041,1.2048116667375022,632830800
2005-03-14,1.2081084251403809,1.222191259984563,1.1841383723040262,1.2141010633648701,605385200
2005-03-15,1.227284550666809,1.2326782149430369,1.2060109306372069,1.2176968698613095,508608800
2005-03-16,1.2338764667510986,1.267734542269061,1.2218918887633545,1.2347758776701745,697813200
2005-03-17,1.2659374475479126,1.2848141744140196,1.2380712125775315,1.2443634882036765,801920000
2005-03-18,1.287211298942566,1.3015936743653331,1.2734278974597384,1.2982973674549192,940150400
2005-03-21,1.3093833923339844,1.3174734907412433,1.2842144862137237,1.2970984762400153,541128000
2005-03-22,1.283315658569336,1.3171737286720577,1.278821305025797,1.3096826060337974,551415200
2005-03-23,1.2749258279800415,1.3003942628369478,1.2590450732508278,1.2719290591139676,609823200
2005-03-24,1.2734278440475464,1.2884092927942226,1.2734278440475464,1.2857128600479601,352704800
2005-03-28,1.2743266820907593,1.2872106662132594,1.2725287610312501,1.2809183925603136,275410800
2005-03-29,1.2509552240371704,1.2833158136130352,1.2434650006048407,1.2752256162129039,461356000
2005-03-30,1.2824161052703857,1.2824161052703857,1.2530523919745942,1.260543513780315,394959600
2005-03-31,1.2485580444335938,1.2740264785154622,1.2461611494776887,1.2719290204075078,636134800
2005-04-01,1.2251871824264526,1.2638399456888096,1.2155995009160359,1.261142713303117,641284000
2005-04-04,1.2311797142028809,1.2377715254191561,1.2033143849771577,1.228183845518561,580014400
2005-04-05,1.2551497220993042,1.2656368123346133,1.231179673044518,1.2350750522962206,556239600
2005-04-06,1.2683343887329102,1.2827167621147324,1.2629407236808146,1.2704318473546894,414825600
2005-04-07,1.3051881790161133,1.3108813798942935,1.2659372469150778,1.2683341419918712,506987600
2005-04-08,1.3105822801589966,1.3318559062059503,1.3045895404065944,1.3093834321714792,649950000
2005-04-11,1.2560490369796753,1.3258625208671468,1.2557495001502508,1.3228666525114166,821662800
2005-04-12,1.2782217264175415,1.2941024860269499,1.2587460232093715,1.2731283979252854,981061200
2005-04-13,1.2296816110610962,1.2881096148214584,1.2102059098446347,1.286911567110634,1371946800
2005-04-14,1.1164209842681885,1.18533605245656,1.1038365379088055,1.1628634910592617,2753192400
2005-04-15,1.0591922998428345,1.1161218139541014,1.0570948414213992,1.0972451882227952,1728087200
2005-04-18,1.0672823190689087,1.0876574279438234,1.0187423421324788,1.0487051315797982,1327177600
2005-04-19,1.111328363418579,1.1218153586980573,1.0747729483522812,1.0966464500124862,1081642800
2005-04-20,1.063985824584961,1.1308034402835536,1.06188846669997,1.1284065455683903,945131600
2005-04-21,1.11402428150177,1.114923592162604,1.0756718622085548,1.090653205673814,759592400
2005-04-22,1.0636866092681885,1.1086316491623995,1.045709293396796,1.1038369581721386,839129200
2005-04-25,1.108031988143921,1.1092308361434322,1.081964570083638,1.0933500756406882,746460400
2005-04-26,1.08436119556427,1.1239124683636923,1.0822637371530126,1.1020389735034368,810507600
2005-04-27,1.077170729637146,1.0894548467147944,1.0639864013842095,1.0753728075953561,613888800
2005-04-28,1.0648854970932007,1.0888555502757822,1.055895989558859,1.0873571656702963,575106000
2005-04-29,1.0804659128189087,1.0855600404126864,1.055296912011556,1.0831623450179042,671630400
2005-05-02,1.0915522575378418,1.0981447714163641,1.0792681410027538,1.0849604437457485,465920000
2005-05-03,1.0849604606628418,1.1008412214690841,1.0795675948027377,1.0906536636057302,496739600
2005-05-04,1.1131261587142944,1.1146236435024999,1.0816649764341824,1.0819645133967601,448176400
2005-05-05,1.0990432500839233,1.1167211319872867,1.0927510734681842,1.11612205804622,387366000
2005-05-06,1.1158227920532227,1.1185192252752325,1.102339725831939,1.1053356960703768,326247600
2005-05-09,1.1077321767807007,1.1221145487431528,1.101140464656914,1.1170212212259991,355695200
2005-05-10,1.0912518501281738,1.1161212005383423,1.088555419390957,1.101139862966242,440263600
2005-05-11,1.066982626914978,1.068780548039143,0.9920749141051233,1.0546977160085036,2041981200
2005-05-12,1.022637963294983,1.066383160159146,1.0187425827201693,1.061289831792987,970242000
2005-05-13,1.041813611984253,1.055596105496722,1.0208395348119008,1.0247348134410346,702713200
2005-05-16,1.0651849508285522,1.0696793046175053,1.0346223849453675,1.0355216957573812,474294800
2005-05-17,1.059491753578186,1.0624885228485932,1.0349219260143632,1.052900041328711,588344400
2005-05-18,1.0738741159439087,1.1254108659747224,1.0484056778848274,1.0621881760766645,636722800
2005-05-19,1.1251105070114136,1.1290057868870336,1.072076173492772,1.072076173492772,793161600
2005-05-20,1.1251105070114136,1.1281072761957898,1.1143239781743648,1.1161217996554202,452650800
2005-05-23,1.1913292407989502,1.1955240581956517,1.1341001820587409,1.1341001820587409,1042574400
2005-05-24,1.1895312070846558,1.198220277262834,1.1694564346010639,1.1820408845486927,593460000
2005-05-25,1.1919281482696533,1.197022275877807,1.1781456502344227,1.1835385146476332,396006800
2005-05-26,1.2206926345825195,1.2266852716247816,1.196722586474975,1.196722586474975,525520800
2005-05-27,1.2152990102767944,1.2221911587397902,1.1988200816261858,1.2176968054591304,316008000
2005-05-31,1.1913292407989502,1.220693062588197,1.185935575534088,1.218296066938226,404205200
2005-06-01,1.2075092792510986,1.2212917762743605,1.1943249558802818,1.1952243666237088,453812800
2005-06-02,1.1997188329696655,1.2081085674773404,1.1865354073693617,1.2000183699044764,373973600
2005-06-03,1.1457852125167847,1.155972768973254,1.1317032757567855,1.1433883169017356,956869200
2005-06-06,1.1361973285675049,1.1574709485236438,1.1254108001508367,1.148482341530282,811966400
2005-06-07,1.094848394393921,1.130504394021928,1.092151961678501,1.1266091133795118,745264800
2005-06-08,1.1062337160110474,1.1161217335713962,1.0957467246961072,1.097544546070716,404006400
2005-06-09,1.1281073093414307,1.1367964800515378,1.103237944851066,1.108631609477349,390255600
2005-06-10,1.072975516319275,1.1206160823396407,1.0642855463164334,1.1206160823396407,678932800
2005-06-13,1.0756721496582031,1.0969457730773147,1.0732752540780122,1.0753726127199292,435772400
2005-06-14,1.0786676406860352,1.0831619929270655,1.0711773203170885,1.0762706461566662,347846800
2005-06-15,1.1125257015228271,1.117619827463219,1.087657145800669,1.1047359443569247,563343200
2005-06-16,1.1379952430725098,1.1409912120233436,1.1032378627329364,1.1143239279717227,547674400
2005-06-17,1.1478825807571411,1.1547746302276303,1.1335002080767203,1.152677271720467,596125600
2005-06-20,1.126908779144287,1.1412911554431884,1.122114887073475,1.134100367343146,323716400
2005-06-21,1.1343992948532104,1.1442873107631057,1.1200169262815958,1.1302044790249473,370526800
2005-06-22,1.1550740003585815,1.1565715847251536,1.1427890879715432,1.1463848306409279,424925200
2005-06-23,1.1652616262435913,1.1919281107766684,1.1580700404499882,1.1634637047921108,674254000
2005-06-24,1.1314024925231934,1.1721527058805576,1.1290055976415323,1.1712532952291859,410709600
2005-06-27,1.111627459526062,1.1415901484232431,1.0990429101621568,1.1038368003684675,600171600
2005-06-28,1.1179193258285522,1.1263089564154156,1.1137245105351206,1.1233130884013312,350299600
2005-06-29,1.0897549390792847,1.117320837253725,1.0822638156142073,1.1155229156156956,448358400
2005-06-30,1.1029386520385742,1.1134256466034949,1.0879572026565887,1.0969459122660266,418390000
2005-07-01,1.0936493873596191,1.1077322230056632,1.08735721187734,1.1035374060133682,250000800
2005-07-05,1.1379952430725098,1.143088570311097,1.0936492819079848,1.0951476664326674,454269200
2005-07-06,1.1203166246414185,1.143388167089083,1.1146234232307048,1.1299052059686168,394626400
2005-07-07,1.127508282661438,1.1314026623579736,1.1026388193249554,1.1029383562208983,383723200
2005-07-08,1.1460846662521362,1.146984077113406,1.1227136855479876,1.1346990628640916,290735200
2005-07-11,1.1415902376174927,1.1580700678416336,1.132002556468084,1.149680434285077,388788400
2005-07-12,1.1457852125167847,1.1505799038578957,1.1358980931139582,1.1454857755864893,387038400
2005-07-13,1.149080753326416,1.1535751046312435,1.1355969993260566,1.1472828327824023,684835200
2005-07-14,1.2209923267364502,1.2587457779765403,1.2054120072349397,1.2221912744472812,2096060400
2005-07-15,1.2449640035629272,1.2455629777048696,1.2123039608525095,1.2275848523448072,687682800
2005-07-18,1.243165135383606,1.2614419838192699,1.2395692930195823,1.240768240515269,586297600
2005-07-19,1.2941023111343384,1.295301158904392,1.2305809814911495,1.2440639434019043,671062000
2005-07-20,1.3072859048843384,1.312380133456824,1.277922181719772,1.2842144581183492,453395600
2005-07-21,1.2970986366271973,1.3195711127566896,1.2854134931070722,1.3093835542402052,404264000
2005-07-22,1.3183727264404297,1.3183727264404297,1.3000950732066818,1.3015934579246524,301106400
2005-07-25,1.3126795291900635,1.3267623653441802,1.31028263369703,1.3180723940308947,294627200
2005-07-26,1.3072859048843384,1.3216682795131838,1.2991958066540703,1.3186724098554012,268592800
2005-07-27,1.3180720806121826,1.320469775633716,1.2785216141720586,1.3132781907537041,283749200
2005-07-28,1.3123799562454224,1.3183726948751888,1.2973986097326409,1.3138775408289023,251311200
2005-07-29,1.277922511100769,1.329758820497455,1.2662374662817144,1.3051888825018687,562080400
2005-08-01,1.280918836593628,1.2908060556823466,1.2608432612861467,1.2755251715576719,314249600
2005-08-02,1.2941023111343384,1.3033904559916725,1.2767239690787757,1.2851136031856167,296875600
2005-08-03,1.2950007915496826,1.2976980239475475,1.2815178299547636,1.294102280820237,258322400
2005-08-04,1.2797199487686157,1.288409119867056,1.2671354975060192,1.28511361363595,269304000
2005-08-05,1.2881091833114624,1.299195246431461,1.2590449096268936,1.273127841235807,241931200
2005-08-08,1.277922511100769,1.2959007340515143,1.2767244629658838,1.2884096077973046,176383200
2005-08-09,1.3129788637161255,1.3150762219584604,1.2857125064795714,1.2863114802296711,380839200
2005-08-10,1.2997952699661255,1.3300574944349977,1.2976978118252356,1.3183724563199386,360945200
2005-08-11,1.3183727264404297,1.321967669618073,1.2959002560777375,1.3000950732066818,271983600
2005-08-12,1.3812949657440186,1.384890008888105,1.2991956457463718,1.302192415144063,916036800
2005-08-15,1.4286361932754517,1.44811189520796,1.3917821480770536,1.392680658890124,1086727600
2005-08-16,1.3857890367507935,1.423242945870794,1.3845901892192736,1.4199466402237295,537622400
2005-08-17,1.4127559661865234,1.4214451361673281,1.3893840881831134,1.3902834989361823,499724400
2005-08-18,1.3872867822647095,1.40826086579606,1.3708078524343346,1.4055644336567816,442559600
2005-08-19,1.3732049465179443,1.399272461218603,1.3714070247944614,1.3866879092652264,376569200
2005-08-22,1.3744027614593506,1.4007706087318639,1.3561259106151782,1.3827923946656273,387732800
2005-08-23,1.3705075979232788,1.3812949273267325,1.3579231470470765,1.3738039041518013,295604400
2005-08-24,1.3714066743850708,1.411856552414869,1.366013010605096,1.3663125474680855,572070800
2005-08-25,1.3800959587097168,1.3929799453716698,1.3726048361785612,1.3818938801235987,276253600
2005-08-26,1.3705075979232788,1.3884857135012079,1.3591219947900692,1.3818940011550904,261058000
2005-08-29,1.3735041618347168,1.3791973625992235,1.3561258227702944,1.3564253596396787,256295200
2005-08-30,1.3953768014907837,1.4019686130873776,1.3759011036051896,1.3779985618483053,518761600
2005-08-31,1.4049652814865112,1.4091600976601601,1.3863880955570573,1.4040658708137024,402956400
2005-09-01,1.3860892057418823,1.4133555736050176,1.3809949765173777,1.4082613443805132,356367200
2005-09-02,1.384890079498291,1.4022692226296403,1.3818941100464712,1.3872869750745465,222378800
2005-09-06,1.4621951580047607,1.4645920543114415,1.3947785238940897,1.3992728794907525,818619200
2005-09-07,1.4585986137390137,1.480172568904952,1.4358274112245544,1.4696854782298885,963074000
2005-09-08,1.4915580749511719,1.501745628794204,1.4723819148267372,1.4786741892544917,702640400
2005-09-09,1.5374019145965576,1.5386007623777926,1.4918579004137005,1.500247534598791,615641600
2005-09-12,1.5400980710983276,1.5469902194547787,1.5155290468903297,1.531109464688274,452796400
2005-09-13,1.5227200984954834,1.5368029344199765,1.5077386518034965,1.528712737179675,492884000
2005-09-14,1.4864647388458252,1.5338058651064637,1.4819703857269044,1.529910485703089,474426400
2005-09-15,1.4942548274993896,1.5035438727508867,1.4780754327329115,1.4981502077629645,415156000
2005-09-16,1.5344057083129883,1.5344057083129883,1.4966523603106756,1.5050419932000785,591004400
2005-09-19,1.5772525072097778,1.5847436295921924,1.5296111411250926,1.5296111411250926,783731200
2005-09-20,1.5937317609786987,1.612308942847827,1.585641667257733,1.5877391248922794,819828800
2005-09-21,1.5613718032836914,1.5895374722528497,1.5538815807651838,1.5868410401520994,434747600
2005-09-22,1.5550795793533325,1.572159182391266,1.5377012395314769,1.5544805055884534,463727600
2005-09-23,1.5940316915512085,1.6030203978706408,1.5532823761732601,1.5610721349276322,558457200
2005-09-26,1.613208293914795,1.6347813536769138,1.5976278729905575,1.6189014958348271,546562800
2005-09-27,1.6012221574783325,1.625193003005346,1.6009226206713807,1.6156045247773354,341703600
2005-09-28,1.5305110216140747,1.5913359336299195,1.5158291083641855,1.5901370855694403,1125544000
2005-09-29,1.568264365196228,1.5757546901775574,1.522420903980486,1.535005358036561,636846000
2005-09-30,1.6063169240951538,1.6075149717139003,1.5544806370303974,1.5679644984591183,531633200
2005-10-03,1.6311862468719482,1.6341822159472856,1.608414241574122,1.6227966133476548,507553200
2005-10-04,1.6105118989944458,1.6584528107898704,1.6072155925130327,1.6464673328101818,539459200
2005-10-05,1.5814476013183594,1.6287895388435631,1.5805490905269626,1.6278901279411775,610769600
2005-10-06,1.549088478088379,1.6027218110028563,1.524219102455508,1.5940326363996404,757537200
2005-10-07,1.5371028184890747,1.5559795508252339,1.514630341876637,1.5496873733880856,677882800
2005-10-10,1.5092369318008423,1.5553800164396439,1.5065396995128852,1.5508847626428104,507505600
2005-10-11,1.5457913875579834,1.554181020868048,1.5101353959840507,1.5350048590340692,1225884800
2005-10-12,1.4756786823272705,1.5071398642870077,1.4343294802958957,1.457700464015202,2697486400
2005-10-13,1.6102123260498047,1.61650450182377,1.4762775129794847,1.4813709409576217,1865575600
2005-10-14,1.6180016994476318,1.6284887899122336,1.5817467381774333,1.618901110122527,1035552000
2005-10-17,1.6012221574783325,1.6248935662106836,1.5784509593634684,1.6174024457050726,616834400
2005-10-18,1.564368486404419,1.6165042047327234,1.5640689495290088,1.5955301226537,609588000
2005-10-19,1.6461676359176636,1.646766709733771,1.5344058649620957,1.5601738400159313,1008683200
2005-10-20,1.6821234226226807,1.6929099527095997,1.6284892089883256,1.6320849523794076,1357762000
2005-10-21,1.667740821838379,1.7072921958997445,1.6587522141391762,1.7030972789446919,796726000
2005-10-24,1.7015986442565918,1.7015986442565918,1.6506617746025616,1.6554556646669367,609753200
2005-10-25,1.6809242963790894,1.7033966650618872,1.6686401829287685,1.6899138039212112,465127600
2005-10-26,1.7087910175323486,1.724670778514085,1.675531910386041,1.6863184424081237,631593200
2005-10-27,1.6602506637573242,1.7081907734691493,1.6602506637573242,1.7075916996196352,411541200
2005-10-28,1.6320844888687134,1.6908120138827307,1.6230958830362587,1.679126976318996,769787200
2005-10-31,1.725569486618042,1.737254524159167,1.6404741178376252,1.6539579766771058,940844800
2005-11-01,1.7228726148605347,1.7420495792095716,1.7039958875280499,1.7150828544524022,749686000
2005-11-02,1.7962818145751953,1.7977801991033102,1.7258691431578992,1.729464985990888,857060400
2005-11-03,1.853212594985962,1.8672945320021053,1.7998778161060955,1.8055711183786556,884382800
2005-11-04,1.8322384357452393,1.8349349684054201,1.7863949802260501,1.8082674785465098,878035200
2005-11-07,1.8046718835830688,1.8478190076291015,1.8019753508502458,1.8232489758631836,638831200
2005-11-08,1.794784426689148,1.8091667994729241,1.7708134720084294,1.7962820112827274,473765600
2005-11-09,1.8010766506195068,1.8340353140177097,1.7977804442377634,1.7977804442377634,552930000
2005-11-10,1.833137035369873,1.8337361093041782,1.768117411016821,1.816956838501798,665344400
2005-11-11,1.8439229726791382,1.8610018749601254,1.8379302350194082,1.8439229726791382,425448800
2005-11-14,1.841227412223816,1.8571073735770423,1.8250472137879445,1.843923745251168,369933200
2005-11-15,1.8660963773727417,1.89006633142545,1.8415263493670302,1.8457212663478237,536841200
2005-11-16,1.946097493171692,1.9493928993925793,1.890365823193635,1.8921638448336688,784515200
2005-11-17,1.9332139492034912,1.973963381701087,1.9251237500752785,1.9652741085880798,676205600
2005-11-18,1.934411644935608,1.9604800609498816,1.92871934268637,1.9568842173370293,524960800
2005-11-21,1.9463962316513062,1.9532874786547956,1.9092418650063747,1.9422015160786201,511711200
2005-11-22,1.9931387901306152,2.000330275527834,1.9332132122473202,1.9428007926456037,540282400
2005-11-23,2.0108184814453125,2.0368859052492945,1.9982341251159128,2.003926429093121,485853200
2005-11-25,2.0776355266571045,2.08362746590792,2.0225029247154875,2.027297716269143,395012800
2005-11-28,2.087223529815674,2.1294711465403395,2.0695455469429715,2.1189840515965983,1018519600
2005-11-29,2.040480375289917,2.1063986831191412,2.018007811206344,2.0971105406949033,891433200
2005-11-30,2.0320916175842285,2.062953826853804,2.0231029081232315,2.0503692735639683,595674800
2005-12-01,2.145350456237793,2.149245734591051,2.061753590262023,2.065948505411686,812893200
2005-12-02,2.176213264465332,2.1795086700882917,2.1183843464532988,2.1654257366564194,895762000
2005-12-05,2.1519429683685303,2.1732165877856398,2.142054950858631,2.155838247993642,583671200
2005-12-06,2.2187607288360596,2.24213160789151,2.1977865450291745,2.215164885864647,857029600
2005-12-07,2.215764284133911,2.231045968920132,2.1908956169248994,2.224153918880288,679464800
2005-12-08,2.2196600437164307,2.2223573769776883,2.175314764762957,2.1932929860104062,790479200
2005-12-09,2.2271502017974854,2.2349407609538647,2.197786386589627,2.223554359085299,555402400
2005-12-12,2.24452805519104,2.2577114754492076,2.2340409663152343,2.243329907937305,524994400
2005-12-13,2.2466259002685547,2.261008271638688,2.2235544587300193,2.242730620515805,493816400
2005-12-14,2.157636880874634,2.196288854621255,2.1055012418158565,2.1732174051612345,1450716400
2005-12-15,2.162729501724243,2.183104610556998,2.1378600394916947,2.1777109464230606,561162000
2005-12-16,2.1306703090667725,2.1663263154499304,2.129171923895749,2.161532323006477,671171200
2005-12-19,2.1387598514556885,2.1753143610599643,2.1285723946641406,2.130669853420422,529295200
2005-12-20,2.1606321334838867,2.168722329984932,2.1309688797452706,2.14624976195111,479108000
2005-12-21,2.202280282974243,2.205576488111871,2.173515547491401,2.175313368462152,475736800
2005-12-22,2.2178611755371094,2.2319441101421726,2.205276825513774,2.214565769639623,370610800
2005-12-23,2.1977860927581787,2.2250524460862713,2.1962877084807277,2.222356114480339,229857600
2005-12-27,2.2241530418395996,2.252618141396078,2.2157634104014696,2.217261794615833,590590000
2005-12-28,2.204378843307495,2.240034843629286,2.196887718824715,2.2313455712825814,398115200
2005-12-29,2.140856981277466,2.2118695309423106,2.1399576704707397,2.2106705832164395,490025200
2005-12-30,2.154040575027466,2.1702207684064727,2.1075978533439077,2.124676757442919,624262800
2006-01-03,2.239734649658203,2.239734649658203,2.164827023903284,2.1687223036527885,807234400
2006-01-04,2.2463274002075195,2.2765897400149093,2.232244459843596,2.251121192622396,619603600
2006-01-05,2.228649139404297,2.244229461485434,2.209772410658841,2.242132002730455,449422400
2006-01-06,2.2861785888671875,2.2981640724601324,2.2337432982966123,2.2547174945347463,704457600
2006-01-09,2.278686046600342,2.3131440905078744,2.2693979026577504,2.2990611560312493,675040800
2006-01-10,2.42280912399292,2.453671334292082,2.2720951165940804,2.284679470279051,2279869200
2006-01-11,2.5138967037200928,2.5408626279777007,2.474644864901198,2.512098882091412,1493794400
2006-01-12,2.5255825519561768,2.5888045659455967,2.5055078708054475,2.5459576702397406,1280809600
2006-01-13,2.5645344257354736,2.57711877845905,2.534871165726557,2.546556207488421,776305600
2006-01-17,2.538166046142578,2.5882044097666608,2.512997145888523,2.5678293000019896,835623600
2006-01-18,2.4716477394104004,2.5183906949731,2.4524715782075877,2.4893265162369884,1200637200
2006-01-19,2.368276357650757,2.4467800487303584,2.3592878480422668,2.434495132188875,1695848000
2006-01-20,2.2798850536346436,2.3982386333315358,2.272094493934064,2.375467428200761,1134758800
2006-01-23,2.3272268772125244,2.3838568482545006,2.2771885175854054,2.280184286358857,1059730000
2006-01-24,2.2783868312835693,2.379662514405265,2.2702966340953705,2.3598862768094575,1142254400
2006-01-25,2.223254919052124,2.3221326925236405,2.194789614507453,2.3188370867806585,1275786400
2006-01-26,2.1672239303588867,2.2601097708244446,2.1552392542428973,2.233143049415649,1181387200
2006-01-27,2.1582353115081787,2.205276907401539,2.1303698782683744,2.185801107830366,953864800
2006-01-30,2.2472245693206787,2.2951654652124427,2.123477350576968,2.1324668561289353,1398401200
2006-01-31,2.2625069618225098,2.287376428169608,2.209772259756949,2.262207524902637,913542000
2006-02-01,2.259810209274292,2.2909718566720025,2.236439123744531,2.245728070611783,521186400
2006-02-02,2.160332679748535,2.258012310567607,2.1588342951983557,2.2502217510347813,707322000
2006-02-03,2.152841329574585,2.1810069956534965,2.128571742948877,2.164527167638814,692123600
2006-02-06,2.016509771347046,2.172617598980844,1.9997305046627538,2.157935790638248,1651767600
2006-02-07,2.0254998207092285,2.081830573983053,1.9979340180816632,2.0455746986829006,1388830800
2006-02-08,2.061753273010254,2.0698434652682978,1.977557346421866,2.0521646969761873,953114400
2006-02-09,1.946097493171692,2.0743391013653927,1.9335129418887105,2.070443621174086,1149764000
2006-02-10,2.0168099403381348,2.027596467469877,1.8846730827404956,1.9529882879738234,1760477600
2006-02-13,1.9389052391052246,2.000030556061488,1.936807981192517,1.9964347138586513,883498000
2006-02-14,2.0266976356506348,2.0404809347494237,1.9475958845969534,1.9505918539169405,1160938800
2006-02-15,2.0740396976470947,2.0860251764306605,2.0000313664053677,2.0123154820351266,1159771200
2006-02-16,2.1144895553588867,2.1276731823889725,2.081830524812122,2.094714514863129,948175200
2006-02-17,2.1060988903045654,2.1240771002597922,2.0857239857378174,2.1063985271371526,575999200
2006-02-21,2.0698440074920654,2.1213797418229983,2.057858534340391,2.1150875684429544,779606800
2006-02-22,2.1369614601135254,2.1474485510751973,2.037483814407994,2.0674475029402646,978238800
2006-02-23,2.1498451232910156,2.187298928233426,2.1402565443759825,2.1510440707015066,856917600
2006-02-24,2.1411566734313965,2.1840033538019146,2.133365913308005,2.1615315844095706,534744000
2006-02-27,2.127072811126709,2.1609309690133234,2.116885360076179,2.157035490636518,791240800
2006-02-28,2.052166700363159,2.1693223838061613,2.0404816557923793,2.1447531464191663,1266980400
2006-03-01,2.070443868637085,2.0821299105584274,2.0380842758405673,2.062653307372644,763817600
2006-03-02,2.085723876953125,2.097110276022145,2.0575590162818647,2.0671473944245533,625273600
2006-03-03,2.0290937423706055,2.094713405951964,2.0234014428802767,2.079431528059592,737668400
2006-03-06,1.9619770050048828,2.0290940632024665,1.945797614264986,2.028195552648192,912665600
2006-03-07,1.986846923828125,2.0045257049173903,1.949992977035712,1.9703672906816785,872877600
2006-03-08,1.967370629310608,2.0135137059110675,1.9580824866673625,1.986247351557369,653251200
2006-03-09,1.9155352115631104,1.9916418044881206,1.911940167869936,1.9769599924879528,799304800
2006-03-10,1.8933624029159546,1.9323137963924948,1.8711892742235323,1.9191301739759616,1043142800
2006-03-13,1.9679701328277588,1.9859481484401258,1.9413036464474218,1.9490934064581922,861187600
2006-03-14,2.0171101093292236,2.0171101093292236,1.9625775800707583,1.9706675783682932,642020400
2006-03-15,1.9844497442245483,2.038683027405223,1.963176122670991,2.028795008902298,891996000
2006-03-16,1.9269212484359741,2.0045254113525304,1.9266216115126598,2.003027026711311,749638400
2006-03-17,1.9374078512191772,1.9637746936610583,1.9209280246253573,1.9401041827984498,812042000
2006-03-20,1.9173332452774048,1.9613788861688415,1.9137374010882078,1.9541881979139912,605441200
2006-03-21,1.852013111114502,1.9278194399387878,1.8394287624683785,1.8520131111145022,1345366400
2006-03-22,1.8478184938430786,1.895160322323817,1.8358330182533968,1.8625003013911865,1345895600
2006-03-23,1.8025742769241333,1.854710105836293,1.78609524488107,1.8523130102484546,1427826400
2006-03-24,1.7965822219848633,1.8259460409648365,1.7687159875765417,1.8052714929047413,1071980000
2006-03-27,1.7830983400344849,1.8391294450248976,1.7798029339252783,1.8082672417228218,1108072000
2006-03-28,1.7591285705566406,1.8019752552579327,1.7453452705272454,1.7866943705167468,1370322800
2006-03-29,1.867593765258789,1.8732870669104396,1.7279667574018154,1.7717127487281317,2346834000
2006-03-30,1.8801782131195068,1.8966580432168834,1.8436237100876027,1.8822756714986726,1390650800
2006-03-31,1.8792802095413208,1.9059475017944998,1.8648978339421585,1.895160970125996,815357200
2006-04-03,1.877182126045227,1.9212277491155452,1.8759833784507092,1.9077448890527942,815791200
2006-04-04,1.8328371047973633,1.8642981790725923,1.829241261987159,1.860702336262388,931924000
2006-04-05,2.0138142108917236,2.0138142108917236,1.9221270827582806,1.9389063558720185,2233408800
2006-04-06,2.1345646381378174,2.1588342265567726,2.0434766220780687,2.046473391083144,2663768800
2006-04-07,2.091118335723877,2.133665579781355,2.051567060927331,2.125275945737338,1545238800
2006-04-10,2.0575594902038574,2.1252756262125976,2.0509676787370306,2.106099265559444,903515200
2006-04-11,2.037184715270996,2.0764363536569004,2.0096187173252957,2.0671482087459805,939316000
2006-04-12,1.9988324642181396,2.042578662680509,1.9865475482085406,2.0377848711067417,739894400
2006-04-13,1.9916414022445679,2.0207047833204297,1.9718653655188623,1.987746122283444,734678000
2006-04-17,1.9419023990631104,2.0027272913331915,1.9281191012682466,1.9928392733499196,721938000
2006-04-18,1.984151005744934,1.9916421315147317,1.9413043106561245,1.9487944363023246,794844400
2006-04-19,1.9670720100402832,2.0075218030531574,1.9616781442360998,2.0021289373724267,1086033200
2006-04-20,2.026397705078125,2.097410041633673,1.9835508336831793,2.082728235350112,1666982800
2006-04-21,2.008718967437744,2.0566598473402773,1.9916402727523663,2.0431761935831907,788986800
2006-04-24,1.9700673818588257,2.005124502133809,1.9625772588112116,2.003027043652869,707028000
2006-04-25,1.9826515913009644,1.99523593997024,1.9643747420947826,1.9763594169663266,529062800
2006-04-26,2.0419790744781494,2.045873554092383,1.98954381695408,1.9970341394047324,710886400
2006-04-27,2.0782344341278076,2.0932156812277887,2.01800840861177,2.029395012513309,845947200
2006-04-28,2.1090962886810303,2.1363626485173413,2.0734404950754746,2.0788333595991646,760037600
2006-05-01,2.08542537689209,2.143553950944874,2.072241949833399,2.1204823035119342,750380400
2006-05-02,2.1459503173828125,2.1567368459629668,2.100706544692947,2.101904692269165,771663200
2006-05-03,2.1315672397613525,2.1558376211126995,2.1028033064262086,2.1522417794028073,686991200
2006-05-04,2.1312687397003174,2.1840034407573143,2.111193864899045,2.1339650721002412,860420400
2006-05-05,2.154040575027466,2.164827103913947,2.1318674433261684,2.1531418643074614,563911600
2006-05-08,2.154040575027466,2.2112696255728626,2.1489471475237507,2.187000035590602,594851600
2006-05-09,2.128272771835327,2.1741162233808806,2.115987657335832,2.1519432899186457,531666800
2006-05-10,2.1153886318206787,2.1372611266768726,2.0857245769855792,2.136062378982123,459888800
2006-05-11,2.0419790744781494,2.12257920057137,2.0240008604192226,2.121080816041826,812688800
2006-05-12,2.0284950733184814,2.0581583243612775,2.003326175454289,2.0329894264970854,641774000
2006-05-15,2.03119158744812,2.0488701632261574,2.0111167167478037,2.0186070386137964,529177600
2006-05-16,1.9469958543777466,2.0449751246432526,1.940104605430778,2.040480770974687,936740000
2006-05-17,1.955385446548462,1.9685698704855759,1.9197294547685355,1.9389056167132996,754194000
2006-05-18,1.8930624723434448,1.9853486150399497,1.8912646513770353,1.9679694790067406,658442400
2006-05-19,1.93291437625885,1.9440003445806344,1.8822761260677223,1.8954603533739627,985866000
2006-05-22,1.8990553617477417,1.917333017386733,1.8807785062074907,1.9137371736249313,718975600
2006-05-23,1.8921645879745483,1.9532889467064822,1.8876702321956207,1.9434017240373649,694414000
2006-05-24,1.8978564739227295,1.9071448165727791,1.8445219127157082,1.8873695838276137,916031200
2006-05-25,1.9275203943252563,1.9311162379372708,1.89635874997569,1.9254231355906524,463372000
2006-05-26,1.9041489362716675,1.9344110605146785,1.891864024414907,1.9269209387342554,432950000
2006-05-30,1.8343355655670166,1.8966580428612827,1.8343355655670166,1.8963584059500294,563402000
2006-05-31,1.7908893823623657,1.8514146507280382,1.7585287893070876,1.8505153397597873,1280977600
2006-06-01,1.8628002405166626,1.8660966472418756,1.783398243547771,1.793286263575331,942508000
2006-06-02,1.8475185632705688,1.8906648683624756,1.824147489659649,1.8873694631730311,685787200
2006-06-05,1.79777991771698,1.8322377558544882,1.7968814072047914,1.8322377558544882,605785600
2006-06-06,1.7893905639648438,1.8166569218246906,1.7651209751579717,1.8043718089094865,726037200
2006-06-07,1.7546344995498657,1.8097663083970437,1.7483423224581445,1.8007775982801295,750506400
2006-06-08,1.8205525875091553,1.8256458158213875,1.712385643788886,1.7510384120823221,1397482800
2006-06-09,1.7750083208084106,1.8445222864869997,1.770813403900627,1.8331366835255292,775838000
2006-06-12,1.707890510559082,1.7896895641807702,1.7066925633237808,1.7798023489794106,717785600
2006-06-13,1.7477421760559082,1.770813621813909,1.7186779911207604,1.7261689150921944,1080643200
2006-06-14,1.7261683940887451,1.761225507644545,1.6986026022926441,1.7462440642728183,878136000
2006-06-15,1.779203176498413,1.7899897064820873,1.700401060164395,1.7168806921099307,1190383600
2006-06-16,1.724670171737671,1.7735105858288167,1.723472224225295,1.7666185371585166,838101600
2006-06-19,1.713883876800537,1.74324769658714,1.707891138053481,1.7327606038044492,704575200
2006-06-20,1.7219743728637695,1.7483422279008625,1.7165807070309844,1.7261690906898155,672974400
2006-06-21,1.733659267425537,1.759127797518192,1.7168800052474253,1.7300636255196917,863296000
2006-06-22,1.7851953506469727,1.790289577155845,1.7399517864078566,1.7438462653668538,965633200
2006-06-23,1.7627233266830444,1.8028746769549573,1.7597275573337505,1.7893908145255493,660203600
2006-06-26,1.7675179243087769,1.7738100993840675,1.7489406359431467,1.7729107886062276,466536000
2006-06-27,1.7207752466201782,1.774409462057595,1.719876735794615,1.7705141815996657,550611600
2006-06-28,1.678527593612671,1.716880723265549,1.6602507397372943,1.71658048624075,850704400
2006-06-29,1.7669179439544678,1.7705137866766938,1.6896140262516166,1.7007001911866257,873398400
2006-06-30,1.7159814834594727,1.7303638576690183,1.6929100373661021,1.7255700663069615,739695600
2006-07-03,1.7363563776016235,1.7432476268356876,1.7180787251790914,1.7234723898602866,194770800
2006-07-05,1.707890510559082,1.7258687201948946,1.694707090233239,1.7123848629434508,518240800
2006-07-06,1.671037197113037,1.7198766177926963,1.6662425060474886,1.7105884727966076,633208800
2006-07-07,1.6599500179290771,1.6944079592466674,1.6380773256894714,1.6623477130536874,799360800
2006-07-10,1.6479655504226685,1.692610151208202,1.6329842045293397,1.6689396346979746,529345600
2006-07-11,1.667441487312317,1.6776290439987853,1.6338829476973011,1.6512612914035942,825022800
2006-07-12,1.586841106414795,1.6551563231762785,1.5856422587110233,1.6530588647593685,927329200
2006-07-13,1.5655667781829834,1.6215978848070236,1.5403978757608288,1.558975065661459,1249906000
2006-07-14,1.5182260274887085,1.5847441392585089,1.5029451410382586,1.5730581966097568,993036800
2006-07-17,1.5691624879837036,1.5913354192248628,1.5475893306221362,1.5499862258694757,1024542400
2006-07-18,1.5850435495376587,1.6135078612285472,1.5535823681178182,1.5928333105738204,1000448400
2006-07-19,1.6209988594055176,1.6503626797878832,1.5688631313839627,1.586841247977561,1390743200
2006-07-20,1.8127613067626953,1.8454213264156012,1.7893904303770662,1.8265448031753735,1972146400
2006-07-21,1.819353699684143,1.83223848960658,1.7869941066626578,1.792387772215603,891892400
2006-07-24,1.8403277397155762,1.8607026522445973,1.8106644817957558,1.8355337485453356,722856400
2006-07-25,1.8556087017059326,1.8604024909850794,1.821150665933199,1.851114349235218,589069600
2006-07-26,1.9137368202209473,1.9368084632241718,1.8481181343583382,1.8577067159113063,898427600
2006-07-27,1.8996549844741821,1.9481949683558315,1.8834745897976484,1.932613647531548,735044800
2006-07-28,1.9652730226516724,1.9679695541797049,1.9026503234350929,1.9158337442852582,691507600
2006-07-31,2.0362861156463623,2.0563607892917277,1.9859481128871321,2.0024279435680543,892841600
2006-08-01,2.0129144191741943,2.0353859812863275,1.9757600523119974,2.0141123664209504,711765600
2006-08-02,2.04227876663208,2.0578590858061347,2.0228021675166783,2.0269968842192805,550768400
2006-08-03,2.08512544631958,2.0974103595785367,2.0317916766513267,2.0347876456956087,841044400
2006-08-04,2.046473741531372,2.055761886811058,1.946397001515804,2.0090199232684234,1852866400
2006-08-07,2.0138142108917236,2.085425658633523,1.9868472790717788,2.029095098876894,1245512800
2006-08-08,1.9410027265548706,2.010817113120854,1.932913531653831,2.010217239341565,997864000
2006-08-09,1.905347228050232,1.9655730506933577,1.8996549264919769,1.9604798229690679,955838800
2006-08-10,1.9197291135787964,1.9419020406975014,1.8786802648505616,1.8951600917567961,697760000
2006-08-11,1.9071452617645264,1.9215276344380434,1.8750849102234688,1.8945607106782807,777529200
2006-08-14,1.9158347845077515,1.9541881207226082,1.9056481265676235,1.9191309915530395,717620400
2006-08-15,1.991042137145996,1.9925405222292467,1.9416036304117277,1.9577830289204579,861352800
2006-08-16,2.0368845462799072,2.0395810779658556,1.9874460651166117,2.0105177030354633,781284000
2006-08-17,2.025200605392456,2.0572607662964373,2.0129156876402594,2.0374847230458037,581148400
2006-08-18,2.03478741645813,2.0494692233132548,2.015311619618035,2.028794678946147,536354000
2006-08-21,1.994338035583496,2.016810607958268,1.9820531200298075,2.0165101708942363,526226400
2006-08-22,2.0260987281799316,2.047072915438082,1.9925401885866312,1.9979338539189473,576968000
2006-08-23,2.0168099403381348,2.0569602802775555,2.0057229762418136,2.037483683953985,536258800
2006-08-24,2.0317914485931396,2.0431770497967743,1.9856483698548373,2.0341883435743093,655191600
2006-08-25,2.059957504272461,2.0689460156605595,2.0168111694265707,2.017709680523336,543958800
2006-08-28,2.0069222450256348,2.055761661852094,1.9979335376517988,2.0524662558708764,738161200
2006-08-29,1.9919406175613403,2.015311694654402,1.9511906010364557,2.007221498712002,947332400
2006-08-30,2.0063230991363525,2.0320910727249046,1.9979334658675156,2.017708701389302,680142400
2006-08-31,2.0329887866973877,2.0464726420881885,1.9973328092715474,2.015910089973816,574697200
2006-09-01,2.0488698482513428,2.0569600427026633,2.032090585734816,2.0518658165174726,408494800
2006-09-05,2.1417558193206787,2.1423548932258827,2.0539641888400246,2.0665485413181517,1012457600
2006-09-06,2.098308801651001,2.148047726879274,2.0884215840640823,2.1297698760061716,974103200
2006-09-07,2.181307077407837,2.201682190801184,2.1049018523616736,2.1153889460080397,1267957600
2006-09-08,2.172917127609253,2.2043784039891676,2.1546394755988043,2.1983856656170055,895921600
2006-09-11,2.17231822013855,2.209172160383392,2.139957633455286,2.170220761740815,949124400
2006-09-12,2.176213264465332,2.2007822886030035,2.140856712518748,2.1816061282589962,1684687200
2006-09-13,2.223254919052124,2.2268505617345613,2.166325310085914,2.1828049389978332,1146138000
2006-09-14,2.2223567962646484,2.2373380433153733,2.2010821732982397,2.2088729338277497,801729600
2006-09-15,2.220258951187134,2.246625797388982,2.1959885630945086,2.2352401956300763,981853600
2006-09-18,2.2139668464660645,2.2430304282250173,2.19628826778045,2.211269714074889,705278000
2006-09-19,2.210371732711792,2.228049515532506,2.1813073438935224,2.2202597536667716,710049200
2006-09-20,2.2550153732299805,2.267599922281029,2.2238537374974245,2.228648527695353,822791200
2006-09-21,2.236738920211792,2.2789875432613345,2.217862186547213,2.254717142796588,794124800
2006-09-22,2.1872997283935547,2.227450079562149,2.174715376545418,2.2262511317130573,665112000
2006-09-25,2.269697666168213,2.2729938723180525,2.208872771484898,2.2115691037198544,858992400
2006-09-26,2.3254282474517822,2.3305216731103298,2.280183689768967,2.2825807842196437,1102948000
2006-09-27,2.289473295211792,2.321234003027329,2.2717945200275125,2.3122444969647167,810373200
2006-09-28,2.307450294494629,2.321533225951264,2.275689789630287,2.307749931334132,723609600
2006-09-29,2.3065524101257324,2.322731803727729,2.297562902451311,2.3104476900966215,405812400
2006-10-02,2.243030309677124,2.2732932376427333,2.2262508426836076,2.2502217955666883,712639200
2006-10-03,2.2196600437164307,2.245728264500518,2.192993549014329,2.230747013535118,790708800
2006-10-04,2.258610963821411,2.2610078585913658,2.192092983444747,2.2202586472561507,829082800
2006-10-05,2.242131471633911,2.281982378440267,2.221157489126287,2.23314296488715,683883200
2006-10-06,2.223853588104248,2.2484236108149025,2.211568676761225,2.229846325356751,466958800
2006-10-09,2.2361395359039307,2.2496231997656513,2.203179868735756,2.211270067052789,438222400
2006-10-10,2.2115695476531982,2.234640995086796,2.1896968481667636,2.23344304723838,531588400
2006-10-11,2.194190502166748,2.216663068512175,2.1753137784651515,2.199883803005117,571855200
2006-10-12,2.2550153732299805,2.2589108527304043,2.2052766508159167,2.205576887772535,592855200
2006-10-13,2.2478249073028564,2.3035555727078054,2.2394352737922927,2.2661017588099197,684196800
2006-10-16,2.2592103481292725,2.2735927188495215,2.240932697832286,2.252918173453016,508692800
2006-10-17,2.2259511947631836,2.2553150091871648,2.2184608727712707,2.248423760935893,480925200
2006-10-18,2.2331435680389404,2.25831247386076,2.214566275616673,2.2397351814384927,1133907600
2006-10-19,2.366777181625366,2.395541922946089,2.3419087199882895,2.3748673776356717,1512977200
2006-10-20,2.3955421447753906,2.3967410924927477,2.3571898195450536,2.3661785270062814,639413600
2006-10-23,2.440786838531494,2.45397026345102,2.3895495232898547,2.3967412096992473,832507200
2006-10-24,2.428501605987549,2.4473783301587737,2.403033070208403,2.4332953962165105,463212400
2006-10-25,2.447378158569336,2.4569657383550596,2.4273024881868372,2.437489941789163,485214800
2006-10-26,2.4626593589782715,2.4749442722767845,2.4308986465828255,2.453970088603608,432756800
2006-10-27,2.409324884414673,2.4704491960442367,2.397339411507572,2.449475018505973,594966400
2006-10-30,2.40962553024292,2.4240079049232195,2.382059728823766,2.396741540452404,499917600
2006-10-31,2.4294004440307617,2.4473786599970375,2.403931904819168,2.440487410592608,501474400
2006-11-01,2.3718721866607666,2.4383903977460912,2.347901427682405,2.4300007621197137,611192400
2006-11-02,2.3664770126342773,2.3766644636931185,2.352094646423446,2.364679191854853,465483200
2006-11-03,2.3458034992218018,2.3829578781654526,2.330822052893038,2.3778644504462125,431888800
2006-11-06,2.3883519172668457,2.3988390113507214,2.349998584551658,2.365579907251913,434576800
2006-11-07,2.412320613861084,2.4270026179121227,2.400935014855768,2.4105227929538655,525932400
2006-11-08,2.4704487323760986,2.4776394146970264,2.3937431203392765,2.3976383983029956,690916800
2006-11-09,2.497116804122925,2.537566580397171,2.4605615069612443,2.483932582153404,923053600
2006-11-10,2.490525484085083,2.504907860910288,2.4719491891355423,2.50341027589589,373864400
2006-11-13,2.5273802280426025,2.530376197922293,2.47614370242819,2.493522047942772,450674000
2006-11-14,2.5468556880950928,2.5468556880950928,2.5138970209165823,2.5408629485766756,588954800
2006-11-15,2.518390655517578,2.573821880017568,2.5168922710416815,2.548353344419852,655323200
2006-11-16,2.5651333332061768,2.585808084436247,2.5354700728089576,2.542960397102574,693940800
2006-11-17,2.5723235607147217,2.5750208928692273,2.5468550244717285,2.551049941041569,466424000
2006-11-20,2.5909018516540527,2.606782614615561,2.552848948077457,2.558841688817649,570794000
2006-11-21,2.654723644256592,2.654723644256592,2.610078324069974,2.6193672726053454,622666800
2006-11-22,2.7059597969055176,2.7191432251118623,2.632250893559845,2.6664085121629633,671941200
2006-11-24,2.7455101013183594,2.7889566516304676,2.6816892419713207,2.682587752620207,518677600
2006-11-27,2.6828877925872803,2.7913541742756265,2.6816898447943536,2.771878571536251,1074836000
2006-11-28,2.750903606414795,2.7556973964783884,2.693973198898742,2.707457058615711,1036173600
2006-11-29,2.750603199005127,2.7910539784924246,2.704160681935474,2.7865596252379454,1157083200
2006-11-30,2.7464091777801514,2.7769717477645,2.728431760211966,2.7628890106167843,870486400
2006-12-01,2.7362220287323,2.766484156209951,2.6996665260806187,2.750603400129255,795079600
2006-12-04,2.7302303314208984,2.7580955742886526,2.711653036118063,2.753002344998789,709536800
2006-12-05,2.7347235679626465,2.766484079115773,2.722738092009331,2.7461091700444005,662838400
2006-12-06,2.6915767192840576,2.7383194800245994,2.686782928480592,2.7158471104515485,638184400
2006-12-07,2.6079795360565186,2.7116519018525156,2.6037846195114542,2.697569167761573,1004827600
2006-12-08,2.64453387260437,2.6783920294110057,2.606780437569741,2.613671683616307,784277200
2006-12-11,2.659217357635498,2.67569719131027,2.638243369364788,2.6637117122561205,499780400
2006-12-12,2.5810132026672363,2.6619129576639557,2.562735553538829,2.65502170967188,1026620000
2006-12-13,2.6682047843933105,2.668803858033387,2.6112751864223296,2.635245332910545,857052000
2006-12-14,2.653224468231201,2.6966712272741895,2.6445353964571447,2.668205916153237,832330800
2006-12-15,2.62835431098938,2.673299239615898,2.616669073601108,2.6673065024558533,739939200
2006-12-18,2.560938596725464,2.6367449505458196,2.5345707431701494,2.625658782612684,721576800
2006-12-19,2.5861074924468994,2.597193660337619,2.505507347424285,2.5387656510717633,911405600
2006-12-20,2.539663791656494,2.5968928266141456,2.5390647180145445,2.5909000899487675,567691600
2006-12-21,2.4839329719543457,2.561237494359365,2.4629587883451975,2.5378666155242464,903599200
2006-12-22,2.462958812713623,2.518091404515906,2.444981398069946,2.500712263573765,613303600
2006-12-26,2.4422850608825684,2.4740465839336605,2.4237085663913094,2.461462029541896,490688800
2006-12-27,2.4425830841064453,2.4569646474240034,2.300258833788702,2.341607103483028,1935754800
2006-12-28,2.423107147216797,2.4344935454179035,2.386552658481581,2.4036313556727107,1119876800
2006-12-29,2.542062282562256,2.5588415557125246,2.497717203539913,2.5153949877050232,1076429200
2007-01-03,2.510899305343628,2.5941967530770436,2.4539697015347577,2.5855074840729535,1238319600
2007-01-04,2.566631317138672,2.5753203873212045,2.511498726776302,2.5183907756301083,847260400
2007-01-05,2.548353910446167,2.582811160355706,2.528878308352345,2.5699271712623135,834741600
2007-01-08,2.560938596725464,2.5926993157117333,2.5552452942232833,2.5756204083285987,797106800
2007-01-09,2.773674964904785,2.7859598777334815,2.551349386565233,2.590301783367985,3349298400
2007-01-10,2.906411647796631,2.9303815990627577,2.8000427512776715,2.8389949472113445,2952880000
2007-01-11,2.8704559803009033,2.8998197952644627,2.849481998205182,2.8746508967348223,1440252800
2007-01-12,2.8351008892059326,2.848284318076654,2.79345214331988,2.8342013780673683,1312690400
2007-01-16,2.909407615661621,2.9139019693299124,2.8599693252611327,2.86686057420768,1244076400
2007-01-17,2.8449862003326416,2.9243881574803665,2.841091721767578,2.9231902102730647,1646260000
2007-01-18,2.6688055992126465,2.7598936554724673,2.668206525181723,2.7595940184446466,2364605600
2007-01-19,2.651726245880127,2.6861842983008697,2.6403406407983008,2.655621726616034,1364473600
2007-01-22,2.6004889011383057,2.6715014367998893,2.566331299214686,2.670901563005954,1454026000
2007-01-23,2.5678296089172363,2.622062695762362,2.562137307066335,2.5687289198007015,1207424400
2007-01-24,2.5977931022644043,2.6112759636339917,2.5792158131551197,2.597193228347433,927813600
2007-01-25,2.5843091011047363,2.6517256045803244,2.5777172892123015,2.610077074863831,905973600
2007-01-26,2.5582423210144043,2.6178684843348554,2.5465564779128744,2.610077922267169,986874000
2007-01-29,2.5750207901000977,2.59629440892422,2.5627356777787216,2.5858073179427907,901664400
2007-01-30,2.5633351802825928,2.591500852242504,2.554346472251725,2.5897030306264677,577970400
2007-01-31,2.5687289237976074,2.576819121317454,2.5273798254614883,2.5426607095916536,856069200
2007-02-01,2.5390658378601074,2.584908493347686,2.5390658378601074,2.5837105455600247,664342000
2007-02-02,2.539365530014038,2.5543467785367318,2.5079042480349343,2.520488800831512,621530000
2007-02-05,2.51509428024292,2.553747036432169,2.51509428024292,2.5258808075160593,578852400
2007-02-06,2.5213871002197266,2.5309756825420884,2.482735134230118,2.53037580857449,864393600
2007-02-07,2.581312894821167,2.5882041429608287,2.503409106820407,2.531274536355304,1066825200
2007-02-08,2.582211494445801,2.5920995117534416,2.5591400541351805,2.5597389278621514,679030800
2007-02-09,2.495020866394043,2.582811920247081,2.4932230441242575,2.5732241348824143,860540800
2007-02-12,2.543260335922241,2.5522490433530822,2.5058063214956383,2.529776474677406,724071600
2007-02-13,2.5378661155700684,2.555543889643988,2.5258806415549375,2.551649410687469,580986000
2007-02-14,2.5558454990386963,2.5660323573234276,2.53397199721517,2.5357700193075643,507981600
2007-02-15,2.553147554397583,2.5654324679307785,2.540263567056942,2.560039603515902,363661200
2007-02-16,2.541762351989746,2.5591406957835083,2.536668123565355,2.5543467043963797,399868000
2007-02-20,2.573822259902954,2.5816128201994135,2.5216864334268503,2.5363684431916758,617702400
2007-02-21,2.672699451446533,2.6813885205577437,2.575619506639098,2.576218580349689,1155313600
2007-02-22,2.681988477706909,2.7209398715331545,2.652624863867997,2.72064043468086,838224800
2007-02-23,2.6688055992126465,2.706859301721188,2.6622137846253042,2.6715029325371895,517893600
2007-02-26,2.6520259380340576,2.696671448603713,2.625059809620359,2.6918766567853205,615848800
2007-02-27,2.5147948265075684,2.6091782471807967,2.499214508227999,2.5858073697121884,1145813200
2007-02-28,2.535170555114746,2.564833814567202,2.4869302038715215,2.4869302038715215,919475200
2007-03-01,2.6085798740386963,2.646033692613426,2.5094016439888795,2.5177912785470538,1415528800
2007-03-02,2.559140205383301,2.6229618661996086,2.5531474672669168,2.599890224500803,860000400
2007-03-05,2.586406707763672,2.656220315884573,2.569627438855055,2.5735229191735267,838899600
2007-03-06,2.642437219619751,2.6460330621803316,2.6187667063564706,2.630751381377873,723186800
2007-03-07,2.62835431098938,2.6658081181412374,2.62026411582332,2.6382423273034528,626284400
2007-03-08,2.636744976043701,2.6583180381735887,2.620564579372236,2.6544235575921538,511011200
2007-03-09,2.63584566116333,2.662212506807617,2.6187667588245613,2.6607149224614823,451836000
2007-03-12,2.692775249481201,2.6963710923549327,2.636444711659841,2.638841606867936,729408400
2007-03-13,2.6487298011779785,2.714647919245648,2.6487298011779785,2.6789919280743337,867890800
2007-03-14,2.6966710090637207,2.6966710090637207,2.6343477266939135,2.6547226382369407,796586000
2007-03-15,2.6837871074676514,2.707457626011871,2.6759963468769805,2.6954721482180126,559498800
2007-03-16,2.684385061264038,2.696370534950005,2.6762950665506047,2.682886677028698,571704000
2007-03-19,2.7305288314819336,2.7431133820383478,2.684385746141276,2.7038615457761224,712961200
2007-03-20,2.741015911102295,2.75180244007327,2.728431360603298,2.7371206311783105,488916400
2007-03-21,2.812627077102661,2.8165223566707254,2.7461090877280996,2.756296541958411,686896000
2007-03-22,2.815324306488037,2.827309585026402,2.786560358084793,2.80843305636364,561492400
2007-03-23,2.8021399974823,2.818619826467116,2.795548385927776,2.797046770407807,450884000
2007-03-26,2.871953248977661,2.8734516332782665,2.79554805117217,2.8162225941317978,864987200
2007-03-27,2.8602685928344727,2.901317447294197,2.84648529565872,2.86775891513871,932052800
2007-03-28,2.793750524520874,2.858470896552314,2.7910541923960146,2.8428895772993323,942337200
2007-03-29,2.8090312480926514,2.8222156713596203,2.763488240834916,2.8222156713596203,725723600
2007-03-30,2.7838621139526367,2.836897239157413,2.779068324146164,2.82491176451818,600558000
2007-04-02,2.8060355186462402,2.8240127322541824,2.7871587942778544,2.8207173264773715,501992400
2007-04-03,2.8315041065216064,2.853376801741433,2.8093311743056666,2.820717577372778,583934400
2007-04-04,2.8246138095855713,2.8506812304788953,2.8204188912610126,2.8446884900152405,476784000
2007-04-05,2.836897850036621,2.836897850036621,2.8021403661476136,2.820118581977776,355516000
2007-04-09,2.8060355186462402,2.855473806185072,2.787757668019631,2.852777474174668,413341600
2007-04-10,2.8240127563476562,2.824313193344257,2.7988438569832863,2.8066344163332255,352466800
2007-04-11,2.7742745876312256,2.8150238020151064,2.76648382894146,2.8135254176318094,549018400
2007-04-12,2.7622902393341064,2.7658860832860888,2.718244601348324,2.7577958844496937,656675600
2007-04-13,2.703861713409424,2.73861919807223,2.6984688486142745,2.723637751262872,719941600
2007-04-16,2.7395179271698,2.741615385897178,2.704161365839441,2.7137499486178447,609033600
2007-04-17,2.7071573734283447,2.7655853642382326,2.6876809764424805,2.75659585788783,751920400
2007-04-18,2.7086546421051025,2.7221385000102307,2.6846846948849006,2.7014639579759328,464044000
2007-04-19,2.704761266708374,2.734125089109392,2.6915770402663313,2.7023635709220986,425913600
2007-04-20,2.7257347106933594,2.732026885197137,2.713150161661183,2.7233370155610586,522779600
2007-04-23,2.8018412590026855,2.8105303309606127,2.739218533329851,2.744311761673882,780290000
2007-04-24,2.793750524520874,2.888134150369259,2.735622164470656,2.815323781840049,1055252800
2007-04-25,2.8569719791412354,2.8584705635571224,2.8105294639225575,2.823413449426578,1187144000
2007-04-26,2.961543560028076,3.07120787429535,2.945363366093524,3.0436420772782715,1737778000
2007-04-27,2.993903636932373,2.9948029478440263,2.927086796438287,2.9417686071401006,699403600
2007-04-30,2.9903082847595215,3.0262637154158143,2.9864130047584054,2.998997355481946,616509600
2007-05-01,2.9804205894470215,3.006788441519631,2.952854789625819,2.9840164329395025,532523600
2007-05-02,3.0079867839813232,3.012481138881174,2.9804209805428896,2.9858146464770416,505145200
2007-05-03,3.0082857608795166,3.039746838349172,2.9966005207138324,3.018173779543828,576077600
2007-05-04,3.02057147026062,3.044241993802895,3.0112833230831666,3.0202718332525054,381987200
2007-05-07,3.113755702972412,3.1266394889650004,3.026562969556859,3.0286602277291013,861557200
2007-05-08,3.147913694381714,3.1506102268270073,3.0987740361389746,3.1002724208691648,783997200
2007-05-09,3.2024452686309814,3.204842163275278,3.1428185388654093,3.1434184126063958,717757600
2007-05-10,3.2162280082702637,3.2611729366672972,3.17368077479882,3.1949543915345417,1197257600
2007-05-11,3.258176803588867,3.2698628432953534,3.19944936843723,3.228214112220175,653696400
2007-05-14,3.27675461769104,3.295930783246679,3.2434955148761166,3.2845451787280906,651946400
2007-05-15,3.221623182296753,3.301923897237456,3.190461534686075,3.2830471664778074,954514400
2007-05-16,3.2162280082702637,3.2608734998354287,3.0987731608775753,3.251883994092052,1126767600
2007-05-17,3.2791507244110107,3.2920355107677297,3.210536076672382,3.210536076672382,735291200
2007-05-18,3.2965304851531982,3.315107575837779,3.289039361445506,3.3028226610222777,621345200
2007-05-21,3.3552582263946533,3.369340164053422,3.297429290518899,3.3052198518452114,639892400
2007-05-22,3.4019997119903564,3.4082920875543614,3.3561564616005293,3.370538634268947,572409600
2007-05-23,3.3825244903564453,3.4457462898113507,3.3735349813517868,3.416382667322724,911374800
2007-05-24,3.3166046142578125,3.429565124472718,3.3070170336212623,3.3801270365537968,887362000
2007-05-25,3.4043962955474854,3.409190085683276,3.34087487579271,3.355856320071709,632959600
2007-05-29,3.4262709617614746,3.441551648111412,3.3765320216546484,3.429266931603993,645694000
2007-05-30,3.5587069988250732,3.562002605368068,3.401700830688454,3.424772076736165,1478444800
2007-05-31,3.631215810775757,3.6605794222673316,3.5817773302343356,3.597657283342756,1297066400
2007-06-01,3.5476205348968506,3.631217659230326,3.5443253279352973,3.6285209261809355,885262000
2007-06-04,3.6354105472564697,3.6473960221020807,3.5326375007507185,3.5545109923439586,886673200
2007-06-05,3.675560474395752,3.676160148087167,3.610540884407769,3.637807035032033,920785600
2007-06-06,3.7046265602111816,3.7169116768886297,3.653989508738279,3.6644764034135413,1112241200
2007-06-07,3.7175095081329346,3.8235789733505685,3.691142660368805,3.7450765037265317,1915079600
2007-06-08,3.730093479156494,3.7702444164048856,3.664174973342307,3.7699439794609955,1241682400
2007-06-11,3.601254463195801,3.779833703265603,3.5817788595364286,3.775339548601565,1874258400
2007-06-12,3.606945753097534,3.6467966514299253,3.5449221293716504,3.5760835596251592,1426566400
2007-06-13,3.52065372467041,3.6312169579984737,3.457731565866623,3.630018810257306,1721353200
2007-06-14,3.5581068992614746,3.57908068405991,3.4882930954442535,3.5116639756594927,973266000
2007-06-15,3.610542058944702,3.6156358865609275,3.591365696203498,3.61413770196792,811218800
2007-06-18,3.748072624206543,3.750768956439031,3.671667209802549,3.6938391417493133,910604800
2007-06-19,3.705225944519043,3.7456757307785713,3.6827535743419846,3.736087348815319,943026000
2007-06-20,3.642003059387207,3.7351885389327943,3.6405052748747093,3.711518022955235,897512000
2007-06-21,3.7124176025390625,3.7241034454855875,3.617135437271476,3.646499063038308,867045200
2007-06-22,3.6854493618011475,3.7288959110496394,3.6668722745434086,3.710917697526742,631876000
2007-06-25,3.6656742095947266,3.7480723565177705,3.6273210865978864,3.7211054356752427,965403600
2007-06-26,3.585073232650757,3.715412488688502,3.5572078000054286,3.7148132148660524,1345005200
2007-06-27,3.652191400527954,3.656685955549985,3.5733892694380884,3.613839064488162,974696800
2007-06-28,3.612339496612549,3.6701682156099382,3.595560231003105,3.6662729360820276,838143600
2007-06-29,3.6566851139068604,3.7154127525294434,3.6282208054670404,3.654587655379342,1137841600
2007-07-02,3.633312702178955,3.658181756998142,3.5745850883044046,3.6270203292480296,994862400
2007-07-03,3.810394287109375,3.817285533301401,3.640503825867511,3.655485265473059,1162481600
2007-07-05,3.9775893688201904,3.984181781883581,3.8559391653114625,3.8592355718678273,1453051600
2007-07-06,3.964106559753418,3.9952684066110806,3.9071771319476984,3.988976029831773,874694800
2007-07-09,3.905078887939453,3.982083978559862,3.8706210411248385,3.9665028582387856,995820000
2007-07-10,3.9656033515930176,4.030023274957372,3.8595339055224187,3.861631363500431,1255007600
2007-07-11,3.9668030738830566,4.006055121250698,3.9344434776874433,3.95721548987999,821772000
2007-07-12,4.017138957977295,4.022232784073951,3.9668007707675024,4.0105469477345626,704608800
2007-07-13,4.126806259155273,4.130401102943027,4.030624785437615,4.045905871905967,907606000
2007-07-16,4.137892246246338,4.194222797849478,4.119914027602324,4.1465813185415765,936112800
2007-07-17,4.162161350250244,4.182835900195932,4.11991373953886,4.143884696054836,709959600
2007-07-18,4.138490676879883,4.148079059129683,4.076167392404158,4.140588135497027,756856800
2007-07-19,4.194820880889893,4.219091471483488,4.184333988707385,4.203809588467856,732891600
2007-07-20,4.3071818351745605,4.320065821256335,4.194820402932059,4.244259689150279,1167773600
2007-07-23,4.305683135986328,4.351227137231673,4.222685328471173,4.293997298799447,1036490000
2007-07-24,4.041710376739502,4.224784151269177,4.01953724260636,4.161262718544519,1795292800
2007-07-25,4.112722396850586,4.145682058358035,4.0450060523948235,4.115418729110478,1496182800
2007-07-26,4.374599456787109,4.4495066940253825,4.103734054830903,4.371902324188319,2186629200
2007-07-27,4.310177326202393,4.462089610510782,4.308080268276727,4.380290349687708,1161098400
2007-07-30,4.237667083740234,4.358118706415416,4.18193622554779,4.324560176731033,1106988400
2007-07-31,3.9479267597198486,4.299093728018985,3.9407358716619942,4.283811840741653,1762392800
2007-08-01,4.045006275177002,4.056392078838027,3.8283731682832234,4.004256451470197,1750156800
2007-08-02,4.089652061462402,4.103735001357801,4.019538199152731,4.094445853717795,852644800
2007-08-03,3.950623035430908,4.073470980207108,3.9401357425504786,4.052796431435008,679187600
2007-08-06,4.052497386932373,4.053096260849486,3.8442544841696624,3.9820846961166962,925170400
2007-08-07,4.045905113220215,4.112123675564991,3.9739938491719835,4.043208380811009,949936400
2007-08-08,4.01534366607666,4.100738624500422,3.955118619717153,4.097742654071934,808096800
2007-08-09,3.7870235443115234,3.9850786915187886,3.7480715558869413,3.928448529890666,1125395600
2007-08-10,3.7453761100769043,3.827774267684196,3.6045503498250406,3.6890455659465693,1410749200
2007-08-13,3.828972101211548,3.8757142497345947,3.790319347552329,3.8448520541871503,752911600
2007-08-14,3.7163121700286865,3.844253943484557,3.706723387864111,3.8439547065927755,739006800
2007-08-15,3.592564582824707,3.741181291529038,3.585073259937792,3.6776590659644937,992852000
2007-08-16,3.507169008255005,3.550615552507819,3.344470395097775,3.5059708608738354,1866690000
2007-08-17,3.6572842597961426,3.700430771699258,3.5901671968029065,3.655786075349932,1195062400
2007-08-20,3.662078619003296,3.7303946402179706,3.6105422661934745,3.7142146457340335,803317200
2007-08-21,3.8223819732666016,3.8640307246136834,3.6255256249886227,3.661780909241972,1303047200
2007-08-22,3.9703986644744873,3.9775895516801514,3.9050794054388076,3.9317466956268206,1061765600
2007-08-23,3.927250385284424,3.9952671605873467,3.8879995521000157,3.987775838137046,866838000
2007-08-24,4.0539937019348145,4.056091159850072,3.8894966744523614,3.9110705272950086,911834000
2007-08-27,3.9626054763793945,4.034816737879991,3.9581109248245476,3.9967636681471386,707439600
2007-08-28,3.7999088764190674,3.9674023260541125,3.7942157745380305,3.924854280466209,1179365600
2007-08-29,4.01743745803833,4.020434225830104,3.88140636301182,3.8915928131896247,1166860800
2007-08-30,4.082459449768066,4.142385634006281,3.9641056659505827,3.975191832012716,1435582400
2007-08-31,4.149278163909912,4.184335294547493,4.1172178034659375,4.179541102316792,876887200
2007-09-04,4.319465637207031,4.366507822774361,4.190026117856233,4.193022086320773,1316842800
2007-09-05,4.0977396965026855,4.369803138696307,4.077963665621681,4.343735534451513,2328222400
2007-09-06,4.045307159423828,4.122012239402994,3.9763922422307116,4.061787196191214,1901261600
2007-09-07,3.9482247829437256,3.9641055392986573,3.895190649653631,3.9554164688895805,1430576000
2007-09-10,4.0962443351745605,4.136094861082622,4.013546512928806,4.104633772189618,1487838800
2007-09-11,4.059687614440918,4.143883576203289,4.007551598206696,4.131898101184281,971885600
2007-09-12,4.100437164306641,4.176842577275531,4.0674779038025255,4.074669189752202,1022770000
2007-09-13,4.110922813415527,4.164856236336139,4.094442789700309,4.1597620107750375,656163200
2007-09-14,4.159165382385254,4.164258810597579,4.08096213696756,4.092048304311257,607320000
2007-09-17,4.147179126739502,4.212498370830086,4.122909737954735,4.164558467012087,793371600
2007-09-18,4.222386360168457,4.280215481458903,4.129800958862003,4.16665589731452,1064089600
2007-09-19,4.217892169952393,4.289503387796307,4.176842315280483,4.285308871304718,1026880400
2007-09-20,4.204107761383057,4.2484536101855825,4.1744445166413895,4.19931357231801,691840800
2007-09-21,4.3191680908203125,4.3341495405907935,4.204110284549429,4.228979355151633,1138880400
2007-09-24,4.4429144859313965,4.48995708495583,4.394075265434254,4.396471960879143,1052161600
2007-09-25,4.589733123779297,4.590932071507592,4.399168043310694,4.3997681172487795,1192550800
2007-09-26,4.577447891235352,4.644265722457265,4.531904680812732,4.628385766221312,975268000
2007-09-27,4.6292853355407715,4.629884209452385,4.56396607399068,4.607412636063492,658198800
2007-09-28,4.598423957824707,4.632282942740928,4.576850891428307,4.597525446770182,615101200
2007-10-01,4.684417247772217,4.716478406793164,4.582243831051255,4.633180920936338,837068400
2007-10-02,4.74763822555542,4.751833142118668,4.670932780024491,4.690708015152711,792069600
2007-10-03,4.731758117675781,4.769511571814174,4.704491956381007,4.727563600587651,692518400
2007-10-04,4.68142032623291,4.7365519228648,4.599321805114335,4.734155227399807,656958400
2007-10-05,4.837526798248291,4.8414220781588115,4.725166155069885,4.7452410283563005,943471200
2007-10-08,5.0310893058776855,5.0310893058776855,4.88307145019907,4.898652971935146,835928800
2007-10-09,5.029589653015137,5.126969242582598,4.994233299871083,5.099702685470216,1104286400
2007-10-10,4.997532367706299,5.030191606170324,4.9618763586779036,5.0203043835700845,667590000
2007-10-11,4.860898971557617,5.150041000327596,4.59063246867493,5.078429776221871,1643992000
2007-10-12,5.011312484741211,5.012211795516746,4.848013969914652,4.884269635824414,988176000
2007-10-15,5.0032219886779785,5.080825943152561,4.898951151019449,5.033185677759388,1077930000
2007-10-16,5.081127643585205,5.0991050614057025,4.9483908682445366,4.960077109941372,1067830400
2007-10-17,5.176109313964844,5.184798384487369,5.069141335152391,5.174311492467227,1127613200
2007-10-18,5.198581218719482,5.219254963949304,5.125172181030866,5.1386550409612175,823676000
2007-10-19,5.106296062469482,5.232440007523942,5.093711311617103,5.220754167446732,1291780000
2007-10-22,5.224348068237305,5.240528456794236,5.092511065574159,5.104196901754164,1649499600
2007-10-23,5.577914237976074,5.651024063966875,5.476040460846218,5.649825916045963,1795164000
2007-10-24,5.571020603179932,5.609372921669221,5.370568741568863,5.567424960807718,1288481600
2007-10-25,5.4766387939453125,5.570123926199256,5.443080254189684,5.539261719061143,973602000
2007-10-26,5.5341668128967285,5.554241683957239,5.479634100343902,5.551844588893478,706876800
2007-10-29,5.545851707458496,5.590796838689569,5.534166669424082,5.556638234916537,540554000
2007-10-30,5.603081226348877,5.674093566536447,5.535065254953903,5.578511802348067,939414000
2007-10-31,5.691473484039307,5.696566911813169,5.5416582190464485,5.621958516198207,833310800
2007-11-01,5.616266250610352,5.695968074510035,5.393341173276842,5.6510229346550656,805036400
2007-11-02,5.629150390625,5.676192190180103,5.497912210906917,5.669300940591395,1002114400
2007-11-05,5.578512191772461,5.661808849725966,5.520383833285995,5.551844907706008,804176800
2007-11-06,5.7466044425964355,5.752896416958467,5.551245599512072,5.604579363372523,954727200
2007-11-07,5.582108974456787,5.7732737690625395,5.577015545797931,5.71124971371399,994327600
2007-11-08,5.2576093673706055,5.600086388542776,5.026894124387882,5.5931951389773555,1890378000
2007-11-09,4.954983711242676,5.247123400561771,4.95018951899472,5.128170305755304,1526380800
2007-11-12,4.607114315032959,5.024798783960969,4.513329913597314,4.952287814118038,1769065200
2007-11-13,5.09251070022583,5.123073254147129,4.607110279718281,4.819547972903526,1739446800
2007-11-14,4.977154731750488,5.3205310320050305,4.906142383795571,5.308246318660921,1449168000
2007-11-15,4.922921180725098,5.081425891661011,4.803069227701287,4.985544089212416,1487410400
2007-11-16,4.9855451583862305,5.004421886040732,4.774006273916206,4.952885131138456,1383494000
2007-11-19,4.912435054779053,5.039777949717196,4.857003822911787,4.976855794597974,1154428800
2007-11-20,5.059253215789795,5.14734446716577,4.899849979964254,4.963971478665654,1543642800
2007-11-21,5.04757022857666,5.164125833669394,4.934009793656634,4.9690665263138625,1217809600
2007-11-23,5.139853000640869,5.155133678971312,5.086218807822477,5.153635494811627,465757600
2007-11-26,5.16981840133667,5.311542691368129,5.1641248987080655,5.201279483912648,1305754800
2007-11-27,5.237833499908447,5.267197120863578,5.094011364578746,5.250118214789785,1317030400
2007-11-28,5.399933815002441,5.411319218829402,5.254013422932625,5.298059253809372,1150912000
2007-11-29,5.521881580352783,5.548248423421566,5.367871037365072,5.376260869297563,1050926800
2007-11-30,5.459860324859619,5.6240574041645575,5.384353799359665,5.613270871964396,1187802000
2007-12-03,5.359183311462402,5.517388410008156,5.324426627752246,5.449072390159169,961469600
2007-12-04,5.387648582458496,5.4203078086463234,5.303152565897142,5.3079471569682255,773799600
2007-12-05,5.558137893676758,5.573119340283398,5.4655524816388485,5.47993465437925,892402000
2007-12-06,5.691473484039307,5.6959680380009265,5.576714939848466,5.578812398363889,899810800
2007-12-07,5.821812629699707,5.842487177451675,5.634243515308714,5.709151146275529,1066066400
2007-12-10,5.819116115570068,5.862562677149338,5.773572895249907,5.800539823138612,722377600
2007-12-11,5.649226665496826,5.897620550320095,5.6147696089158226,5.835297251340646,1110925200
2007-12-12,5.718740463256836,5.827205839741599,5.565928817771633,5.796043996709546,1225660800
2007-12-13,5.747802734375,5.756493004721599,5.627651535821956,5.698663882134822,864617600
2007-12-14,5.704657077789307,5.788853054630624,5.679188738911167,5.704058203980335,674312800
2007-12-17,5.525177955627441,5.772372812436471,5.48263071339365,5.714544887474043,1024693600
2007-12-18,5.482630729675293,5.612969989125939,5.351392559467435,5.588700198779808,1222603200
2007-12-19,5.486827373504639,5.532371399439623,5.420309156682444,5.482632455317313,827478400
2007-12-20,5.609374046325684,5.627951135590865,5.493118120042355,5.556040273974853,774057200
2007-12-21,5.810126781463623,5.810126781463623,5.689675930022253,5.696567179704837,993960800
2007-12-24,5.9566450119018555,5.972525767219813,5.836493818286448,5.843684303614936,480202800
2007-12-26,5.9611406326293945,6.021366458716118,5.897319563234704,5.962938454308042,703732400
2007-12-27,5.949756622314453,6.0812936810111164,5.926685370582118,5.961142429662236,795527600
2007-12-28,5.987509250640869,6.0393448505475495,5.899118337415267,6.010281262197968,699647200
2007-12-31,5.93507194519043,6.007582072871096,5.925183927745847,5.977619183743597,539333200
2008-01-02,5.837991237640381,6.000391234112714,5.769376789075404,5.970727981647072,1079178800
2008-01-03,5.8406877517700195,5.91439681984275,5.773570694680749,5.855070321188477,842066400
2008-01-04,5.394839286804199,5.782860308443237,5.360082603217785,5.736417784635799,1455832000
2008-01-07,5.322628974914551,5.501208590250277,5.100602803477473,5.430795109660323,2072193200
2008-01-08,5.131165027618408,5.467050839391371,5.117681765250484,5.39753586880554,1523816000
2008-01-09,5.375365734100342,5.378361704479694,5.042775817392751,5.1326649300097404,1813882000
2008-01-10,5.334015369415283,5.423305186973904,5.255812119839217,5.320831742674582,1482975200
2008-01-11,5.174313068389893,5.328922563879485,5.093712713611689,5.273490517585473,1232285600
2008-01-14,5.356785297393799,5.3759612560825465,5.2486183926060015,5.319031853629989,1100450400
2008-01-15,5.06494665145874,5.369969421232514,4.9337080867534295,5.32502548547038,2343278000
2008-01-16,4.783297061920166,5.064049800898957,4.69520576193104,4.950789786655509,2213845200
2008-01-17,4.820746898651123,4.954681782276475,4.746738590305376,4.839324385018326,1757859600
2008-01-18,4.834831237792969,4.966369064653285,4.782395969237126,4.845318131484397,1724343600
2008-01-22,4.663443088531494,4.793482747127387,4.3746002193290145,4.436323841578392,2434754000
2008-01-23,4.166955947875977,4.1948213847690665,3.7795341636887714,4.080662504535257,3372969600
2008-01-24,4.062982559204102,4.215794155494912,3.9554157281569364,4.194520338750792,2005866800
2008-01-25,3.895491123199463,4.167555497311749,3.883506444229793,4.164559527594016,1554739200
2008-01-28,3.895491123199463,3.9910733185231573,3.788822359737493,3.840059882705559,1474844000
2008-01-29,3.941333532333374,3.9787873462635384,3.8667263414838398,3.929648492854975,1099982800
2008-01-30,3.960509777069092,4.058489044212578,3.8951905323396145,3.9362399879976726,1243051600
2008-01-31,4.055793285369873,4.094444851165666,3.877213666236105,3.878711050865866,1345674400
2008-02-01,4.007552623748779,4.092647117864224,3.9605104223594267,4.082160224588203,1010744000
2008-02-04,3.944628953933716,4.071971009406373,3.9377369066232353,4.021333584025249,899234000
2008-02-05,3.8760149478912354,4.015043298524959,3.8622316475737524,3.9080753028788546,1141042000
2008-02-06,3.655486822128296,3.9527202466651072,3.6485955730016957,3.920060222359078,1573272400
2008-02-07,3.6327154636383057,3.738784952220481,3.513761985219487,3.594662768076561,2083331600
2008-02-08,3.7597603797912598,3.766351995344922,3.6435031957648496,3.657885775262651,1355972800
2008-02-11,3.8787107467651367,3.8945915036412413,3.8112944395187167,3.835564630166864,1201432400
2008-02-12,3.741180658340454,3.9251528915042755,3.7040260874034368,3.916164185669725,1225980000
2008-02-13,3.877213478088379,3.888599281422491,3.7642527553434615,3.79571383301482,968534000
2008-02-14,3.8190834522247314,3.919160143444666,3.805599396139814,3.877211791431603,954097200
2008-02-15,3.7342886924743652,3.807698133138355,3.717210189188899,3.7834287442667867,901300400
2008-02-19,3.660878896713257,3.797810132096433,3.6387065706763253,3.775038132330984,1005046000
2008-02-20,3.7100186347961426,3.7333895087994793,3.645897549587706,3.6614786656555247,967439200
2008-02-21,3.6417040824890137,3.7894223067076616,3.621329968904094,3.7768379541572323,938114800
2008-02-22,3.579380989074707,3.6707678481741315,3.4718133364593133,3.6698693374752698,1529878000
2008-02-25,3.5877702236175537,3.6006542088069597,3.4954840691311664,3.5533119840258776,1256774400
2008-02-26,3.5700924396514893,3.6282212109548118,3.458929925614733,3.5248488579844377,1504888000
2008-02-27,3.6842498779296875,3.6869462089308525,3.5383299648243374,3.542524479742322,1475138000
2008-02-28,3.8924953937530518,3.961110665457604,3.76844847808361,3.8112953682498576,1618254400
2008-02-29,3.7459750175476074,3.9014825724843853,3.7393830055640813,3.8739167770154666,1255480800
2008-03-03,3.647397994995117,3.7747413338149225,3.5356361819519466,3.7285980307986666,1593043200
2008-03-04,3.7339890003204346,3.741779558808814,3.607545443710488,3.6551865050879213,1785383600
2008-03-05,3.730093479156494,3.7495698741142776,3.6629764259602893,3.70282692626479,1221836000
2008-03-06,3.623426675796509,3.820282921403131,3.619830632893408,3.7336898562531005,1473698800
2008-03-07,3.6629772186279297,3.684850313033889,3.5670962076622508,3.607845227272153,1230462800
2008-03-10,3.586272954940796,3.699233694575082,3.5766845717106217,3.654888622283628,999588800
2008-03-11,3.8157873153686523,3.819682594052575,3.655485616175757,3.718408148614716,1163943200
2008-03-12,3.776237726211548,3.855639918943121,3.7504697482276295,3.8065010586108747,1059629200
2008-03-13,3.8334665298461914,3.880208681733667,3.6854491154620104,3.7184087713350102,1262102800
2008-03-14,3.7936172485351562,3.9041800895464625,3.721405539205997,3.8915953368660863,1156640800
2008-03-17,3.7972116470336914,3.852943316559288,3.671967009289728,3.671967009289728,1072598800
2008-03-18,3.9796853065490723,3.9850791702725044,3.855339205565373,3.8706202859263947,1205120000
2008-03-19,3.885301113128662,4.023730112143898,3.885301113128662,3.988673807246331,1010536800
2008-03-20,3.9931693077087402,3.993768181392382,3.870620229633628,3.9287485815736543,908787600
2008-03-24,4.1807379722595215,4.22028924597301,4.004256225261511,4.015341991307214,1066920400
2008-03-25,4.224184036254883,4.2877054563311665,4.114819372449875,4.193621473719817,1052391200
2008-03-26,4.346434593200684,4.366809508605169,4.213998243145612,4.220889493911504,1182084400
2008-03-27,4.202314376831055,4.353927151193941,4.194523812117563,4.343140615486336,999829600
2008-03-28,4.28501033782959,4.334149201193249,4.24276272479404,4.248755464252712,714610400
2008-03-31,4.299690246582031,4.365908788146576,4.27032663632843,4.292798999303713,768065200
2008-04-01,4.480368614196777,4.484263894645478,4.3029883358942405,4.383588277190516,1032567200
2008-04-02,4.419243812561035,4.530406711898268,4.370104956855764,4.457895775897397,1044968400
2008-04-03,4.542693138122559,4.603218619888191,4.404563663457043,4.406361485692112,1051568000
2008-04-04,4.586735725402832,4.635574927906737,4.5169219450520535,4.5600684479038325,854417200
2008-04-07,4.670934200286865,4.784793455564984,4.647562915234521,4.678124687911707,1158326400
2008-04-08,4.579546928405762,4.687713890671522,4.563966603710505,4.600821556539428,1014294400
2008-04-09,4.537595748901367,4.6110051721875855,4.508232139606549,4.5936270361144675,873398400
2008-04-10,4.630783557891846,4.65685117530684,4.512429349936033,4.528310110030615,955763200
2008-04-11,4.40875768661499,4.593329664719374,4.3865845502190295,4.575951520075335,1210076000
2008-04-14,4.4279327392578125,4.471978565882149,4.3308531786625295,4.397670610840954,845087600
2008-04-15,4.445911407470703,4.486061958273787,4.3662099798079215,4.476473175919565,698037200
2008-04-16,4.605313301086426,4.6172979753251004,4.513027148936846,4.5459860032162265,795774000
2008-04-17,4.628983020782471,4.674227378565251,4.594825624913729,4.619394642953371,704267200
2008-04-18,4.825240135192871,4.86179461799027,4.745538361100112,4.767710680165098,1026765600
2008-04-21,5.038578510284424,5.048766164912978,4.846815694338137,4.860298554777395,1039152800
2008-04-22,4.800073623657227,5.033784809795323,4.736851036549758,5.0158065954239435,1439572400
2008-04-23,4.880673408508301,4.939101398571027,4.82644033466581,4.915430885712446,1504190800
2008-04-24,5.061949729919434,5.0931115696596185,4.769810932780362,4.95408363873482,1696066400
2008-04-25,5.085620880126953,5.126669533540636,4.986442670505447,5.1146848581323665,992474000
2008-04-28,5.160829067230225,5.20607264521114,5.06764357859691,5.086220668925393,787214400
2008-04-29,5.245026588439941,5.263303247097483,5.10120361457598,5.126971599023067,923476400
2008-04-30,5.212064266204834,5.393340176438213,5.181202067890728,5.279181326526228,1139524400
2008-05-01,5.393341064453125,5.393341064453125,5.239331284599102,5.242327253816293,903576800
2008-05-02,5.421506404876709,5.450870022882215,5.34989518137952,5.399034035968789,1006082000
2008-05-05,5.535067081451416,5.5524456261339195,5.42480307379368,5.45087109084212,854557200
2008-05-06,5.592895984649658,5.606678484969793,5.458661824443594,5.5329693916229665,918870400
2008-05-07,5.470945358276367,5.639038483873435,5.409521384804698,5.574617740905174,1157133600
2008-05-08,5.544952869415283,5.588099376748587,5.485326334919125,5.506300114846159,899085600
2008-05-09,5.496714115142822,5.520684270533433,5.434390831018723,5.48802504382729,673072400
2008-05-12,5.637838363647461,5.659112182249805,5.478734779527371,5.549447883629987,818563200
2008-05-13,5.691773414611816,5.73641811945256,5.628851256100184,5.651322826919681,823236400
2008-05-14,5.580908298492432,5.76008673252033,5.560233756091352,5.729824211061072,916823600
2008-05-15,5.684882164001465,5.689976392852921,5.519186509884404,5.597390563697474,873208000
2008-05-16,5.621659278869629,5.701960776162921,5.603082189212386,5.696267274429349,765769200
2008-05-19,5.5012078285217285,5.6537194090691605,5.432292542170728,5.628850346648558,945820400
2008-05-20,5.570123672485352,5.5779134330694475,5.396937116212613,5.447873797402558,969850000
2008-05-21,5.339107990264893,5.631546808438763,5.28097963089608,5.5632307943093044,1157657200
2008-05-22,5.304950714111328,5.433192131443767,5.153637651115631,5.371169281528036,1206735600
2008-05-23,5.428398609161377,5.452968440828638,5.327423349841671,5.416413130275219,906917200
2008-05-27,5.586002826690674,5.586002826690674,5.448473087184111,5.475739245550602,789905200
2008-05-28,5.603382110595703,5.631547181406624,5.5048039627081815,5.615366787479879,743979600
2008-05-29,5.593793869018555,5.639038245662366,5.558137874200954,5.595891327543039,647186400
2008-05-30,5.655516624450684,5.679187938516494,5.614467571091897,5.61656502930026,610184400
2008-06-02,5.576117038726807,5.6824849673120275,5.529074432438446,5.651023884191274,679840000
2008-06-03,5.55424165725708,5.639037294533016,5.463454082449032,5.59888635245728,750520400
2008-06-04,5.548848628997803,5.605778436705546,5.490121400038604,5.513791913732656,726983600
2008-06-05,5.6758928298950195,5.688177945065961,5.564131045880368,5.583307410975912,755445600
2008-06-06,5.562333106994629,5.691473831701881,5.559636774502259,5.633045826779686,966422800
2008-06-09,5.4415812492370605,5.541358342626257,5.265998415933939,5.536864188908175,1888392800
2008-06-10,5.562333106994629,5.596490519041515,5.363977447198377,5.408622952561652,1140941200
2008-06-11,5.417611122131348,5.573119082791462,5.381056618127669,5.523380154290391,961550800
2008-06-12,5.1913909912109375,5.4712459023187945,5.129667379587437,5.437986600853018,1308333600
2008-06-13,5.1647233963012695,5.21835720712686,4.953185322425657,5.1428507003045425,1345957200
2008-06-16,5.298656940460205,5.33041764945896,5.06584468672927,5.1326621103878125,1051730400
2008-06-17,5.436187744140625,5.452967010129495,5.315736113233899,5.336410658838763,899656800
2008-06-18,5.355888366699219,5.459260719953949,5.313940391493311,5.426900327587383,811468000
2008-06-19,5.420308589935303,5.4634559153011795,5.297461027739033,5.3498962994497195,791949200
2008-06-20,5.251616477966309,5.423304439038285,5.2435262808245,5.3738651454925135,888367200
2008-06-23,5.188395977020264,5.26989524233845,5.140454856198359,5.235737023731845,645780800
2008-06-24,5.191091060638428,5.266897204602366,5.142551077536954,5.164723410527567,621947200
2008-06-25,5.3151373863220215,5.358284300084872,5.2099672340805006,5.231839927814473,644450800
2008-06-26,5.041576862335205,5.238733604450668,5.034085937462151,5.215661955891054,869610000
2008-06-27,5.096407890319824,5.110790062239718,4.9184275626940845,4.989140274678741,1042249600
2008-06-30,5.01700496673584,5.153636179867703,4.9924351433001855,5.099403106225585,684196800
2008-07-01,5.233935832977295,5.235134380228891,4.913931317734856,4.920822564382386,1111280800
2008-07-02,5.039178848266602,5.316935469063631,5.039178848266602,5.249518763038713,837519200
2008-07-03,5.0973052978515625,5.158730052244386,4.966367194280946,5.081425344837598,523362000
2008-07-07,5.24832010269165,5.307346978285355,5.150641262895459,5.188394716348408,820391600
2008-07-08,5.379858493804932,5.384353048281962,5.175810521139977,5.255512353668575,888350400
2008-07-09,5.221055507659912,5.420608964257266,5.217759900458447,5.399335135687286,895776000
2008-07-10,5.292365550994873,5.313638971605184,5.134760136045909,5.241128839294586,840688800
2008-07-11,5.171014308929443,5.306747011248436,5.123673283473271,5.257608164564931,930011600
2008-07-14,5.209968566894531,5.372367808730649,5.1859984087158075,5.370570786958581,886054400
2008-07-15,5.082924842834473,5.205773602610916,4.985545626049286,5.168020143760495,1040043200
2008-07-16,5.1779093742370605,5.181504618737483,5.051765378341015,5.099705305425487,747790400
2008-07-17,5.147942066192627,5.242925335653166,5.135357320055088,5.2165572961268944,757526000
2008-07-18,4.948389530181885,5.083223727820132,4.943895376966672,5.049364759894555,868414400
2008-07-21,4.982547283172607,5.0188021398266764,4.8276382408682785,5.000823929842413,1360469600
2008-07-22,4.854607105255127,4.876779439707755,4.390479465678197,4.464488593018991,1879592400
2008-07-23,4.9816484451293945,5.044870222707216,4.840822320622166,4.943595363818419,1061768400
2008-07-24,4.765018463134766,4.95168791616013,4.747639916945019,4.92352203777254,839619200
2008-07-25,4.857603073120117,4.883970724960833,4.753631050573068,4.806066317251868,633637200
2008-07-28,4.626288414001465,4.868089406772497,4.614901811035947,4.864194126827472,780712800
2008-07-29,4.706589221954346,4.777601573243407,4.603816156597032,4.656550655393849,684070800
2008-07-30,4.790484428405762,4.808761876527383,4.67662522375161,4.7275622889981,725183200
2008-07-31,4.762619495391846,4.859999083165302,4.703592628974739,4.720371894561986,637498400
2008-08-01,4.694004058837891,4.793781546270477,4.6667379010556465,4.7910840140738475,544639200
2008-08-04,4.591231346130371,4.731158988459544,4.581642964619503,4.692206588620936,592527600
2008-08-05,4.813257694244385,4.818051485139103,4.638872999148448,4.6568504150899335,688371600
2008-08-06,4.9196248054504395,5.015805429637859,4.734153604119464,4.79318046072256,791408800
2008-08-07,4.901049613952637,4.97835434743285,4.839025964987256,4.875280836060118,672372400
2008-08-08,5.080228328704834,5.083225098405066,4.90644288944734,4.909738896063308,713997200
2008-08-11,5.200378894805908,5.288470144397631,5.083822939412669,5.095808415581115,891304400
2008-08-12,5.29536247253418,5.372067123762198,5.198881384535896,5.19918102145591,836278800
2008-08-13,5.372367858886719,5.393342047525943,5.270494085602,5.332817377557143,842346400
2008-08-14,5.372966766357422,5.406824940311277,5.328621699604767,5.343303509542813,711300800
2008-08-15,5.2656989097595215,5.385850107267989,5.24502436353627,5.364576687289006,708251600
2008-08-18,5.255210876464844,5.327720996389676,5.20816868951025,5.260603939899417,552014400
2008-08-19,5.199481964111328,5.305551060137709,5.147945201025054,5.229744100484608,616204400
2008-08-20,5.268697261810303,5.301656535894548,5.201879402478277,5.2366368988401435,506951200
2008-08-21,5.222253322601318,5.257009609507477,5.150342052929315,5.227645987742836,539744800
2008-08-22,5.297159671783447,5.318433090506867,5.260604371885186,5.268095294005576,439611200
2008-08-25,5.170117378234863,5.280381780292721,5.143450088596413,5.277983884491748,484425200
2008-08-26,5.202776908874512,5.239930688553604,5.171914704712664,5.176409258723998,445550000
2008-08-27,5.233638763427734,5.2662987920053554,5.159330797624117,5.1928893370320335,477780800
2008-08-28,5.205772399902344,5.28097966325199,5.17610914625138,5.251915683414148,431384800
2008-08-29,5.0796284675598145,5.1985815192348435,5.064946659173377,5.182401526314149,599289600
2008-09-02,4.979551792144775,5.198581572715012,4.943895799961215,5.165622312720855,780763200
2008-09-03,5.002624034881592,5.0541607936015245,4.913933892094486,4.9990283912430815,734834800
2008-09-04,4.830636501312256,5.0310896372611005,4.818351785376357,4.9696648574335045,743386000
2008-09-05,4.799474239349365,4.86599243638871,4.723667697707046,4.751833568588129,786884000
2008-09-08,4.731758117675781,4.940600663190498,4.538197456068226,4.9310122811620465,1045979200
2008-09-09,4.544788360595703,4.792881706189741,4.488158588260221,4.6999966700563,1245025600
2008-09-10,4.542693138122559,4.643968057068065,4.458497530410207,4.563966967854756,973142800
2008-09-11,4.573853969573975,4.584041626632838,4.374599783524476,4.439919043292684,971135200
2008-09-12,4.462691307067871,4.5217185938253985,4.389581481859389,4.5217185938253985,793027200
2008-09-15,4.2056074142456055,4.4252364769021515,4.2056074142456055,4.255645979989348,920634400
2008-09-16,4.191223621368408,4.269726864172166,3.9596099715248956,4.010846265042284,1199836400
2008-09-17,3.8301703929901123,4.150175360454742,3.8301703929901123,4.149575686682024,1200455200
2008-09-18,4.017740726470947,4.0578908823719075,3.6159363300808667,3.9122705078426,1676253600
2008-09-19,4.222087860107422,4.320666425974126,4.084258050130848,4.272725309421896,1430875600
2008-09-22,3.9266517162323,4.202311674221424,3.914966676776074,4.193022929959925,856713200
2008-09-23,3.800509214401245,4.06897758801231,3.7951153479017727,3.950624163531895,1280364400
2008-09-24,3.856537342071533,3.9236543868167524,3.749869038798188,3.8133904418500966,1047015200
2008-09-25,3.9530205726623535,4.038715155393162,3.8508467548518093,3.8891990911191163,1006045600
2008-09-26,3.842456102371216,3.8891982647983165,3.6854499464732267,3.7426790017364384,1126451200
2008-09-29,3.1539063453674316,3.5859728011761733,3.013978898137828,3.5841749795796067,2622057200
2008-09-30,3.4055967330932617,3.4457468933109348,3.185068888716024,3.243496106911885,1626682400
2008-10-01,3.2695627212524414,3.3666426669860714,3.217726542785955,3.353459244759678,1296484000
2008-10-02,2.9992969036102295,3.259675181366033,2.9963009345165945,3.2363043021498292,1609364400
2008-10-03,2.908508062362671,3.1910585690436997,2.8359973556153433,3.116151767975607,2294398400
2008-10-06,2.9405689239501953,2.959745082839282,2.622961454562125,2.7553977457559853,2107417200
2008-10-07,2.671501398086548,3.0412444769578366,2.665209024116507,3.0106819177239874,1878772000
2008-10-08,2.690378189086914,2.8863359117398195,2.5672300293867902,2.5741212777085054,2207741200
2008-10-09,2.658916473388672,2.8704552629576994,2.594795195474735,2.7970460439311227,1617383600
2008-10-10,2.900419235229492,2.9963010512933606,2.5468552635217083,2.5678294482903015,2219299600
2008-10-13,3.3037219047546387,3.3118121041271418,3.0268637047974325,3.132633570420479,1539076000
2008-10-14,3.1185505390167236,3.487694904437991,3.090384862379826,3.483499986637329,1980994400
2008-10-15,2.934875965118408,3.206041753192821,2.9330781437564366,3.1113578949680627,1584175600
2008-10-16,3.052931547164917,3.0990746414556947,2.7488070166625524,2.989409508224636,1980521200
2008-10-17,2.918396472930908,3.057425407321241,2.5735227695435716,2.9843155970239796,1762227600
2008-10-20,2.9495582580566406,2.9971997318873207,2.805736325908376,2.9897086082888658,1549170000
2008-10-21,2.7413153648376465,2.93337862946895,2.7314273465083185,2.90491352220654,2193660000
2008-10-22,2.9025166034698486,3.033754181589474,2.784462650542249,2.917498050285694,2248808800
2008-10-23,2.943265914916992,2.973828481310873,2.7536005414053224,2.8917299638570637,1675430400
2008-10-24,2.8878345489501953,2.93337855946342,2.699966205669386,2.7065578176823366,1590058400
2008-10-27,2.759293794631958,2.9252886602171433,2.7524017449079006,2.848583003140543,1208771200
2008-10-28,2.993603229522705,3.0112820052896385,2.7676828249873573,2.859369109025781,1634133200
2008-10-29,3.132632255554199,3.282147462237522,2.9945028505667364,3.0220686441669233,1950978400
2008-10-30,3.327091693878174,3.3615495369735466,3.22431863853366,3.2428957260928097,1638089600
2008-10-31,3.223719596862793,3.3193019677070685,3.150310356610623,3.2180264957648195,1659756000
2008-11-03,3.204843282699585,3.268964587366339,3.1419209258352327,3.173981278131622,1057938000
2008-11-04,3.325594425201416,3.349564579131423,3.196154073792042,3.2956309326903086,1398681200
2008-11-05,3.0951788425445557,3.287540748772441,3.0858898977969007,3.2632711578452636,1256455200
2008-11-06,2.969334363937378,3.079597761085661,2.936374899535805,3.0277623689960755,1319074400
2008-11-07,2.9435644149780273,2.991804944573475,2.8680577339009714,2.9735280980329217,1095253600
2008-11-10,2.8728535175323486,3.0082860208240665,2.831504417825425,3.0013947709058053,1123822000
2008-11-11,2.8395943641662598,2.9115052267789614,2.7643870952898735,2.8407923118066245,1224538000
2008-11-12,2.7002646923065186,2.7937495757054194,2.6969692875090105,2.769479194405558,1178976400
2008-11-13,2.889632225036621,2.889632225036621,2.577417600999076,2.6927749979540243,1854087200
2008-11-14,2.703861713409424,2.816223364578237,2.696671026991234,2.809331314973932,1405266800
2008-11-17,2.640939712524414,2.7131510239625247,2.614572858649338,2.651127369760644,1162526400
2008-11-18,2.693974256515503,2.7263348524568376,2.602587571932518,2.685884857622792,1209695200
2008-11-19,2.58550763130188,2.744011540393531,2.583110736285531,2.679891248293819,1171900800
2008-11-20,2.4117228984832764,2.590302327178702,2.3970408873813307,2.5540472549281743,1716814400
2008-11-21,2.4743449687957764,2.5204880485786765,2.371272281508983,2.4548683714082307,1569271200
2008-11-24,2.785061836242676,2.840193434723337,2.542061670996434,2.5531478380725674,1442257600
2008-11-25,2.7206411361694336,2.837796584929317,2.641538580465831,2.835399689320624,1235292800
2008-11-26,2.846485137939453,2.853976259927138,2.692176145992663,2.694273604142322,899836000
2008-11-28,2.776672124862671,2.839294845368814,2.7524017326625465,2.8374970237225337,297774400
2008-12-01,2.664609432220459,2.764686152370771,2.6643099953576685,2.7356219743654044,923767600
2008-12-02,2.770679473876953,2.7760731390114426,2.591800614943824,2.6975696581411306,1148722400
2008-12-03,2.873452663421631,2.883340683188138,2.660715620601951,2.6786930382605383,1338680000
2008-12-04,2.7389187812805176,2.852778023142868,2.6685052974316563,2.8294069408689753,1091370000
2008-12-05,2.8165225982666016,2.8312046071040737,2.6625124240664584,2.707157724409982,1043795200
2008-12-08,2.9879117012023926,3.0202712921329686,2.8704566153859834,2.914801884518485,1185142000
2008-12-09,2.9980976581573486,3.1041671150363332,2.9127037463851115,2.937573207752229,1203496000
2008-12-10,2.9426662921905518,2.9810188114302907,2.8914299876137095,2.93247883863442,938047600
2008-12-11,2.846485137939453,3.0334541495959737,2.8413917110538054,2.9168984042199444,1040617200
2008-12-12,2.944465160369873,2.9663376580497283,2.7724773479750366,2.7805675457926613,1041174400
2008-12-15,2.8389949798583984,2.882740166425206,2.7865597232391672,2.8761485547666132,891758000
2008-12-16,2.859369993209839,2.890831074923653,2.7790692855922656,2.8159242328090155,1093506400
2008-12-17,2.671501398086548,2.7296289478494646,2.637342796534897,2.7275314898594507,1293860400
2008-12-18,2.6795921325683594,2.7215403038207224,2.649928075667003,2.6759962892829305,857416000
2008-12-19,2.6966710090637207,2.7248358808474973,2.66071537694057,2.6948729874279755,801920000
2008-12-22,2.569028377532959,2.6975694174534746,2.537567100606756,2.6972697805296635,844740400
2008-12-23,2.5882046222686768,2.632849325177637,2.573822249496481,2.602886431949485,635031600
2008-12-24,2.5480549335479736,2.584310011743966,2.5333731200630334,2.581014404673423,271334000
2008-12-26,2.571125030517578,2.6193655637680493,2.554046329956052,2.595994489288243,308324800
2008-12-29,2.5950961112976074,2.625359244327279,2.548953019437122,2.592399578673874,686000000
2008-12-30,2.58550763130188,2.6382425220554695,2.5384652411967314,2.6193657986570815,967601600
2008-12-31,2.557342052459717,2.628953469047484,2.5570426155939274,2.5759193396408775,607541200
2009-01-02,2.7191426753997803,2.727832746901921,2.551650223265798,2.5732232832646207,746015200
2009-01-05,2.8339004516601562,2.8818413497761988,2.7778693582162677,2.7916528539846137,1181608400
2009-01-06,2.7871580123901367,2.9115040887530204,2.7682812933172793,2.8749495979022948,1289310400
2009-01-07,2.726933479309082,2.7715781880685997,2.7044611064183752,2.750904437111823,753048800
2009-01-08,2.777570962905884,2.791054826866393,2.6978693274184926,2.7095553695208916,673500800
2009-01-09,2.7140488624572754,2.797945395160406,2.7008654387858475,2.792851967853525,546845600
2009-01-12,2.6565206050872803,2.72633420932289,2.6232615060420086,2.710453452085781,617716400
2009-01-13,2.6280553340911865,2.6888802313678095,2.5873061113421345,2.6439360915532952,798397600
2009-01-14,2.5567426681518555,2.61427134392705,2.538465020081183,2.58400902179395,1021664000
2009-01-15,2.4983155727386475,2.5204885060438666,2.3985390730747502,2.4141195937190694,1831634000
2009-01-16,2.4668543338775635,2.528278306724805,2.40902620435515,2.525881411216021,1047625600
2009-01-20,2.343106508255005,2.4569657180962095,2.343106508255005,2.4548682600138396,919914800
2009-01-21,2.481835126876831,2.483333511215027,2.37636555152013,2.3787624463972628,1089270000
2009-01-22,2.647531032562256,2.6966708876455145,2.5714252546994056,2.6379432511421097,1409528400
2009-01-23,2.647531032562256,2.6927754076388943,2.5918003653496955,2.601387946745194,763770000
2009-01-26,2.6858835220336914,2.725734423076707,2.6457323840661884,2.6625118476800793,692238400
2009-01-27,2.7185428142547607,2.743112836670186,2.6888795653097315,2.702362623892029,618038400
2009-01-28,2.8225159645080566,2.8464861229864393,2.741615579507732,2.760192672355635,861406000
2009-01-29,2.786560297012329,2.8267106491951703,2.7745748187119714,2.789256629580567,592729200
2009-01-30,2.700566291809082,2.8051363818931248,2.696970448558802,2.774574614623265,651478800
2009-02-02,2.7419145107269287,2.75659632009803,2.663711273040272,2.6697040115792117,558247200
2009-02-03,2.7859604358673096,2.797945914222923,2.705060857262983,2.7541997183236218,599309200
2009-02-04,2.8030388355255127,2.883939405394825,2.7895559739504696,2.793151817088092,808421600
2009-02-05,2.8902318477630615,2.9139023670110946,2.7751738578415295,2.7796682121231977,749246400
2009-02-06,2.9879117012023926,2.9963013359018027,2.9064122498190748,2.907011123678599,687209600
2009-02-09,3.071507215499878,3.086189023370384,2.981318509953331,2.9963007548186797,715010800
2009-02-10,2.931281089782715,3.0715073635525023,2.908209647727742,3.0361516082547304,849060800
2009-02-11,2.901017904281616,2.9456626029522597,2.869556829373863,2.887535043663176,674973600
2009-02-12,2.9744272232055664,2.9888095940197594,2.8713545324895504,2.8713545324895504,817188400
2009-02-13,2.9711320400238037,2.994503119313685,2.9399704009459855,2.966037812420867,608977600
2009-02-17,2.8324027061462402,2.907609975774465,2.824912382930814,2.9025165479869894,678238400
2009-02-18,2.8276093006134033,2.8719543723816345,2.778170800363606,2.847984414712436,684779200
2009-02-19,2.7158470153808594,2.8240129423402354,2.699966258736983,2.7976458936962674,922804400
2009-02-20,2.7326266765594482,2.7685821117552596,2.6667075452643214,2.6786930237040476,750316000
2009-02-23,2.605283260345459,2.7565963073079103,2.5920998356949125,2.7461094149627243,786982000
2009-02-24,2.704160690307617,2.723337050975245,2.606781302612344,2.6202643624175255,807105600
2009-02-25,2.7314274311065674,2.784162330348423,2.674198377988751,2.692476030593507,833053200
2009-02-26,2.67240047454834,2.784162245054241,2.6655092254566886,2.7565962485644073,629868400
2009-02-27,2.6759960651397705,2.7356222106892885,2.626856411457177,2.6346469712029705,706658400
2009-03-02,2.634946346282959,2.7326261775056016,2.6268563498382766,2.6403400106204757,770929600
2009-03-03,2.64782977104187,2.7188423025789694,2.633147965800959,2.664609034181367,724340400
2009-03-04,2.731727361679077,2.7796682752453274,2.680191404660125,2.7020641026823196,741403600
2009-03-05,2.6619133949279785,2.7527009815683847,2.65022835512389,2.710453375914286,706899200
2009-03-06,2.5558454990386963,2.648730772264084,2.4668549068858425,2.6469327501716897,1011147200
2009-03-09,2.4902243614196777,2.624758090906541,2.4740449735391628,2.5222853005870136,698297600
2009-03-10,2.655620813369751,2.671801004581292,2.5276786681988344,2.5429595487369125,844258800
2009-03-11,2.7769718170166016,2.8186205555514814,2.684086757050772,2.690978007278916,846372800
2009-03-12,2.8869359493255615,2.8938280000467653,2.7565968609027256,2.783563789569177,768457200
2009-03-13,2.874350070953369,2.9124039505994754,2.846784281071904,2.885437034364029,601168400
2009-03-16,2.859070301055908,2.918097382763545,2.821915917611329,2.8923294039703107,797244000
2009-03-17,2.9861130714416504,2.987011582012472,2.848582346893781,2.8536765737899694,786646000
2009-03-18,3.041844606399536,3.1005720503306513,2.9879117538731808,2.9936040560090444,796037200
2009-03-19,3.0448410511016846,3.0921820854868,3.0037913920757733,3.0517323003903156,500180800
2009-03-20,3.043940782546997,3.089484784127491,3.0133790236732394,3.0589222251553267,695587200
2009-03-23,3.2258174419403076,3.2407988886819963,3.0487364134131067,3.077500359103891,666397200
2009-03-24,3.191059112548828,3.2791503481097437,3.1578008216510822,3.1868643965826244,640612000
2009-03-25,3.190760612487793,3.246791520953131,3.111958296367095,3.2234206393841958,646618000
2009-03-26,3.2920353412628174,3.2953307468188426,3.223419896958649,3.230910018746262,616252000
2009-03-27,3.201547145843506,3.251884952417706,3.1880640834026255,3.2428962441237856,492872800
2009-03-30,3.1308352947235107,3.146415617084718,3.0745047444395452,3.131434368639597,502796000
2009-03-31,3.149711847305298,3.2195254572702656,3.146116003837523,3.1595990666751663,570080000
2009-04-01,3.256680488586426,3.265968635925158,3.1128575225397075,3.1188502628060673,589372000
2009-04-02,3.3771307468414307,3.4382554897959294,3.289339113122277,3.3001258442333463,812366800
2009-04-03,3.4754080772399902,3.47960299297569,3.4013997784346275,3.421474646499968,636241200
2009-04-06,3.549118995666504,3.558107705466904,3.394209869650215,3.4439488107202836,658064400
2009-04-07,3.4457459449768066,3.4957845130550043,3.421475753275684,3.491589595962336,536580800
2009-04-08,3.4852969646453857,3.499379099467665,3.4331613418947846,3.4586296794190248,455630000
2009-04-09,3.5826756954193115,3.5955596795247295,3.5344349641481174,3.5482186588743234,530756800
2009-04-13,3.6021525859832764,3.6249245940283394,3.5655980784007943,3.5958602100624573,389236400
2009-04-14,3.544921875,3.6006535213395092,3.5131611733649195,3.5826753128111877,454622000
2009-04-15,3.524847984313965,3.5431250346104797,3.468517448818048,3.5116635610289553,412882400
2009-04-16,3.6390063762664795,3.6899430411750695,3.5593045734160134,3.5712900475584615,593446000
2009-04-17,3.6980338096618652,3.7229032723146585,3.603051312649595,3.6309167442533705,497495600
2009-04-20,3.610542058944702,3.685150051479309,3.570391511950685,3.6473965998341034,466466000
2009-04-21,3.648296356201172,3.659682963045119,3.5536134578906755,3.5623025314475925,470685600
2009-04-22,3.6408050060272217,3.7558631830544478,3.631515861454459,3.674363540981173,938767200
2009-04-23,3.7573606967926025,3.811294544169245,3.700730517091504,3.7939160022543024,945156800
2009-04-24,3.7124176025390625,3.749571790270244,3.6845521617653754,3.7345903403881993,540764000
2009-04-27,3.7372846603393555,3.74537485494477,3.675261035178723,3.682452719321607,480690000
2009-04-28,3.7124176025390625,3.781632149024735,3.6932412346762145,3.6959375676144766,455856800
2009-04-29,3.749570846557617,3.800807160230122,3.7103192097151023,3.7408817758336914,458110800
2009-04-30,3.7702462673187256,3.8053025953052377,3.7429801010905313,3.7819313099315073,498489600
2009-05-01,3.812492609024048,3.8337664283400144,3.769345696607179,3.769345696607179,397516000
2009-05-04,3.9572126865386963,3.962605748726081,3.8256749356700066,3.8424541959122345,609358400
2009-05-05,3.9763906002044678,3.980884753781207,3.9287491318672547,3.9476258570472442,398255200
2009-05-06,3.9700984954833984,4.00006138826536,3.901782475863613,3.994967960524967,473538800
2009-05-07,3.867025852203369,3.966802150696924,3.8322683679725222,3.9650043290962267,531776000
2009-05-08,3.8709208965301514,3.9320456270823603,3.783129280624035,3.8664259427529193,467964000
2009-05-11,3.8823063373565674,3.9239550645878745,3.8088969001736905,3.8163882224045587,404658800
2009-05-12,3.7279958724975586,3.886500557051767,3.6929395631198116,3.882006004548526,609481600
2009-05-13,3.5802805423736572,3.7160133045253745,3.5769841352878897,3.691742707257602,595971600
2009-05-14,3.683950662612915,3.7013300018599646,3.5865714760733503,3.5889681710858743,447826400
2009-05-15,3.6680705547332764,3.733989065981852,3.643800368295758,3.6650737859819835,367567200
2009-05-18,3.794814348220825,3.7963129328571514,3.6426027946707116,3.7073231686828616,458841600
2009-05-19,3.8187851905822754,3.874516055402538,3.767548079293892,3.7999084653837336,372422400
2009-05-20,3.7714438438415527,3.8715205839621016,3.7543649379000734,3.8241787464020276,388584000
2009-05-21,3.720806837081909,3.7987104522622914,3.6821548664988186,3.74987122432655,407946000
2009-05-22,3.6704673767089844,3.720805167012233,3.6479950131640573,3.7169098879892513,297998400
2009-05-26,3.918562650680542,3.9200612357206843,3.731893201376975,3.7381855783381073,636927200
2009-05-27,3.986577272415161,4.044405181235837,3.922455789921573,3.9485241945267093,646422000
2009-05-28,4.047102928161621,4.056690908275642,3.9560149168076113,3.9985621536343583,487552800
2009-05-29,4.069276332855225,4.071972665439645,4.010548688979027,4.056691980613662,456534400
2009-06-01,4.175344467163086,4.194520426264374,4.074968118473133,4.0890510510104265,452499600
2009-06-02,4.179538726806641,4.234969942771193,4.145380526626695,4.164557684699261,456223600
2009-06-03,4.223285675048828,4.228079465378475,4.166955138244422,4.194820569723311,565199600
2009-06-04,4.306881427764893,4.320065449648607,4.196018989591004,4.198715321290732,550634000
2009-06-05,4.334746837615967,4.386582004537435,4.291000664266814,4.353922793001495,632716000
2009-06-08,4.310177326202393,4.321563126588192,4.177741037325725,4.309278815690938,931652400
2009-06-09,4.276319980621338,4.33145156687652,4.211299977181473,4.308979200708852,676964400
2009-06-10,4.202314376831055,4.2652369685991065,4.143886741678018,4.2631395088685515,688623600
2009-06-11,4.19332218170166,4.241562924551733,4.151374214068085,4.18133790534053,524823600
2009-06-12,4.104033470153809,4.167854136797851,4.0761672353142515,4.159165065768161,563085600
2009-06-15,4.077665328979492,4.102834430804196,4.041710097878817,4.075268633612222,539750400
2009-06-16,4.085456371307373,4.148977400877683,4.077965047930603,4.094744316134804,514805200
2009-06-17,4.062384128570557,4.118415026651112,4.030923055332308,4.09504334931524,571412800
2009-06-18,4.0713725090026855,4.134893924167878,4.062683439969358,4.078263756846521,427680400
2009-06-19,4.179240703582764,4.179839577395705,4.101935975549995,4.136991896294276,721856800
2009-06-22,4.116020202636719,4.241565340224234,4.084859146114259,4.214898839952398,634914000
2009-06-23,4.01534366607666,4.103434957881115,3.981485879824199,4.086956120400772,706532400
2009-06-24,4.08156156539917,4.119914300952309,4.040812533966577,4.0575918057649005,485525600
2009-06-25,4.190625190734863,4.20081284416591,4.051297648664997,4.0674772393099845,589447600
2009-06-26,4.267929553985596,4.301488080101106,4.187029207059586,4.188527391265564,439384400
2009-06-29,4.253846645355225,4.313173140034622,4.240962661163633,4.298491334786177,567616000
2009-06-30,4.267631530761719,4.308680593378826,4.248755202727529,4.272126085079067,434224000
2009-07-01,4.27961540222168,4.334448554509061,4.270327458481758,4.299691074388648,414178800
2009-07-02,4.195420265197754,4.279616249971902,4.188529015227595,4.232275210904874,370479200
2009-07-06,4.153172016143799,4.164558618823421,4.0824593052682765,4.155868348296441,498688400
2009-07-07,4.056990146636963,4.185231931024264,4.050398535321475,4.149276305496955,461596800
2009-07-08,4.111522197723389,4.136092017901947,4.0276258849965165,4.072571009754171,575929200
2009-07-09,4.085753917694092,4.134593517433619,4.07286993495097,4.127702270872947,343025200
2009-07-10,4.150474548339844,4.163957405561722,4.084555245983771,4.085155319740791,445275600
2009-07-13,4.264934539794922,4.264934539794922,4.120813160391206,4.181038189997554,483501200
2009-07-14,4.262836456298828,4.290103016017735,4.229578358317207,4.255645970304702,347247600
2009-07-15,4.400966644287109,4.404562287634101,4.324261586464593,4.345834646447888,485587200
2009-07-16,4.420141220092773,4.435123462714472,4.361714034306035,4.367406734434384,393570800
2009-07-17,4.546887397766113,4.554977596651545,4.45340265533698,4.466886320146033,602154000
2009-07-20,4.581641674041748,4.645463520397248,4.521117033049723,4.592429000252148,735526400
2009-07-21,4.5396952629089355,4.597224760331959,4.486960757044765,4.593030242853686,874781600
2009-07-22,4.696401596069336,4.756028544640951,4.677524869655203,4.727862673409791,874104000
2009-07-23,4.728762626647949,4.747338918559085,4.661045871870523,4.6931066274717335,526962800
2009-07-24,4.793781280517578,4.794080517351513,4.689210008534756,4.702693268228512,438362400
2009-07-27,4.79707670211792,4.820447980008812,4.7119822237595965,4.7991741603946005,433311200
2009-07-28,4.7940826416015625,4.797078611711607,4.722170957922683,4.760524095914404,363554800
2009-07-29,4.794981479644775,4.807566235172876,4.741647687366328,4.761123694681799,382158000
2009-07-30,4.877679347991943,4.93550728683293,4.839026576319354,4.845019316121211,469604800
2009-07-31,4.895655155181885,4.94389549455335,4.881272584393543,4.8836696795249335,422536800
2009-08-03,4.986743450164795,4.993035425188963,4.9400004925256225,4.950187747357162,394240000
2009-08-04,4.9603753089904785,4.960974582795732,4.920225164186325,4.9417982210769,395810800
2009-08-05,4.947192192077637,5.015507007054338,4.920225270308874,4.966368154160798,423183600
2009-08-06,4.911237716674805,4.989141331090243,4.886667884407606,4.961275091999498,341616800
2009-08-07,4.959176063537598,4.991836083913427,4.937902644827095,4.958577189817576,387354800
2009-08-10,4.935506820678711,4.9918373693476354,4.903746102827414,4.963672695087196,300294400
2009-08-11,4.878876209259033,4.92531873032757,4.8504115028056205,4.904643783463505,355342400
2009-08-12,4.953185558319092,4.995133530762732,4.8677906285977395,4.870486961072158,445071200
2009-08-13,5.046367168426514,5.053858488174331,4.988838505336952,4.993333057156173,439980800
2009-08-14,4.997231960296631,5.040677725867367,4.959778134733063,5.031988652763101,305816000
2009-08-17,4.781796455383301,4.901648424606274,4.776702227627361,4.900449476861296,524381200
2009-08-18,4.91393518447876,4.921126073597654,4.836331189117547,4.842922804139078,431152400
2009-08-19,4.931909561157227,4.952883741560986,4.8674896357263115,4.876478341585513,413271600
2009-08-20,4.9837470054626465,4.995432845645478,4.932211054084291,4.9432968203129874,342031200
2009-08-21,5.070340633392334,5.074835988255091,4.99783048344668,5.023299227059972,416074400
2009-08-24,5.065544605255127,5.114983885732933,5.041874094047345,5.097305311466289,406929600
2009-08-25,5.075732231140137,5.121875105950793,5.067642036179923,5.077530052242406,324354800
2009-08-26,5.01610803604126,5.0802283465485365,4.996631633242133,5.061351617731044,303998800
2009-08-27,5.077231407165527,5.080826249973875,4.93880235564398,5.056257223591204,449181600
2009-08-28,5.095208168029785,5.168317964228442,5.0496649639147,5.161726353127249,453700800
2009-08-31,5.040079116821289,5.059255086069537,4.988842386370282,5.03858053166662,311337600
2009-09-01,4.952884197235107,5.093710735745437,4.942097669201843,5.033484920765802,469028000
2009-09-02,4.949289798736572,5.022099575465674,4.917229045961198,4.932510530017829,364249200
2009-09-03,4.990338325500488,5.006817955512914,4.943895804565341,4.987042719537427,293955200
2009-09-04,5.102997779846191,5.1146836156264595,5.006517125750173,5.0122102252328675,374628800
2009-09-08,5.1815032958984375,5.187795272204929,5.1536378578498185,5.183001480745069,315047600
2009-09-09,5.127869606018066,5.227645911154639,5.08472228477792,5.1770084661781866,811087200
2009-09-10,5.170416831970215,5.191091381620321,5.117981565489202,5.155435384411259,491134000
2009-09-11,5.158430099487305,5.188992661126862,5.119778142205072,5.18090246538571,348961200
2009-09-14,5.205175399780273,5.210568065940948,5.101203356024558,5.118581502761925,322011200
2009-09-15,5.24832010269165,5.263001912356839,5.201278704415904,5.214761566299987,426470800
2009-09-16,5.449371814727783,5.475739463474301,5.3298194847372775,5.333115490836753,754023200
2009-09-17,5.5296735763549805,5.596790658780594,5.4523696368442405,5.452669273820237,810572000
2009-09-18,5.5437541007995605,5.589597338021361,5.535963142766029,5.568024285240039,601582800
2009-09-21,5.513792514801025,5.547949923090139,5.441881655180144,5.521882711536098,437715600
2009-09-22,5.5275750160217285,5.55454193843819,5.478735398814957,5.548849237078041,356753600
2009-09-23,5.558137893676758,5.660012450690666,5.544054957820165,5.555141924394878,593563600
2009-09-24,5.507801532745361,5.624057492873635,5.476340446620022,5.609076042340113,550880400
2009-09-25,5.464353561401367,5.558137921693803,5.436488126579459,5.453567031804022,445239200
2009-09-28,5.577613353729248,5.593494110784514,5.493118141014009,5.5092981349455465,337444800
2009-09-29,5.5545430183410645,5.615068087000866,5.5224826621639185,5.594993609854721,345385600
2009-09-30,5.553643226623535,5.586602486122871,5.471544714780631,5.577014105148942,539585200
2009-10-01,5.41910982131958,5.579710812903375,5.4143148304112465,5.553643600523346,524711600
2009-10-02,5.540159702301025,5.571321543434523,5.433791790965738,5.435589612572438,553308000
2009-10-05,5.57371711730957,5.598886214689505,5.521281864479835,5.579110981093622,423133200
2009-10-06,5.693272113800049,5.693272113800049,5.612073282967668,5.625256511547227,605085600
2009-10-07,5.7004618644714355,5.709450571829045,5.663906561066021,5.685780055756127,465668000
2009-10-08,5.671098709106445,5.736417961388099,5.659712105414014,5.712747443386573,438211200
2009-10-09,5.707054615020752,5.713945865358156,5.651623775200101,5.662110669217556,293272000
2009-10-12,5.717239856719971,5.738214035943165,5.682183145748795,5.723532230501688,288024800
2009-10-13,5.693570613861084,5.7280276587630174,5.68398223262984,5.7118476654845765,348020400
2009-10-14,5.731623649597168,5.7624846512071635,5.699862937156367,5.7603875928812025,375510800
2009-10-15,5.709752082824707,5.720538615204102,5.678890670746079,5.681886640815778,373556400
2009-10-16,5.634541034698486,5.703755538085113,5.628248661645466,5.673493020166504,431426800
2009-10-19,5.688777923583984,5.692972841774004,5.559637971178844,5.6285528841029295,942230800
2009-10-20,5.955447196960449,6.045037044747412,5.9281810346291115,6.010579995670681,1141039200
2009-10-21,6.140018463134766,6.253578846613811,5.969529069591163,5.978218139536717,1193726800
2009-10-22,6.148410320281982,6.22781252892922,6.067810363675545,6.133428869605946,791392000
2009-10-23,6.110652923583984,6.16638457231356,6.089379509344775,6.163388604146168,420786800
2009-10-26,6.0669097900390625,6.194851551341157,5.995597805028389,6.102565782544399,484338400
2009-10-27,5.913798809051514,6.076796885702453,5.886231813594607,6.042339841590736,756551600
2009-10-28,5.764880657196045,5.9332725453548525,5.725928271614342,5.923983404116808,818386800
2009-10-29,5.883236885070801,5.897020585261639,5.757092925474946,5.842787095673152,570270400
2009-10-30,5.648026466369629,5.896719097794798,5.638138448464302,5.874546766832916,717525200
2009-11-02,5.672297477722168,5.77926507594375,5.560236050997391,5.686979289240842,678983200
2009-11-03,5.655516624450684,5.678587864644179,5.570721385701682,5.628550504776619,522541600
2009-11-04,5.717239856719971,5.808327057836323,5.699861719706951,5.714843161995177,487530400
2009-11-05,5.813722610473633,5.842786592955228,5.747504048248082,5.764882990409449,384801200
2009-11-06,5.8230109214782715,5.848479262355533,5.76488335290929,5.768178959339193,295097600
2009-11-09,6.036347389221191,6.049530613637348,5.880539790854237,5.90091390132005,528855600
2009-11-10,6.081890106201172,6.141815477354051,6.02286284552086,6.023162482377855,401195200
2009-11-11,6.0899810791015625,6.142416339069045,6.0474330372286875,6.129232314811474,443870000
2009-11-12,6.052229404449463,6.1385224552838284,6.0354501334456625,6.086686457356965,363731200
2009-11-13,6.125936985015869,6.137322788247873,6.0546249962406815,6.078595150418512,343240800
2009-11-16,6.19125509262085,6.232304144095703,6.142715119317065,6.156797252256996,485206400
2009-11-17,6.2023420333862305,6.215525257357175,6.142416251449238,6.174776237703099,396513600
2009-11-18,6.171181678771973,6.202343524926234,6.11245443035493,6.188561023819531,374320800
2009-11-19,6.007882595062256,6.13073134687607,5.986609171258986,6.13073134687607,542326400
2009-11-20,5.990203380584717,6.004286314162216,5.925483413702127,5.9671321405668785,406666400
2009-11-23,6.168782711029053,6.172378353497524,6.0809907076208,6.082489292031892,474896800
2009-11-24,6.125637054443359,6.168783569924726,6.079494169821075,6.152303539649677,318438400
2009-11-25,6.11814546585083,6.161891650449466,6.105261479996126,6.154400328363047,286454000
2009-11-27,6.010280609130859,6.081292168891381,5.943762403656255,5.969230745350013,295257200
2009-11-30,5.98990535736084,6.04293949648817,5.955747545691083,6.025860590653291,424858000
2009-12-01,5.901813507080078,6.075598917550304,5.897618590263728,6.059718161031262,465763200
2009-12-02,5.879641532897949,6.035149522190611,5.8652593581739545,5.961440426674605,715260000
2009-12-03,5.887129783630371,5.9620377930741935,5.88083781007388,5.915294846338361,448719600
2009-12-04,5.792448043823242,5.989004646506066,5.701360027846116,5.98361198248901,826884800
2009-12-07,5.661509037017822,5.8059312180733205,5.653419241013533,5.792447958033336,714758800
2009-12-08,5.689075469970703,5.7633842218814655,5.65401915241346,5.673794387943412,690398800
2009-12-09,5.92668342590332,5.93746995563826,5.702260159594883,5.73132454257537,684782000
2009-12-10,5.8856329917907715,5.983612260869127,5.8763446476533,5.977619522684127,489669600
2009-12-11,5.832899570465088,5.932676686222554,5.795745384424084,5.926084272503218,429774800
2009-12-14,5.902113914489746,5.915597178309955,5.769677571987956,5.853873561682252,495790400
2009-12-15,5.817916393280029,5.917993116298617,5.79094987273831,5.867655317917951,419459600
2009-12-16,5.843684673309326,5.8877304992376995,5.82930250159471,5.845782131691561,352984800
2009-12-17,5.748701095581055,5.84278506799716,5.722933126096844,5.820612340731086,388838800
2009-12-18,5.855670928955078,5.857768387616408,5.770875271844354,5.787954978135949,608770400
2009-12-21,5.9395670890808105,5.985111104201318,5.862861632066895,5.874248235921005,611906400
2009-12-22,6.00338888168335,6.018070693574221,5.952451795508176,5.975823079771842,349515600
2009-12-23,6.055522918701172,6.063912751882879,6.0168709588332465,6.028555997809237,345525600
2009-12-24,6.263465881347656,6.272755024913451,6.09297649277839,6.098969230531,500889200
2009-12-28,6.34047269821167,6.410585748878073,6.280546504416843,6.343769104927888,644565600
2009-12-29,6.26526403427124,6.373730593087981,6.25417786889141,6.371033860956578,445205600
2009-12-30,6.341368675231934,6.35215600188069,6.241592404530412,6.257172720631376,412084400
2009-12-31,6.314104080200195,6.392607754122821,6.309010652542627,6.386015741796289,352410800
2010-01-04,6.412383079528809,6.427064888954929,6.363543460401331,6.39500453775006,493729600
2010-01-05,6.423470973968506,6.459726249662404,6.389612394145398,6.430062987748991,601904800
2010-01-06,6.321294784545898,6.4489372939698555,6.314702773243294,6.423468559440848,552160000
2010-01-07,6.309607982635498,6.352156015374944,6.263764744637585,6.344665094109337,477131200
2010-01-08,6.351558208465576,6.352157882392279,6.264067022712402,6.301220402913081,447610800
2010-01-11,6.29552698135376,6.382119640937421,6.245788058476692,6.3761269032295225,462229600
2010-01-12,6.223914623260498,6.285339385234632,6.184963027947553,6.267960045672149,594459600
2010-01-13,6.311707019805908,6.32009685372256,6.115450034182275,6.228410754835679,605892000
2010-01-14,6.275152683258057,6.306014887372378,6.26286796902864,6.2955279947447265,432894000
2010-01-15,6.170281887054443,6.340172420550783,6.16848406553127,6.320096746875335,594067600
2010-01-19,6.443246364593506,6.44774091954804,6.209535507698652,6.242194740220082,730007600
2010-01-20,6.344067096710205,6.458525189064216,6.277249269939606,6.439348828024793,612152800
2010-01-21,6.234402179718018,6.3914087254773335,6.208634204684514,6.354554584447921,608154400
2010-01-22,5.9251861572265625,6.2173254362666,5.907508374030075,6.195752372005048,881767600
2010-01-25,6.084589004516602,6.1334282326116565,5.99829555354718,6.067809733496142,1065699600
2010-01-26,6.170581817626953,6.403394515316552,6.069906207833894,6.170881454561742,1867110000
2010-01-27,6.228709697723389,6.309609263519785,5.978518077301491,6.197847495893098,1722568400
2010-01-28,5.971327781677246,6.157398321587291,5.953650002252873,6.140319816045054,1173502400
2010-01-29,5.754694938659668,6.058519967804259,5.700461857518746,6.02496143362469,1245952400
2010-02-01,5.8346943855285645,5.872747462914322,5.7319213529334645,5.763981693707552,749876400
2010-02-02,5.868556022644043,5.882339325013352,5.79424804490003,5.870054607733595,698342400
2010-02-03,5.9695281982421875,5.998592572898689,5.825406072517834,5.84787843641634,615328000
2010-02-04,5.754396438598633,5.94376219139486,5.740013864923577,5.894622531437086,757652000
2010-02-05,5.856570243835449,5.872750641444332,5.718440790569541,5.771775375181527,850306800
2010-02-08,5.8164191246032715,5.9290802149433555,5.8128234812851005,5.863461324584028,478270800
2010-02-09,5.878442764282227,5.9176940036414685,5.835295844617221,5.885334013917376,632886800
2010-02-10,5.8463826179504395,5.890728490036384,5.820614638294867,5.869453864841026,370361600
2010-02-11,5.952751159667969,5.985111551799704,5.814621719363881,5.839191550414985,550345600
2010-02-12,6.003987789154053,6.041741243510195,5.857768162771362,5.935971403895382,655468800
2010-02-16,6.09447717666626,6.103166249351471,6.038146622534954,6.0507309761011925,543737600
2010-02-17,6.069008827209473,6.121743337354869,6.01837057585001,6.118147693467851,436396800
2010-02-18,6.080392360687256,6.109157102877768,6.020166544270516,6.04143996395349,422825200
2010-02-19,6.04263973236084,6.088483383933846,6.025860463824459,6.048333234251734,415469600
2010-02-22,6.005183696746826,6.067506956894774,5.96832956700808,6.062713167690447,390563600
2010-02-23,5.904509544372559,6.032451700536245,5.864059762954422,5.992600792869819,575094800
2010-02-24,6.012379169464111,6.035750056704071,5.927882730772087,5.939568574441489,460566400
2010-02-25,6.052527904510498,6.07829588182054,5.899417025235324,5.914098835570021,665126000
2010-02-26,6.131031036376953,6.14751066906895,6.052528153383103,6.063913957773231,507460800
2010-03-01,6.261969566345215,6.277250250125308,6.155900090257104,6.164888798371744,550093600
2010-03-02,6.2577738761901855,6.317100382546536,6.224514580141323,6.290133461435157,566546400
2010-03-03,6.272154331207275,6.2883347215403305,6.2305064081394,6.260469293842934,372052800
2010-03-04,6.313504695892334,6.319797071184843,6.2511814169525035,6.270658216716701,366041200
2010-03-05,6.560400485992432,6.582872855426392,6.430960134113949,6.440248878833697,899620400
2010-03-08,6.564296245574951,6.594558377208568,6.539426778912664,6.592161681671236,429889600
2010-03-09,6.682348728179932,6.741675228884419,6.528638612651174,6.541222961278,920259200
2010-03-10,6.736881256103516,6.756058016609081,6.687742407504977,6.7066191310784,596218000
2010-03-11,6.756655693054199,6.756655693054199,6.691336860535345,6.709015434540506,405700400
2010-03-12,6.789618015289307,6.8234757902291605,6.764149274785836,6.81268886011268,416323600
2010-03-15,6.706918716430664,6.756656438363613,6.59935107654244,6.753061595894926,493502800
2010-03-16,6.725198268890381,6.741078629422813,6.66707029261863,6.717108470152804,446908000
2010-03-17,6.715310096740723,6.78512350992231,6.689841754601618,6.738680980107301,450956800
2010-03-18,6.7311882972717285,6.7416751877218495,6.670063575651784,6.714707869294955,342109600
2010-03-19,6.6592793464660645,6.748868801689069,6.628716775084249,6.735385537871737,559445600
2010-03-22,6.734184741973877,6.7716389512735224,6.596354979963863,6.605943359957176,456419600
2010-03-23,6.84235143661499,6.8549361864288345,6.714708517370166,6.7608517999223965,602431200
2010-03-24,6.872613906860352,6.8974833678860366,6.816882247200565,6.820777926695275,597780400
2010-03-25,6.791116714477539,6.920557493009965,6.779131234956361,6.9190589080204346,542284400
2010-03-26,6.918459892272949,6.949920573403817,6.848046405749128,6.860031884331575,640875200
2010-03-29,6.9631028175354,7.007448281936411,6.940031974666603,6.981381069844667,540744400
2010-03-30,7.066773891448975,7.115614303507301,7.01883279009218,7.089246257706895,527310000
2010-03-31,7.041306972503662,7.089548123236564,7.025127376687814,7.055989583660651,430659600
2010-04-01,7.070369720458984,7.153067102354089,6.973889041532107,7.1135166328077615,603145200
2010-04-05,7.145877361297607,7.146476635144013,7.034414826162003,7.040707601598554,684507600
2010-04-06,7.177339553833008,7.198313340449884,7.101233367948217,7.137189002219058,447017200
2010-04-07,7.209099769592285,7.248651044550517,7.1509710048346244,7.177638291755464,628502000
2010-04-08,7.189624309539795,7.23726538520095,7.132394851325851,7.204306120274415,572989200
2010-04-09,7.24475622177124,7.24775339154705,7.204905705213912,7.233970091032401,334182800
2010-04-12,7.259738922119141,7.283109808244466,7.245356345981214,7.2570417890438765,333026400
2010-04-13,7.263931751251221,7.275018718439828,7.224380473988147,7.246853645265739,306210800
2010-04-14,7.361608028411865,7.365203669967856,7.313068467602501,7.349323319811358,404076400
2010-04-15,7.458391189575195,7.46168679537987,7.356217008349498,7.36430680448717,376784800
2010-04-16,7.412848949432373,7.524910774896721,7.3274544140060565,7.447905274455366,750545600
2010-04-19,7.402958869934082,7.427528292988668,7.244154530436323,7.401760322463203,566924400
2010-04-20,7.3286519050598145,7.468279511279908,7.279812286585048,7.447005689720563,738326400
2010-04-21,7.767010688781738,7.797872891772291,7.662439402999998,7.754425938027627,982391200
2010-04-22,7.984243392944336,7.992633227973944,7.676523030375932,7.737648171207226,793424800
2010-04-23,8.114880561828613,8.15533034528452,8.000122423505154,8.029785278000057,796955600
2010-04-26,8.075028419494629,8.16371852827915,8.035776391538944,8.146340390787609,479068800
2010-04-27,7.851504325866699,8.025289705692357,7.80596112294579,8.008210804572407,709343600
2010-04-28,7.838320732116699,7.910231175437636,7.682812808239615,7.88775961195519,758402400
2010-04-29,8.049262046813965,8.090011066980507,7.850607173083147,7.8808693012936155,558840800
2010-04-30,7.823040008544922,8.10708855285633,7.820343676835935,8.069335108339931,542463600
2010-05-03,7.980647563934326,8.026491618517312,7.876675539622753,7.905440687627353,454342000
2010-05-04,7.750828266143799,7.888958051015208,7.6930003554425985,7.876973377342159,723819600
2010-05-05,7.670229911804199,7.734650649610554,7.4526983079549085,7.581539783567618,883103200
2010-05-06,7.378392219543457,7.7379477948387905,5.970130015949565,7.605511449933241,1285860800
2010-05-07,7.067074775695801,7.387979152531253,6.747969020682689,7.3022853839992505,1676018400
2010-05-10,7.610302448272705,7.630078482754629,7.44670470896017,7.498241453269114,984306400
2010-05-11,7.686108112335205,7.787082915433856,7.505730755935025,7.545880487671143,848906800
2010-05-12,7.85300350189209,7.884164937853591,7.751429398156641,7.767608189760038,654379600
2010-05-13,7.741243362426758,7.940197495196353,7.682515320750019,7.88686291858062,599712400
2010-05-14,7.605210304260254,7.684912129208868,7.475770348026888,7.6453608536712,759362800
2010-05-17,7.617194652557373,7.675922683334105,7.422135436263555,7.631577223383963,762834800
2010-05-18,7.561463356018066,7.746934181096273,7.498540412368309,7.699892391870298,782678400
2010-05-19,7.441014766693115,7.578245311002102,7.336444255026331,7.475771858266118,1025726800
2010-05-20,7.124004364013672,7.306478831719797,7.077561045543335,7.247450763715118,1282915200
2010-05-21,7.2606377601623535,7.325957022335751,6.931942790263769,6.9759882266684965,1223891200
2010-05-24,7.393671035766602,7.517718320665368,7.378689989827202,7.409252155646108,754238800
2010-05-25,7.347527980804443,7.393670462828672,7.106026242076259,7.171644722391375,1048006400
2010-05-26,7.314268112182617,7.554572084592294,7.303481184716263,7.493147725556581,850654000
2010-05-27,7.591130256652832,7.607310656535237,7.464087354268032,7.508732072313738,666282400
2010-05-28,7.696897029876709,7.7724039320539715,7.5911271994161345,7.772104695189072,815614800
2010-06-01,7.815251350402832,7.968362223682122,7.759220443728421,7.7810935399252665,876472800
2010-06-02,7.908732891082764,7.934200818862079,7.800265969991423,7.926410262084498,688548000
2010-06-03,7.883864879608154,7.956674634877687,7.802664492328955,7.945587671231465,650106800
2010-06-04,7.6693339347839355,7.847313523897064,7.629483411311119,7.736750263970988,758304400
2010-06-07,7.518916130065918,7.764912017115912,7.507229891254467,7.73914404455932,886942000
2010-06-08,7.470673561096191,7.604608411206999,7.360409618287313,7.587828750299916,1000770400
2010-06-09,7.287002086639404,7.54768138544344,7.265729067181373,7.53479659887235,854630000
2010-06-10,7.506032943725586,7.5201146789714555,7.257039861127843,7.336142408674326,776356000
2010-06-11,7.595920562744141,7.6064074524445235,7.411947537343462,7.437715506344037,545759200
2010-06-14,7.618989944458008,7.764909462081869,7.6109001511030625,7.669328125540629,602960400
2010-06-15,7.781093597412109,7.785887788405591,7.655548521115522,7.659743438234819,585074000
2010-06-16,8.007613182067871,8.022594226692608,7.80925755842458,7.8233400924151795,783678000
2010-06-17,8.146039962768555,8.176902154271218,8.075027238665715,8.10798648779751,872855200
2010-06-18,8.211958885192871,8.239825512836427,8.1325571186378,8.157426577624411,784621600
2010-06-21,8.095105171203613,8.359977798742259,8.051958256280562,8.320426526737673,776490400
2010-06-22,8.205370903015137,8.26889234125286,8.134958214430508,8.154733454599336,717262000
2010-06-23,8.119077682495117,8.229641734110569,8.02709112468853,8.22724463813523,768457200
2010-06-24,8.060049057006836,8.185893361945814,8.033081734435417,8.119974040203145,714277200
2010-06-25,7.991134166717529,8.098102556721493,7.964466878441076,8.091810580873728,549942400
2010-06-28,8.03907299041748,8.082519935388511,7.925812656797924,7.998023140344118,584948000
2010-06-29,7.675625801086426,7.921921827030243,7.619594879360141,7.913831227565781,1133344800
2010-06-30,7.536595344543457,7.72955672854891,7.491052130984842,7.691803275139388,739452000
2010-07-01,7.445205211639404,7.634571679587576,7.287600246309287,7.619589838730003,1022896000
2010-07-02,7.3990702629089355,7.5186226741294195,7.287007579582838,7.505437840674491,693842800
2010-07-06,7.449703216552734,7.574648220060239,7.375694092537647,7.520715171069871,615235600
2010-07-07,7.750532150268555,7.753529320326073,7.4832631508388605,7.505434688335893,654556000
2010-07-08,7.733152866363525,7.877275439819308,7.637271442093296,7.864690687844989,738144400
2010-07-09,7.778996467590332,7.78738550165339,7.645360795167991,7.697196784661874,433322400
2010-07-12,7.709179401397705,7.845810592365272,7.636369653615688,7.746333567371194,562878400
2010-07-13,7.544688701629639,7.682518555268042,7.3837871933436725,7.680122258775135,1190924000
2010-07-14,7.57255220413208,7.664538766828371,7.460790398686862,7.472177405273799,812047600
2010-07-15,7.534201622009277,7.699597282358418,7.409855039655931,7.43772088681386,824866000
2010-07-16,7.4877543449401855,7.639666641334545,7.443109650356562,7.586032840429176,1039858400
2010-07-19,7.358313083648682,7.487154531341795,7.179135044478615,7.487154531341795,1024478000
2010-07-20,7.547381401062012,7.5776443309132,7.191421529653795,7.2780146020928385,1074950800
2010-07-21,7.617794513702393,7.9446907873841734,7.610604027833195,7.942892965892231,1185671200
2010-07-22,7.7610182762146,7.790381895775256,7.649854973465309,7.720867726983186,645318800
2010-07-23,7.788585186004639,7.801769213039841,7.678920452326224,7.703190647500748,533388800
2010-07-26,7.768805980682373,7.793375400246414,7.721764199281182,7.790379031994905,420551600
2010-07-27,7.912633419036865,7.934206483879674,7.799373028389747,7.816451938085796,584771600
2010-07-28,7.819148063659668,7.969862676892696,7.797875036443871,7.900348491900861,519985200
2010-07-29,7.733747959136963,7.86977986130211,7.673522964637672,7.811651924282129,643806800
2010-07-30,7.707983493804932,7.781392540373158,7.637570016395849,7.667234472096815,448210000
2010-08-02,7.845813274383545,7.86798560677845,7.778996240223942,7.803565668023551,428055600
2010-08-03,7.848209857940674,7.88806036629698,7.77300299476948,7.820644062682984,417653600
2010-08-04,7.879669666290283,7.918620855640081,7.799668629544459,7.875474750492962,420375200
2010-08-05,7.841319561004639,7.885665028383983,7.806861712675794,7.842218071782574,289097200
2010-08-06,7.793079376220703,7.835027748936998,7.719369486944513,7.783790230762346,444897600
2010-08-09,7.8428168296813965,7.854802306589614,7.777497580728791,7.834726232719053,303128000
2010-08-10,7.772706031799316,7.803868282352296,7.716974345332275,7.7858900608794235,451920000
2010-08-11,7.496441841125488,7.6612388887124645,7.485056442272433,7.652549821140842,620054400
2010-08-12,7.544386386871338,7.583637627402695,7.37449583567262,7.391574741873083,534920400
2010-08-13,7.463785648345947,7.547082316186568,7.463485611360891,7.540191066713797,354869200
2010-08-16,7.420037269592285,7.491050002292257,7.389474311151564,7.418239448507537,318430000
2010-08-17,7.549777030944824,7.629478830131748,7.466778826471044,7.493146868372407,422640400
2010-08-18,7.582737445831299,7.63067855250806,7.53809274529463,7.561464424847608,339696000
2010-08-19,7.487154483795166,7.595021350898198,7.451198861427489,7.575844592249619,426706000
2010-08-20,7.4799628257751465,7.6082041924398975,7.460786068084197,7.472472304851303,384230000
2010-08-23,7.364909648895264,7.550680613870789,7.348430811784184,7.544388636057547,414041600
2010-08-24,7.189024448394775,7.28101018565137,7.150671721415138,7.2711233670994275,602565600
2010-08-25,7.277714252471924,7.310674313323863,7.107225247334515,7.132393948250147,596867600
2010-08-26,7.199509143829346,7.363406894242314,7.199509143829346,7.3544177890765585,466505200
2010-08-27,7.239661693572998,7.2693253488206215,7.058085719218147,7.243557373610778,548391200
2010-08-30,7.266026020050049,7.363405980347026,7.211492922244434,7.213890016657792,383289200
2010-08-31,7.2840070724487305,7.327753262476485,7.201608920059962,7.246552857663829,420786800
2010-09-01,7.500640392303467,7.534498168607411,7.379290223949312,7.414945822011767,697037600
2010-09-02,7.55577278137207,7.55577278137207,7.447905864898261,7.528506215237896,415427600
2010-09-03,7.7535271644592285,7.753826401322505,7.625585003141477,7.6432631809331815,520788800
2010-09-07,7.724762439727783,7.7762983859474675,7.678019883773921,7.689705322737755,342557600
2010-09-08,7.877874374389648,7.921919804254538,7.763414663941303,7.783789975783978,526551200
2010-09-09,7.882370948791504,7.985742924095467,7.877876793377899,7.941398243724513,438575200
2010-09-10,7.892552375793457,7.925212386320104,7.832326580291931,7.885960366319448,387542400
2010-09-13,8.001321792602539,8.038475973850653,7.9629698636677,7.964766885247115,388780000
2010-09-14,8.031882286071777,8.065140780032394,7.955776117768571,7.976450662705597,408150400
2010-09-15,8.096600532531738,8.101395521753195,8.025288569521681,8.035176984637314,429368800
2010-09-16,8.286866188049316,8.28986255649543,8.075028139548603,8.097201266049842,652103200
2010-09-17,8.2509126663208,8.328516621050946,8.200275231754222,8.320426024923067,634477200
2010-09-20,8.486424446105957,8.502904080511014,8.265297148018968,8.27218839874144,658677600
2010-09-21,8.502602577209473,8.609870200863925,8.473238957344043,8.505299709704468,668074400
2010-09-22,8.62185287475586,8.628744122049056,8.461850002069644,8.470839107298842,585289600
2010-09-23,8.656912803649902,8.771970998383603,8.569421209808763,8.579308829644784,786116800
2010-09-24,8.758787155151367,8.795042828773724,8.705753411266823,8.752195941855234,649488000
2010-09-27,8.724028587341309,8.830996168040343,8.71953443356522,8.808524599061316,482834800
2010-09-28,8.595190048217773,8.74230821289932,8.23982937183082,8.74230821289932,1035042400
2010-09-29,8.610468864440918,8.683578672033464,8.56941980693637,8.606273947600526,469644000
2010-09-30,8.502001762390137,8.689270396788409,8.427094148611145,8.659307511296495,673391600
2010-10-01,8.46514892578125,8.586798319014015,8.43009180500695,8.57391433106832,448142800
2010-10-04,8.348895072937012,8.476536436406832,8.322826253486534,8.43758522600515,435302000
2010-10-05,8.657512664794922,8.67279294954852,8.444175150583245,8.449569415941331,501967200
2010-10-06,8.664999008178711,8.748895723730604,8.547244529632966,8.676984481857088,670868800
2010-10-07,8.665895462036133,8.703648891579206,8.596681374605907,8.69945397717463,408399600
2010-10-08,8.811222076416016,8.82410606567389,8.689273433882484,8.740509353904002,658403200
2010-10-11,8.849872589111328,8.906203528349828,8.827101784044533,8.831296700803676,427753200
2010-10-12,8.94515323638916,8.973918372515326,8.763876551869988,8.851368907390363,558544000
2010-10-13,8.993099212646484,9.047631545964013,8.982911554737068,8.9948970346305,630092400
2010-10-14,9.058117866516113,9.062911257647384,9.000887608758024,9.03954037550009,435296400
2010-10-15,9.430554389953613,9.43834494821852,9.136018161005406,9.211824285414037,922194000
2010-10-18,9.528236389160156,9.558198480837126,9.417073092553576,9.542318924291708,1093010800
2010-10-19,9.273250579833984,9.401491980769949,8.98950121838271,9.090776096707614,1232784000
2010-10-20,9.304413795471191,9.415876350319536,9.194749862578753,9.258570538261456,721624400
2010-10-21,9.274152755737305,9.430559275279535,9.192653088789571,9.359247266724976,551460000
2010-10-22,9.212730407714844,9.289735136484383,9.177674069750532,9.260670739978812,372778000
2010-10-25,9.253774642944336,9.33647203285267,9.241789166103162,9.261265966019362,392462000
2010-10-26,9.2301025390625,9.280739967666188,9.158190493596923,9.194746190091951,392929600
2010-10-27,9.223512649536133,9.28553549285368,9.156694815313102,9.21811918487839,399002800
2010-10-28,9.145910263061523,9.22860766844339,9.015871015397469,9.227109083508548,551051200
2010-10-29,9.018265724182129,9.165084616727931,9.014969317964786,9.11564572435515,430511200
2010-11-01,9.114147186279297,9.15669482965844,9.054820675148378,9.055419949000177,423889200
2010-11-02,9.269356727600098,9.29422619673132,9.198644801069575,9.198644801069575,433930000
2010-11-03,9.372426986694336,9.374824081684894,9.244484841917915,9.32957931378734,508348400
2010-11-04,9.536325454711914,9.593554901655526,9.439244700680627,9.451829450302817,642488000
2010-11-05,9.502167701721191,9.575277510655132,9.49078229875838,9.527936477070686,361253200
2010-11-08,9.546810150146484,9.58126718508636,9.49107850045132,9.504262520832578,281758400
2010-11-09,9.470704078674316,9.627111303254996,9.423363059817554,9.61961998246952,383544000
2010-11-10,9.529138565063477,9.55131090547991,9.394903574132247,9.487489417388193,384227200
2010-11-11,9.487787246704102,9.540222510880872,9.415875181443116,9.43834755181868,361284000
2010-11-12,9.229503631591797,9.483290080394497,9.09766739855629,9.468309035773911,795846800
2010-11-15,9.199838638305664,9.30470912663946,9.176767002856497,9.242386267308156,403606000
2010-11-16,9.036542892456055,9.216620277798059,8.968526512910564,9.160290137984852,657650000
2010-11-17,9.003883361816406,9.108453841222339,8.921784450117421,9.024857145048975,479449600
2010-11-18,9.241490364074707,9.278644543931987,9.129429350731238,9.144709634274841,494491200
2010-11-19,9.190552711486816,9.24059087420335,9.145908013031109,9.22770688740731,384843200
2010-11-22,9.38920783996582,9.38920783996582,9.164784993710924,9.189054383414268,393075200
2010-11-23,9.250478744506836,9.340968299525926,9.185459529321145,9.30201549765406,519447600
2010-11-24,9.432355880737305,9.450334099112261,9.34096940434349,9.348459128518298,413725200
2010-11-26,9.438346862792969,9.51924723021932,9.376623258062562,9.400593411333912,237585600
2010-11-29,9.494379043579102,9.512655697834857,9.32988195438913,9.45332918045929,445785200
2010-11-30,9.322986602783203,9.41916802355956,9.314596771666002,9.394597803859188,501858000
2010-12-01,9.480297088623047,9.520746880212503,9.438348712105055,9.4464385104032,461750800
2010-12-02,9.532732009887695,9.558199951752108,9.435051959543165,9.514154518066835,462837200
2010-12-03,9.511459350585938,9.547714227626264,9.47850008051335,9.49857535956834,342092800
2010-12-06,9.592659950256348,9.657979217572306,9.540823148104602,9.54741516225735,448481600
2010-12-07,9.534530639648438,9.70771601941701,9.531834306785624,9.702024116750525,391454000
2010-12-08,9.618424415588379,9.618724452559976,9.50156921628577,9.57707532040958,321935600
2010-12-09,9.580968856811523,9.66306695485738,9.558795729522323,9.651981591360396,294151200
2010-12-10,9.604940414428711,9.619622222441421,9.546212382279338,9.577673856648593,262511200
2010-12-13,9.638198852539062,9.73977456062163,9.618124380558726,9.7191000147479,439815600
2010-12-14,9.596850395202637,9.664267495813709,9.558197636150156,9.639997307589782,351008000
2010-12-15,9.598949432373047,9.678051181349272,9.563892311722237,9.588161702828248,417312000
2010-12-16,9.625617027282715,9.666366854228638,9.591159976620974,9.6208228358657,322030800
2010-12-17,9.606438636779785,9.641794989456637,9.595052435038571,9.63700079924981,386929200
2010-12-20,9.654379844665527,9.68554208393432,9.535127552473478,9.636102392836003,385610400
2010-12-21,9.714005470275879,9.719698171092006,9.649585539677073,9.67804984385621,256354000
2010-12-22,9.742770195007324,9.759549861376492,9.694529854343763,9.718800043149901,265921600
2010-12-23,9.696030616760254,9.742473146458789,9.683146627239262,9.737978992006859,223157200
2010-12-27,9.728386878967285,9.751159281581842,9.633704026286374,9.673555330812615,249816000
2010-12-28,9.752063751220703,9.787719358239622,9.739779032834372,9.765246980662646,175924000
2010-12-29,9.746665954589844,9.78142303511216,9.740972453404401,9.774530986319103,163139200
2010-12-30,9.697826385498047,9.753257212365545,9.679548934444913,9.75235870170486,157494400
2010-12-31,9.664867401123047,9.692433196913807,9.62741318719227,9.676552840635544,193508000
2011-01-03,9.874909400939941,9.895583951419729,9.733184717322038,9.757154874358568,445138400
2011-01-04,9.92644214630127,9.96269700416563,9.832357777772856,9.960899183107188,309080800
2011-01-05,10.007643699645996,10.017831355129532,9.872810283346537,9.87430886802577,255519600
2011-01-06,9.999553680419922,10.045096888316227,9.974684218155053,10.029216532911887,300428800
2011-01-07,10.071167945861816,10.078059196491033,9.94472353805514,10.007346467986427,311931200
2011-01-10,10.26082992553711,10.284200801620454,10.102625656491032,10.15236377739898,448560000
2011-01-11,10.23656177520752,10.336038029037718,10.171541765817098,10.33364173385376,444108000
2011-01-12,10.31985855102539,10.320158588011592,10.247348812594923,10.28480302965633,302590400
2011-01-13,10.357611656188965,10.386376801161353,10.302780098831857,10.342031336094191,296780400
2011-01-14,10.441507339477539,10.441507339477539,10.320457233689064,10.363903383532547,308840000
2011-01-18,10.206899642944336,10.330047640752875,9.76794147070949,9.873411286837243,1880998000
2011-01-19,10.152665138244629,10.445103564639583,10.093937903454794,10.437612241760329,1135612800
2011-01-20,9.968094825744629,10.136486804687136,9.891389360576152,10.080455890681208,764789200
2011-01-21,9.789511680603027,10.03400976312476,9.786814548753686,10.000750470972507,754401200
2011-01-24,10.111017227172852,10.111017227172852,9.789513606802503,9.794008560736357,574683200
2011-01-25,10.229369163513184,10.23056851119136,10.024722364926989,10.077457658333412,546868000
2011-01-26,10.302776336669922,10.355211579564012,10.232363684831322,10.276109059972228,506875600
2011-01-27,10.283602714538574,10.327948176927922,10.27221731210645,10.300681618285314,285026000
2011-01-28,10.070568084716797,10.319261987784017,9.993564178025663,10.312370737009095,592057200
2011-01-31,10.167048454284668,10.188622315311905,10.016634701504872,10.06157864511424,377246800
2011-02-01,10.338138580322266,10.356715273502038,10.216788400380707,10.226376784008341,426633200
2011-02-02,10.316861152648926,10.344726182691085,10.293789512648473,10.32075683218708,258955200
2011-02-03,10.290493965148926,10.314464917849188,10.143975117212069,10.301280893864044,393797600
2011-02-04,10.382182121276855,10.388174859949622,10.292592678365555,10.296487558453542,321840400
2011-02-07,10.54338264465332,10.584430900630132,10.416338996491817,10.423829519111006,485021600
2011-02-08,10.642860412597656,10.652448794978458,10.551473943375962,10.597317196486175,381040800
2011-02-09,10.731552124023438,10.75672162958977,10.632974360900823,10.642561943874991,482745200
2011-02-10,10.623086929321289,10.786685530330967,10.427128332528127,10.708482273862446,928550000
2011-02-11,10.69229793548584,10.720762239744138,10.593120125643644,10.629375789101047,367572800
2011-02-14,10.762110710144043,10.771099016182179,10.688102403198922,10.690499498168679,310416400
2011-02-15,10.783683776855469,10.785781635005584,10.713271112286092,10.762409959024264,284174800
2011-02-16,10.880467414855957,10.93350115125055,10.801664102367631,10.810652410174294,481157600
2011-02-17,10.73574447631836,10.79477174535822,10.682409908318398,10.704283802026033,530583200
2011-02-18,10.503830909729004,10.771699891748947,10.472668672802786,10.74802897721002,816057200
2011-02-22,10.145771980285645,10.349221021569086,10.119105498073376,10.25184103566926,872555600
2011-02-23,10.265925407409668,10.326449663086496,10.145773006443314,10.150567997113953,671854400
2011-02-24,10.273716926574707,10.341733316817448,10.138584257123492,10.307875540251137,499900800
2011-02-25,10.431920051574707,10.44000984795769,10.331244451824494,10.345026949351274,380018800
2011-02-28,10.583233833312988,10.638365427499233,10.520610915927518,10.524206559039483,403074000
2011-03-01,10.466377258300781,10.658440116786279,10.417537642190437,10.650949594096572,456136800
2011-03-02,10.550573348999023,10.617391180438837,10.439110817677632,10.485853375999136,602590800
2011-03-03,10.773497581481934,10.78038882989947,10.664432153868253,10.702485638831273,500788400
2011-03-04,10.786683082580566,10.795372153527806,10.719265973272528,10.788780141047667,453266800
2011-03-07,10.64765453338623,10.83672103245786,10.526304379145529,10.828630435436175,546123200
2011-03-08,10.659636497497559,10.708776140577466,10.554465963868031,10.634167765411659,356316800
2011-03-09,10.561060905456543,10.629676562691685,10.505030799455776,10.62757870411975,453306000
2011-03-10,10.387271881103516,10.48015769753393,10.334237362725233,10.460680903675854,507539200
2011-03-11,10.546677589416504,10.556566007518418,10.337237389586301,10.347124207491095,471080400
2011-03-14,10.593720436096191,10.681212815898522,10.526304129836182,10.582334233219544,435957200
2011-03-15,10.350123405456543,10.422333914839639,10.190420501200645,10.250346294886935,721081200
2011-03-16,9.888091087341309,10.277311042173011,9.775730043613937,10.24734815051895,1162011200
2011-03-17,10.026819229125977,10.175735150690768,9.907566157068997,10.092437702360163,659422400
2011-03-18,9.907869338989258,10.133490787687801,9.887794061076072,10.10143003039398,753214000
2011-03-21,10.166444778442383,10.17962799881886,10.045393899832245,10.067267788396459,409402000
2011-03-22,10.223381042480469,10.265929500773147,10.16165741445082,10.264131678591767,325922800
2011-03-23,10.163152694702148,10.194014098631733,10.066071928674978,10.165849027047962,372996400
2011-03-24,10.336336135864258,10.367198331814393,10.153262418390003,10.242851837598376,404712000
2011-03-25,10.53319263458252,10.548772950150587,10.39775918331551,10.429220651438941,448910000
2011-03-28,10.500235557556152,10.616493084120936,10.500235557556152,10.581435963986856,309355200
2011-03-29,10.515817642211914,10.515817642211914,10.368999536162164,10.416939848305429,352900800
2011-03-30,10.446003913879395,10.513421831165742,10.41034831508102,10.506229743884559,329406000
2011-03-31,10.44240951538086,10.48106148548572,10.369000455844937,10.377988765107352,274019200
2011-04-01,10.324050903320312,10.534691217078816,10.286297458750488,10.520309447779816,418661600
2011-04-04,10.223074913024902,10.325249071199586,10.139478238199407,10.316560003230586,460084800
2011-04-05,10.154160499572754,10.254836078086642,10.067567452569273,10.097231099847741,482731200
2011-04-06,10.128694534301758,10.30427777099539,10.101728011282955,10.223977475786036,402539200
2011-04-07,10.12989330291748,10.200305175575357,10.068468137155804,10.130491776631722,373447200
2011-04-08,10.03940486907959,10.191916458726185,10.006146371584995,10.185025209714423,377535200
2011-04-11,9.911764144897461,10.057682942932864,9.888393262266993,10.009442592832254,398946800
2011-04-12,9.959709167480469,9.99955969839738,9.893789810929912,9.902478886075126,425639200
2011-04-13,10.071465492248535,10.07176472911118,9.963298567289476,10.038206195073975,346220000
2011-04-14,9.96030330657959,10.067570932690618,9.94951717664849,10.03161529935676,301800800
2011-04-15,9.81168270111084,9.996854259550428,9.7919074706437,9.986666607440942,453605600
2011-04-18,9.943225860595703,9.9546120661877,9.59295862118423,9.770938992312658,609898800
2011-04-19,10.123302459716797,10.126897302910013,9.939029341452999,9.980678476201025,419378400
2011-04-20,10.25963020324707,10.3597065074503,10.232364450971426,10.292589455528393,700666400
2011-04-21,10.508028984069824,10.640765377551153,10.442709716876202,10.636869696418781,753810400
2011-04-25,10.577241897583008,10.599415031789679,10.496041484622788,10.497240832516404,266546000
2011-04-26,10.49963665008545,10.636567118547857,10.46757590052218,10.595518061715147,338800000
2011-04-27,10.491545677185059,10.557464995421377,10.400159222565703,10.554168589455365,356213200
2011-04-28,10.389674186706543,10.47956207282342,10.352819241286129,10.37289451722438,360959200
2011-04-29,10.490948677062988,10.60540678912732,10.387275894771312,10.390572301200343,1006345200
2011-05-02,10.375592231750488,10.50113733228832,10.352221346243262,10.479264231706445,442713600
2011-05-03,10.43311595916748,10.483753387017341,10.355811251533838,10.426823985323507,313348000
2011-05-04,10.47416877746582,10.541885125032477,10.393567641558484,10.434916738767024,389250400
2011-05-05,10.389674186706543,10.515518507428055,10.368699599853837,10.43911228404122,335969200
2011-05-06,10.386974334716797,10.487050651203347,10.373491075319361,10.477762308078209,280134400
2011-05-09,10.415143966674805,10.463085087846977,10.383083206874238,10.422933728782521,204747200
2011-05-10,10.470574378967285,10.477765666310392,10.386977663850487,10.453794708500038,282091600
2011-05-11,10.40405559539795,10.487053835266217,10.344429839098698,10.457690212543264,336000000
2011-05-12,10.38427734375,10.400757772235561,10.255437485558422,10.370794884268001,322000000
2011-05-13,10.20240306854248,10.374689889761349,10.197908914980601,10.357012512371972,326116000
2011-05-16,9.986668586730957,10.223976199959404,9.965694004701463,10.163451149156998,449775200
2011-05-17,10.071768760681152,10.071768760681152,9.909668726886366,9.947722229883967,452334400
2011-05-18,10.183527946472168,10.218884307013674,10.06757124539592,10.081653782211738,334776400
2011-05-19,10.203303337097168,10.2596334807809,10.147571667185884,10.249745861957487,261170000
2011-05-20,10.04419994354248,10.21588831090098,10.038207204701209,10.174239176003471,337968400
2011-05-23,10.019628524780273,10.066970355907324,9.87041334584043,9.886892975648166,383600000
2011-05-24,9.953414916992188,10.064578255383745,9.927946169375065,10.052592774128891,321927200
2011-05-25,10.090944290161133,10.144278879406475,9.973189742123582,9.990567889114413,294224000
2011-05-26,10.037606239318848,10.094236411677791,10.02052733654862,10.066670617751871,222560800
2011-05-27,10.109817504882812,10.116409517002644,10.016932461671814,10.031614270434881,203599200
2011-05-31,10.42203426361084,10.42203426361084,10.217386606465471,10.220383776369319,417754400
2011-06-01,10.352519035339355,10.550873895745916,10.326751857823883,10.453195450392045,554682800
2011-06-02,10.370196342468262,10.426527284256094,10.31626329617845,10.382181819465375,338783200
2011-06-03,10.290493965148926,10.347124140755463,10.247647087345038,10.282704205619895,313250000
2011-06-06,10.128694534301758,10.39866140165979,10.121803285109943,10.358211617131587,461941200
2011-06-07,9.948917388916016,10.134089025928054,9.944722471561525,10.13259124120793,529785200
2011-06-08,9.954910278320312,10.031615739477688,9.907270002178729,9.941127778331818,333723600
2011-06-09,9.9324369430542,9.997756188194108,9.910263812068244,9.985171438175053,275088800
2011-06-10,9.764942169189453,9.93752900234171,9.753255931445562,9.904269710490698,433955200
2011-06-13,9.785918235778809,9.837154951339393,9.740074985029647,9.803895651718262,329473200
2011-06-14,9.960898399353027,9.985168581683162,9.867114075096117,9.887788615592283,334569200
2011-06-15,9.790413856506348,9.896782174962837,9.73438214608823,9.880302542521747,399196000
2011-06-16,9.742770195007324,9.848239983317928,9.538123393323819,9.794906215412993,510591200
2011-06-17,9.595952987670898,9.865321406598325,9.568986462117522,9.8575308458544,615020000
2011-06-20,9.447936058044434,9.519248050266068,9.303514251943547,9.509060394206221,640645600
2011-06-21,9.746964454650879,9.761945498515093,9.444338407490838,9.488683865521923,493382400
2011-06-22,9.666367530822754,9.85483559365175,9.65947548012904,9.742772961632646,390583200
2011-06-23,9.924646377563477,9.938428875096578,9.531831596194802,9.55640022221065,559759200
2011-06-24,9.778425216674805,9.982173479177424,9.740671772729497,9.92883971874106,439807200
2011-06-27,9.948917388916016,10.0046490622413,9.805394888445663,9.815582544878001,339813600
2011-06-28,10.045395851135254,10.088542762790272,9.990863537866,9.997155512447472,294299600
2011-06-29,10.008844375610352,10.078657788382829,9.944123591107527,10.068770168562503,352545200
2011-06-30,10.057682037353516,10.07146613628214,9.97288758620099,10.02861845518598,322954800
2011-07-01,10.285102844238281,10.292293331028786,10.013637364862486,10.066072631614741,435313200
2011-07-05,10.469972610473633,10.481958086523182,10.262329438555673,10.277310483519074,355054000
2011-07-06,10.539786338806152,10.609900575796678,10.388473299377928,10.455590367163522,444626000
2011-07-07,10.702787399291992,10.726757556034267,10.606905172125508,10.626981248529164,399663600
2011-07-08,10.777990341186523,10.786680209918128,10.552968266636979,10.58712606756596,489633200
2011-07-11,10.606904983520508,10.779792706316385,10.571548622907457,10.677019230934919,442674400
2011-07-12,10.59941577911377,10.717170307925219,10.445704813918514,10.59282296567802,451609200
2011-07-13,10.727354049682617,10.78668054786576,10.678213604559794,10.736641592210635,391638800
2011-07-14,10.719865798950195,10.834923986048594,10.67701891577163,10.816945769268225,430533600
2011-07-15,10.934099197387695,10.936496292559946,10.761812382423992,10.821738161533235,484467200
2011-07-18,11.20017147064209,11.225639407403984,10.944886428425153,10.949380581948184,572653200
2011-07-19,11.291558265686035,11.345491306156175,11.185788442846153,11.326015308186733,819145600
2011-07-20,11.59268856048584,11.873442396372091,11.565722033694056,11.868948241939696,941340400
2011-07-21,11.604372024536133,11.687368643754002,11.50279711780861,11.59418437014938,526534400
2011-07-22,11.78445053100586,11.836885792305734,11.618155639429478,11.635234543966025,516728800
2011-07-25,11.940258979797363,11.985202919675755,11.674186983239949,11.696059279262158,589806000
2011-07-26,12.087373733520508,12.120033750125813,11.975611988799487,11.985199567902411,476582400
2011-07-27,11.763175964355469,12.064304251612374,11.749991940598097,12.002879886526976,659324400
2011-07-28,11.740106582641602,11.895015291165118,11.629543344284789,11.734114643515243,594034000
2011-07-29,11.699953079223633,11.839880704493693,11.505793177890862,11.614858603984638,632584400
2011-08-01,11.887823104858398,11.970220457078957,11.756584534886036,11.918684507307821,612836000
2011-08-02,11.652912139892578,11.922279719069381,11.636133273166555,11.914789196429115,639539600
2011-08-03,11.76257610321045,11.79193971819621,11.453058798206992,11.714934237969926,732508000
2011-08-04,11.307140350341797,11.725123879576014,11.306541076462992,11.667895224396634,871407600
2011-08-05,11.19477653503418,11.490812178556784,10.863686176094355,11.399124891376351,1204590800
2011-08-08,10.583233833312988,11.019494796282798,10.577540331669745,10.83731954576963,1143833600
2011-08-09,11.206466674804688,11.224444894274427,10.636869156136122,10.825636460074511,1082583600
2011-08-10,10.89725112915039,11.2256453496828,10.861595518750367,11.120774777778307,878656800
2011-08-11,11.197176933288574,11.249612200061923,10.928108549434253,11.101893982165963,741969200
2011-08-12,11.295754432678223,11.375155417661283,11.213056241363828,11.328113620463819,528976000
2011-08-15,11.488118171691895,11.53486073865827,11.328714504916057,11.374857797945703,460544000
2011-08-16,11.400321960449219,11.48691581544961,11.26788566473421,11.43148419482776,498750000
2011-08-17,11.399125099182129,11.5213737508533,11.326015297653875,11.455155997897586,442061200
2011-08-18,10.967957496643066,11.165714657517576,10.827730622683104,11.111480776673456,851435200
2011-08-19,10.66772747039795,10.996422328826396,10.666828959801979,10.85170051529209,775888400
2011-08-22,10.680013656616211,10.932902419116537,10.639563872146324,10.921815452912739,535315200
2011-08-23,11.194180488586426,11.195379036393724,10.696794349939246,10.7956721437453,656835200
2011-08-24,11.271482467651367,11.354779119608112,11.104288289783716,11.190282073697144,626267600
2011-08-25,11.197774887084961,11.249610873839668,10.936497094832555,10.938894190180651,871346000
2011-08-26,11.493208885192871,11.499800096382394,11.110280957720574,11.121367122110236,641477200
2011-08-29,11.684674263000488,11.730518315347188,11.62564778532543,11.63104045021455,405269200
2011-08-30,11.685270309448242,11.740701928586708,11.572009976283264,11.63313429573163,417922400
2011-08-31,11.530660629272461,11.747892132884859,11.441670489983514,11.702648171181346,522586400
2011-09-01,11.416803359985352,11.605869839889861,11.407515016304282,11.560326632118835,343725200
2011-09-02,11.207660675048828,11.326014438187954,11.141142890199193,11.228334418902103,438939200
2011-09-06,11.378151893615723,11.395829271010768,10.980841355247858,11.007508639966645,509698000
2011-09-07,11.503697395324707,11.553735560634792,11.445867870024381,11.552537012959153,350576800
2011-09-08,11.509990692138672,11.643925609924652,11.455158329830228,11.457854662360717,416158400
2011-09-09,11.31043815612793,11.565722459295676,11.236728260013546,11.503699605411963,564813200
2011-09-12,11.38414478302002,11.412309052502712,11.143241506775514,11.17620156703913,467832400
2011-09-13,11.524371147155762,11.57201141372739,11.393431822877286,11.450061996494222,440560400
2011-09-14,11.664597511291504,11.751789850643494,11.558528446921104,11.596281896957928,534724400
2011-09-15,11.774259567260742,11.795234145946326,11.682573095016002,11.728416331138373,417818800
2011-09-16,12.000184059143066,12.000184059143066,11.83628705560787,11.851568139302541,698513200
2011-09-19,12.33366870880127,12.381609804263775,11.84137777028537,11.895310002496206,823860800
2011-09-20,12.388206481933594,12.670158860683587,12.320490129139712,12.442139534561113,775754000
2011-09-21,12.348957061767578,12.63210723002392,12.344762143706893,12.573679214326882,605976000
2011-09-22,12.03973388671875,12.279438606225359,11.886323794348817,12.01606377175689,968480800
2011-09-23,12.114041328430176,12.18715112154637,11.98070572703571,11.993589711873634,546277200
2011-09-26,12.080184936523438,12.104455126325007,11.724524323324284,11.981007118984273,812876400
2011-09-27,11.963027000427246,12.262356606661875,11.927071379244035,12.246776290871567,632497600
2011-09-28,11.89561653137207,12.097267025422406,11.880633881741918,11.990897893996548,429637600
2011-09-29,11.702652931213379,12.05142234622766,11.572013618986677,12.042733274572505,651086800
2011-09-30,11.425493240356445,11.652313985061083,11.4212983235355,11.599278651016999,547640800
2011-10-03,11.224140167236328,11.46504342404945,11.181294092596021,11.397027850874386,669099200
2011-10-04,11.161221504211426,11.439877495590677,10.614097978899792,11.223245159094521,1233677200
2011-10-05,11.333508491516113,11.38054949113145,10.795671782422929,11.022192509828715,786469600
2011-10-06,11.307140350341797,11.529166121798276,11.140246175538195,11.186089427118898,812582400
2011-10-07,11.080320358276367,11.318226486836805,11.04106911946731,11.259499247067863,535458000
2011-10-10,11.64991569519043,11.64991569519043,11.332307776102578,11.358675823798597,442514800
2011-10-11,11.993890762329102,12.080484627191542,11.730516725298143,11.762576673787347,605687600
2011-10-12,12.050823211669922,12.262361303886477,11.989398835265531,12.205132645003866,622286000
2011-10-13,12.237794876098633,12.237794876098633,12.070600623394595,12.134421306857488,426185200
2011-10-14,12.644390106201172,12.644390106201172,12.442738044847934,12.48948140776079,573367200
2011-10-17,12.584166526794434,12.78521855004474,12.462815543976689,12.636601800810018,686044800
2011-10-18,12.651580810546875,12.728586305754352,12.464312119271732,12.637198237095271,881602400
2011-10-19,11.943853378295898,12.23749034196827,11.919283152281759,12.025652252462477,1104059600
2011-10-20,11.844674110412598,11.995687900605784,11.811715653140167,11.985201009642033,549270400
2011-10-21,11.771566390991211,11.959435151328881,11.708044960110835,11.928273709766785,621244400
2011-10-24,12.158089637756348,12.179961933432612,11.847373743218164,11.870744623589225,502138000
2011-10-25,11.918384552001953,12.181460167487465,11.906699912251371,12.135916155674101,430427200
2011-10-26,12.003179550170898,12.061607544403369,11.77995446449078,12.037935829707756,456304800
2011-10-27,12.12572956085205,12.254871084623874,12.04183361607802,12.211723364302161,494664800
2011-10-28,12.133522033691406,12.175470412738756,12.060412207377144,12.0750940200289,322842800
2011-10-31,12.128425598144531,12.264757596226305,12.016663027372964,12.057712885311526,385501200
2011-11-01,11.88062858581543,11.970218005830633,11.782050860186814,11.907595902950922,531790000
2011-11-02,11.907600402832031,11.998388404584254,11.838684699763178,11.987901510673332,327350800
2011-11-03,12.077186584472656,12.087074200887328,11.846171764092572,11.957334239751148,441386400
2011-11-04,11.992391586303711,12.088272983890208,11.960031604617036,12.046025385596193,302229200
2011-11-07,11.97711181640625,11.985202413327366,11.869245725176315,11.982506081086052,270275600
2011-11-08,12.171873092651367,12.224908433219065,12.031946236213155,12.05142223808533,400442000
2011-11-09,11.84377670288086,12.011869411187094,11.8123160270595,11.894414141197739,558684000
2011-11-10,11.542346954345703,11.901603144278557,11.450360439640425,11.896209680861215,744752400
2011-11-11,11.524371147155762,11.64661980123789,11.393731859824776,11.583996889656433,653786000
2011-11-14,11.363775253295898,11.543254254126472,11.332014524621497,11.491417442121303,432905200
2011-11-15,11.6505126953125,11.670587162546028,11.369459752764758,11.409909524205899,430810800
2011-11-16,11.528864860534668,11.719729156877678,11.515380800579905,11.663098985422257,349210400
2011-11-17,11.308338165283203,11.523172636272054,11.251108713713835,11.50519442107292,479900400
2011-11-18,11.234328269958496,11.3856413036526,11.232530448562803,11.353581355577203,371938000
2011-11-21,11.056652069091797,11.136653144684761,10.963766202958382,11.098299610199724,447980400
2011-11-22,11.281373023986816,11.32392067173614,11.114478839562299,11.116875935215708,409021200
2011-11-23,10.996123313903809,11.261295978148322,10.992826907849084,11.22144466922265,428271200
2011-11-25,10.893651962280273,11.12077118223775,10.886160638067052,11.038972290615098,254760800
2011-11-28,11.26968002319336,11.28765822981079,11.096194729875275,11.156719758624218,346413200
2011-11-29,11.182193756103516,11.35088574061292,11.092305080935839,11.261296302314163,375855200
2011-11-30,11.451861381530762,11.454258477043872,11.335005375562554,11.424595620217088,405938400
2011-12-01,11.623547554016113,11.655607500306754,11.408413072899103,11.462046874737055,387181200
2011-12-02,11.676583290100098,11.79433779680021,11.64302475587538,11.680478169927623,379055600
2011-12-05,11.77575969696045,11.877634642099963,11.69725722996726,11.790142268066788,357210000
2011-12-06,11.71403694152832,11.824301727770697,11.666995945386171,11.760779500898675,283598000
2011-12-07,11.658307075500488,11.713738710250713,11.588492867371269,11.683475778815074,304746400
2011-12-08,11.705349922180176,11.850371016321253,11.692465932425723,11.729020842933174,376356400
2011-12-09,11.794035911560059,11.806620659959098,11.716431963345418,11.770965072976148,296993200
2011-12-12,11.740703582763672,11.80242718463044,11.669092363139828,11.735909392312111,301067200
2011-12-13,11.64991569519043,11.847372815561473,11.598678984474395,11.775460758307242,338928800
2011-12-14,11.391632080078125,11.607066573023753,11.316425231554726,11.586691267381052,406887600
2011-12-15,11.354182243347168,11.49800477505253,11.335305516058373,11.485720060484983,256200000
2011-12-16,11.41650390625,11.510288258781511,11.37305775447197,11.396728670299543,421478400
2011-12-19,11.452159881591797,11.531262422711267,11.40032309812682,11.45995044096388,235530400
2011-12-20,11.863850593566895,11.868345546802267,11.603472146388743,11.618453190244049,337215200
2011-12-21,11.878833770751953,11.90430250828265,11.745797381806348,11.886024256558324,262948000
2011-12-22,11.941754341125488,11.959133279761431,11.868345307478435,11.895311025854529,202358800
2011-12-23,12.084978103637695,12.092768662683126,11.969919939569893,11.97591267729715,269399200
2011-12-27,12.18086051940918,12.25756596849654,12.07568996380069,12.078087859189392,265076000
2011-12-28,12.064302444458008,12.232394321643442,12.025350452926345,12.191645309058043,228662000
2011-12-29,12.138614654541016,12.154495814210039,12.000486410090385,12.08707869521807,215978000
2011-12-30,12.135017395019531,12.173370119951594,12.089773421107813,12.090371894837848,179662000
2012-01-03,12.321683883666992,12.359737362751861,12.254866867795657,12.266852341538668,302220800
2012-01-04,12.387906074523926,12.425061056470142,12.26326030322807,12.2848333636143,260022000
2012-01-05,12.525434494018555,12.541014812718334,12.364832316030093,12.433148729124154,271269600
2012-01-06,12.656373023986816,12.666859915440579,12.561090890054894,12.577570519510386,318292800
2012-01-09,12.636299133300781,12.81667656638151,12.6249129298526,12.749260256737509,394024400
2012-01-10,12.681543350219727,12.764241545054652,12.629407323015455,12.761544412558633,258196400
2012-01-11,12.660870552062988,12.669859661461539,12.56379057085488,12.664765432752988,215084800
2012-01-12,12.626111030578613,12.67135500568878,12.547008483304761,12.652778316608567,212587200
2012-01-13,12.578767776489258,12.597944537346978,12.544310734470795,12.575472970864588,226021600
2012-01-17,12.725288391113281,12.76394115263409,12.673152368628932,12.71030654554348,242897200
2012-01-18,12.857431411743164,12.8682175454405,12.773235400969629,12.793010646163854,276791200
2012-01-19,12.816675186157227,12.925140543772716,12.779521010583956,12.888586442099136,261738400
2012-01-20,12.593450546264648,12.809184321807676,12.576970916192552,12.808885084945658,413974400
2012-01-23,12.806487083435059,12.837649320004905,12.653376233039944,12.664462397924195,306062400
2012-01-24,12.596749305725098,12.737276243032722,12.570981326637948,12.737276243032722,547638000
2012-01-25,13.383272171020508,13.616683260153673,13.295480580339376,13.616384023373742,958314000
2012-01-26,13.322449684143066,13.447094621297557,13.277804990758616,13.434211436063478,323985200
2012-01-27,13.40185546875,13.437811103743105,13.296685696451915,13.313763802972483,299709200
2012-01-30,13.573541641235352,13.600208927786332,13.345223902718681,13.354811484319052,379341200
2012-01-31,13.677515029907227,13.73024953744012,13.575340821426487,13.650847739115672,391683600
2012-02-01,13.66882610321045,13.752722857113737,13.649650936756329,13.735344712434461,270046000
2012-02-02,13.636761665344238,13.698185225593491,13.602603861069637,13.660132541922076,186796400
2012-02-03,13.773390769958496,13.782979148662784,13.649943594534202,13.702079603640417,286599600
2012-02-06,13.901935577392578,13.932198506784516,13.729050272215707,13.734442936770002,249412800
2012-02-07,14.04755973815918,14.075126341191387,13.920216017876882,13.940292096221462,316223600
2012-02-08,14.28276538848877,14.286060194259308,14.07362283161746,14.097593783750868,407890000
2012-02-09,14.776857376098633,14.884125003573322,14.399023584344576,14.405016323326178,884214800
2012-02-10,14.784347534179688,14.910191849286724,14.638427143931406,14.710639246824673,631302000
2012-02-13,15.05941104888916,15.096265198447279,14.894313868030329,14.967423693266372,517216000
2012-02-14,15.264954566955566,15.267950136387391,15.041431000671118,15.121132029886349,460398400
2012-02-15,14.911693572998047,15.769233031898176,14.8883210877832,15.408778935666803,1506120000
2012-02-16,15.047724723815918,15.128025836359624,14.580900698044472,14.726821110777085,944552000
2012-02-17,15.045021057128906,15.214312272291613,14.990487952023418,15.07468390431751,535805200
2012-02-21,15.426450729370117,15.426450729370117,15.104947191188874,15.187645361326526,605595200
2012-02-22,15.372214317321777,15.44562333294889,15.2532605081736,15.3734128645197,483302400
2012-02-23,15.47259521484375,15.515742928944151,15.266150588989975,15.433343980636332,568027600
2012-02-24,15.652966499328613,15.667648301799087,15.540007031405644,15.570868420228049,415072000
2012-02-27,15.753341674804688,15.835439743754744,15.469292437473912,15.620005321715059,547582000
2012-02-28,16.042490005493164,16.042490005493164,15.756043572952954,15.81926574919875,600387200
2012-02-29,16.25312614440918,16.408036373680805,16.051176536790237,16.226759705538967,952011200
2012-03-01,16.3139591217041,16.42602254194392,16.14317005911474,16.424822393935468,683270000
2012-03-02,16.335235595703125,16.383774387254956,16.255532957335227,16.307070519050512,431712400
2012-03-05,15.975078582763672,16.404147488452395,15.760541729623343,16.34242467781512,809124400
2012-03-06,15.888177871704102,15.99095049996744,15.467497380275008,15.69042237234965,810238800
2012-03-07,15.901065826416016,16.113503172178945,15.679638574218805,16.084139558247102,798520800
2012-03-08,16.239648818969727,16.269610907520907,15.94391321176397,16.020917891600536,516457200
2012-03-09,16.334941864013672,16.411946595305327,16.273217424046234,16.306176703594346,418919200
2012-03-12,16.53957748413086,16.53957748413086,16.389760650173788,16.44908795000031,407282400
2012-03-13,17.021987915039062,17.024385010981767,16.651943829822148,16.705579251589597,690855200
2012-03-14,17.66559410095215,17.819603517628593,17.240717638327503,17.320121042850403,1418844000
2012-03-15,17.54513931274414,17.978104697303674,17.33509901481052,17.966119219496267,1159718000
2012-03-16,17.545433044433594,17.654198421063395,17.318613148738564,17.51996431213346,825487600
2012-03-19,18.010766983032227,18.030841460729228,17.649712819839596,17.92896808698478,901236000
2012-03-20,18.15638542175293,18.18454889359459,17.722520737243094,17.963123197423116,816662000
2012-03-21,18.052709579467773,18.266945562490033,18.020051157604318,18.059900865069928,644042000
2012-03-22,17.958023071289062,18.112632473045007,17.843863440878163,17.911279726453234,623870800
2012-03-23,17.85944366455078,18.031730430287652,17.810003990798563,17.992479208204916,430488800
2012-03-26,18.186941146850586,18.192036173581762,17.835776350624702,17.97150664659362,595742000
2012-03-27,18.411666870117188,18.46559991042837,18.159378207985053,18.162973850685603,607129600
2012-03-28,18.505754470825195,18.62051262491651,18.28672425598092,18.528525279341117,655460400
2012-03-29,18.273237228393555,18.473989947566878,18.19443552534712,18.360729601543454,608238400
2012-03-30,17.964323043823242,18.29421493497022,17.916081893426178,18.240581119404542,731038000
2012-04-02,18.536014556884766,18.540208673536558,17.989188796214457,18.032635748222393,598351600
2012-04-03,18.856325149536133,18.942919849461983,18.652277536742176,18.795799270759538,834559600
2012-04-04,18.706207275390625,18.75264980572707,18.487177050229132,18.707405823274094,572980800
2012-04-05,18.986955642700195,19.01631925604408,18.678935339215133,18.786202939045864,641298000
2012-04-09,19.06336212158203,19.17152904272725,18.735867389428353,18.76073605209357,597536800
2012-04-10,18.8299503326416,19.29617413384753,18.756840531404976,19.17422471950586,889725200
2012-04-11,18.762832641601562,19.08253759279808,18.677137293705876,19.062463121912202,696614800
2012-04-12,18.660072326660156,18.9165568878293,18.59205590400464,18.726890200896218,614336800
2012-04-13,18.134511947631836,18.71789270300217,18.082975991082012,18.700213722440708,859644800
2012-04-16,17.38243293762207,18.28581591332162,17.326102817772323,18.279224703627253,1050786800
2012-04-17,18.268447875976562,18.277436185109067,17.13614655312284,17.346786945565086,1025528000
2012-04-18,18.227691650390625,18.58455154502531,18.058998900772274,18.38889227845981,954531200
2012-04-19,17.60146713256836,18.119527740912105,17.513974756331894,17.984394296833955,834719200
2012-04-20,17.16820526123047,17.816605224865803,17.091499801563984,17.719524452422988,1030985200
2012-04-23,17.129852294921875,17.27876986501379,16.678010956925984,17.09719386626135,966529200
2012-04-24,16.787677764892578,17.009703580937153,16.629472629510968,16.857491185547087,1076149200
2012-04-25,18.277433395385742,18.517138137706308,18.157581824324065,18.44642542274442,905777600
2012-04-26,18.20851707458496,18.41795886154044,18.04162292619279,18.405373311978575,536068400
2012-04-27,18.06768798828125,18.162971708509282,17.992781174483376,18.12971321759956,406722400
2012-04-30,17.497804641723633,17.929872492548835,17.468441009168263,17.911894268474743,506144800
2012-05-01,17.44236946105957,17.880727581409698,17.415402931731467,17.525366908048692,610999200
2012-05-02,17.557723999023438,17.600271646921442,17.344387285716653,17.385736385783765,427389200
2012-05-03,17.43307876586914,17.7201253795828,17.387535547079604,17.69315885264976,390549600
2012-05-04,16.936582565307617,17.32939721113262,16.934185470894466,17.291045300718743,529992400
2012-05-07,17.06333351135254,17.161912061479462,16.81613824373182,16.82422884092424,460118400
2012-05-08,17.024383544921875,17.123859817582648,16.74123341191285,17.06633112010935,497252000
2012-05-09,17.054340362548828,17.198164462009913,16.80474964710426,16.890144156030043,480704000
2012-05-10,17.094493865966797,17.255096058022346,17.03217258570898,17.216144057713308,333200000
2012-05-11,16.980335235595703,17.21284868205054,16.90962252354682,16.92909852305682,399546000
2012-05-14,16.725954055786133,17.004310039414634,16.707377361119573,16.85629335581033,352626400
2012-05-15,16.574642181396484,16.875770600062786,16.532094522619776,16.822736845232683,476336000
2012-05-16,16.362199783325195,16.686100518783228,16.211185964021865,16.601005226928518,560896000
2012-05-17,15.883990287780762,16.40474729029262,15.883990287780762,16.33912800029436,717220000
2012-05-18,15.891777992248535,16.282195675129064,15.64608213295146,15.999045603063367,732292400
2012-05-21,16.8176326751709,16.825424033927924,16.001740276435005,16.015225135799447,631106000
2012-05-22,16.68849754333496,17.19517121169238,16.556959725891847,17.06543041580604,694870400
2012-05-23,17.095691680908203,17.162808743023508,16.57643256007209,16.70437310956318,584897600
2012-05-24,16.938692092895508,17.273679067038497,16.81614255683823,17.25480153548011,496230000
2012-05-25,16.847898483276367,16.954567627587917,16.7334395790712,16.91681417541656,328507200
2012-05-29,17.146926879882812,17.198763661272306,16.938386007368102,17.10587862661976,380508800
2012-05-30,17.353670120239258,17.378239541738417,16.975836454997815,17.0549389828712,529429600
2012-05-31,17.310527801513672,17.423487317763836,17.122659856785337,17.400714912276506,491674400
2012-06-01,16.80894660949707,17.158316063188725,16.7948648741688,17.05374477660153,520987600
2012-06-04,16.907819747924805,17.004001174179137,16.434705574857965,16.82422386916141,556995600
2012-06-05,16.864078521728516,16.973144764298457,16.729245903416018,16.817336760739813,388214400
2012-06-06,17.122663497924805,17.194273935327157,16.944083059416947,17.01209945328048,401455600
2012-06-07,17.130449295043945,17.298241163316188,17.093894392282937,17.297343452737966,379766800
2012-06-08,17.388124465942383,17.39591582290216,17.048943606647217,17.126847575065735,347516400
2012-06-11,17.113964080810547,17.633221448225253,17.097782893679433,17.60985057816494,591264800
2012-06-12,17.26348114013672,17.27726363485023,16.980031886847176,17.212545276996615,435380400
2012-06-13,17.143632888793945,17.33299860973923,17.09029832048505,17.214345597271898,293580000
2012-06-14,17.124757766723633,17.18378584448609,16.9968171925168,17.116068695419955,345573200
2012-06-15,17.202659606933594,17.217341415253816,17.065428304510263,17.10887525575848,335255200
2012-06-18,17.551733016967773,17.61495522122849,17.090004020323757,17.107683002648603,440412000
2012-06-19,17.600563049316406,17.678166179422462,17.471422390108447,17.480410693923314,361404400
2012-06-20,17.550537109375,17.655706897952005,17.402518828965206,17.624544649382273,358943200
2012-06-21,17.308727264404297,17.6248365730785,17.30183521608868,17.541539920415158,326351200
2012-06-22,17.441471099853516,17.44416743289365,17.241318377800123,17.34978457510541,284471600
2012-06-25,17.101985931396484,17.372552074111354,17.09000045438854,17.297643642910295,304382400
2012-06-26,17.139741897583008,17.213450191696115,16.998914922381804,17.11876650964426,276536400
2012-06-27,17.213743209838867,17.280860266482282,17.136439300023483,17.228724252785142,202997200
2012-06-28,17.05044937133789,17.198766857587227,16.947377463472794,17.128953450204467,282836400
2012-06-29,17.498397827148438,17.498397827148438,17.206257801697177,17.318618857579253,421500800
2012-07-02,17.753679275512695,17.78214358106814,17.48640955959256,17.520268129485054,400092000
2012-07-03,17.960128784179688,17.97780776626247,17.798030376684775,17.824396831045565,241712800
2012-07-05,18.27562713623047,18.40746411779883,17.967307693342356,17.994573439918838,484383200
2012-07-06,18.153980255126953,18.230685683622482,18.02514041836222,18.190235911608088,418930400
2012-07-09,18.39398956298828,18.3942887998579,18.100951857182725,18.136607450384997,379405600
2012-07-10,18.223796844482422,18.573164618970708,18.13690295597402,18.516234416188794,511957600
2012-07-11,18.110536575317383,18.207316480203936,17.89450360112254,18.161173204124097,469322000
2012-07-12,17.94485092163086,18.081781441192035,17.758480693145376,17.985001482759156,428041600
2012-07-13,18.126718521118164,18.193235512009412,17.977802583634272,18.066194268171675,311427200
2012-07-16,18.184844970703125,18.32596953084598,18.128214004363144,18.131211173053586,301260400
2012-07-17,18.185747146606445,18.322378375535997,18.072185959224225,18.301103755131493,293624800
2012-07-18,18.165369033813477,18.227691900532776,18.084467881664978,18.175256650149997,252700000
2012-07-19,18.406871795654297,18.43773319387043,18.15757871431586,18.315783785146316,436861600
2012-07-20,18.106651306152344,18.410476040835416,18.088673085112543,18.3682276214413,397471200
2012-07-23,18.092559814453125,18.154583448946635,17.60955636152432,17.810008235159465,487975600
2012-07-24,18.005367279052734,18.267842772560197,17.93315519448427,18.198927093562922,565132400
2012-07-25,17.227827072143555,17.40251096687535,17.07891114814264,17.212546791915695,877312800
2012-07-26,17.225139617919922,17.390534454870952,17.089706883224828,17.37135768530061,406632800
2012-07-27,17.53314971923828,17.553225789902402,17.126552481298916,17.2290258922019,403936400
2012-07-30,17.82888412475586,17.96102037730747,17.61284955284269,17.70573617775172,379142400
2012-07-31,18.300203323364258,18.32836999094013,18.05930166615431,18.074581947297478,462327600
2012-08-01,18.181848526000977,18.46919428467951,18.067688878345283,18.4545124780432,384501600
2012-08-02,18.211212158203125,18.29810445062677,17.98529155782288,18.062896307379418,332158400
2012-08-03,18.448225021362305,18.516540644512805,18.324177726631987,18.386201373997146,344920800
2012-08-06,18.653474807739258,18.72298899238182,18.435044632741473,18.4958681441308,302103200
2012-08-07,18.60433578491211,18.7268837179314,18.51834116573479,18.66006586682667,290446800
2012-08-08,18.57286834716797,18.69331998272232,18.490170161557607,18.558785012579023,244706000
2012-08-09,18.678789138793945,18.708881476880556,18.590620597034484,18.592124812171953,221642400
2012-08-10,18.70798110961914,18.70978584664117,18.617707295960614,18.61800781761967,194938800
2012-08-13,18.957740783691406,18.957740783691406,18.754621902856485,18.758835634099604,278832400
2012-08-14,19.00860023498535,19.216836078255866,18.964065165035805,19.014017661399897,340169200
2012-08-15,18.98270606994629,19.07809673037551,18.890024924039093,18.996849864316584,257342400
2012-08-16,19.148521423339844,19.161159402417077,18.97278537450295,18.99415133735033,254534000
2012-08-17,19.502696990966797,19.505104377781247,19.222845505589913,19.25865417915437,442761200
2012-08-20,20.01546859741211,20.01546859741211,19.556570313085427,19.55988087328754,613384800
2012-08-21,19.741933822631836,20.308259769980033,19.569508281146287,20.186087245329414,812719600
2012-08-22,20.127403259277344,20.13131486183291,19.502700724928705,19.692578976837165,565322800
2012-08-23,19.93962860107422,20.158393857321883,19.89509194378807,20.04434671623399,420128800
2012-08-24,19.95738983154297,20.14576391237023,19.72658754886681,19.845750032821737,437340400
2012-08-27,20.33232879638672,20.488503628830404,20.267931989318896,20.462022368396088,427008400
2012-08-28,20.30584716796875,20.34496640754944,20.181567809062606,20.311262985789263,267416800
2012-08-29,20.26582145690918,20.39220605379791,20.239642329926266,20.31938501138067,202806800
2012-08-30,19.9769344329834,20.208038670646257,19.94624106463652,20.180655859857083,302699600
2012-08-31,20.01816749572754,20.11927453009465,19.777734151612346,20.078651081979256,338321200
2012-09-04,20.310964584350586,20.3160798810634,19.99590537625765,20.03382092616194,367892000
2012-09-05,20.168333053588867,20.35249339739939,20.149374473070402,20.329022170098195,336375200
2012-09-06,20.350074768066406,20.410860472347515,20.18547413911166,20.256790953802938,391196400
2012-09-07,20.475566864013672,20.536953638614087,20.33503843011246,20.4036457601943,329666400
2012-09-10,19.94293975830078,20.56132161283756,19.923680662680145,20.47586259015577,487998000
2012-09-11,19.878253936767578,20.16442459270552,19.7551782164646,20.014268164123717,503983200
2012-09-12,20.155086517333984,20.158397076589967,19.74012398527232,20.066617445954396,712233200
2012-09-13,20.5519962310791,20.62782732053533,20.30494334354855,20.38318182019601,598360000
2012-09-14,20.8017578125,20.973280138679662,20.699745981722277,20.762037529413178,600474000
2012-09-17,21.057538986206055,21.058140029546994,20.901965184968113,21.044598876630534,398031200
2012-09-18,21.12162971496582,21.134267693436925,20.956426394661584,21.06054347390973,373503200
2012-09-19,21.127351760864258,21.18422428208814,21.05122013951472,21.071983455070754,326874800
2012-09-20,21.025041580200195,21.065967172213913,20.872175671226007,21.038883256317927,336568400
2012-09-21,21.066862106323242,21.216717929887977,21.04489510164425,21.13667472248097,571589200
2012-09-24,20.78700828552246,20.917306094058752,20.552595010104493,20.66874901868361,639766400
2012-09-25,20.267929077148438,20.846892786006446,20.251678411592152,20.710877029477412,518789600
2012-09-26,20.016366958618164,20.242354421864498,19.896601847354766,20.123492482633335,576503200
2012-09-27,20.50204849243164,20.52762658548769,19.871026844352404,19.989588280341966,594090000
2012-09-28,20.074142456054688,20.495726121740816,20.06360973462677,20.424709801951426,535110800
2012-10-01,19.842138290405273,20.36453018486378,19.755173416407853,20.196316777498147,543594800
2012-10-02,19.899906158447266,20.051568313512465,19.579129097458473,19.91495152249296,627992400
2012-10-03,20.20504379272461,20.217382860684513,19.9396365156241,20.006741246248435,424281200
2012-10-04,20.065114974975586,20.28929771052793,20.027501554527962,20.19902228731815,370725600
2012-10-05,19.637508392333984,20.041036582536822,19.598088636633037,20.016964320290317,594006000
2012-10-08,19.203590393066406,19.486151452500934,19.14160097327407,19.46568866033502,637994000
2012-10-09,19.133779525756836,19.273404788639148,18.763652531155525,19.21803648240674,838597200
2012-10-10,19.28605079650879,19.408523875945903,19.168392494145163,19.250843140926005,510356000
2012-10-11,18.90056800842285,19.475319721155486,18.90056800842285,19.454255884060117,546081200
2012-10-12,18.949010848999023,19.11962996975727,18.81630726697231,18.944496596962534,460014800
2012-10-15,19.100980758666992,19.11211452511481,18.77268089163584,19.0284602123731,432502000
2012-10-16,19.55325698852539,19.568604486321725,18.987834277826604,19.119335817321964,549771600
2012-10-17,19.397388458251953,19.64353829048831,19.379032523985412,19.5255794763433,389037600
2012-10-18,19.037179946899414,19.32064252044135,18.957737786863706,19.246317262830207,476624400
2012-10-19,18.351091384887695,19.010999864057887,18.34447026720195,18.989334988445854,744086000
2012-10-22,19.079011917114258,19.11963537572682,18.378778749532806,18.428731236440562,546730800
2012-10-23,18.457014083862305,19.07509705658708,18.407063212552845,18.987830078469642,707145600
2012-10-24,18.56143569946289,18.85392686465966,18.37516850330606,18.70015940111039,558527200
2012-10-25,18.342065811157227,18.717009158969358,18.2220001794911,18.65682447524278,656325600
2012-10-26,18.17535400390625,18.476270923887657,17.784163293584246,18.338750962571265,1018432800
2012-10-31,17.914165496826172,18.113973851706422,17.68486744660001,17.900924864676035,510003200
2012-11-01,17.950881958007812,18.145272936955323,17.8795650890201,18.001435504839424,361298000
2012-11-02,17.356861114501953,17.963207576088053,17.295173839315147,17.931310505932842,599373600
2012-11-05,17.59218406677246,17.686972140633078,17.38093982370243,17.5590832909882,529135600
2012-11-06,17.538917541503906,17.776340872215666,17.45586590035881,17.760994984692793,374917200
2012-11-07,16.86783790588379,17.367826551972506,16.799821278238156,17.346666505010617,793648800
2012-11-08,16.255695343017578,16.99570438052821,16.18133248902848,16.94733672160082,1056146000
2012-11-09,16.53713035583496,16.773521663451554,16.13387383606171,16.336409393251277,929913600
2012-11-12,16.409263610839844,16.76203764455802,16.28290549131959,16.75145681287069,515802000
2012-11-13,16.4113712310791,16.640507299353633,16.21367251771756,16.290757241303304,532949200
2012-11-14,16.229398727416992,16.54892075408363,16.20823868111765,16.489973872987427,477170400
2012-11-15,15.889016151428223,16.308595896854968,15.798330021769717,16.249045236133387,789910800
2012-11-16,15.951289176940918,16.021420668500372,15.288364880100179,15.876320919452684,1266893600
2012-11-19,17.101499557495117,17.155004241351527,16.32007803414053,16.345167536639245,823317600
2012-11-20,16.95580291748047,17.289533342970053,16.764453592734057,17.288324151364538,642754000
2012-11-21,16.97967529296875,17.151073666903002,16.825505871700333,17.05676000360296,373002000
2012-11-23,17.275922775268555,17.291038472334314,17.006885000557997,17.145031461480162,272826400
2012-11-26,17.820953369140625,17.835160153659526,17.342728786124447,17.408930787575194,630579600
2012-11-27,17.677370071411133,17.847862837790977,17.53589789995818,17.82156252003653,533330000
2012-11-28,17.62175178527832,17.708206566978838,17.298904071099805,17.450351693435582,520864400
2012-11-29,17.815824508666992,17.963644581869488,17.691584484056133,17.84182294099067,514698800
2012-11-30,17.692481994628906,17.78679730220416,17.613886174050798,17.73812775568029,391319600
2012-12-03,17.719993591308594,17.973918975750664,17.699135440495166,17.945503781287265,364280000
2012-12-04,17.407424926757812,17.587287732651767,17.29497333988988,17.587287732651767,557068400
2012-12-05,16.287134170532227,17.20791167433186,16.286528767597318,17.19763435410886,1044638000
2012-12-06,16.54256820678711,16.726056930347,15.677712301853916,15.989375301686396,1177212400
2012-12-07,16.119665145874023,16.78319321838676,16.021420357860375,16.728781217150836,787040800
2012-12-10,16.01598358154297,16.278673626689628,15.766894925505929,15.870278398004649,630484400
2012-12-11,16.365726470947266,16.61269852695959,16.24420517684205,16.316755034504084,592345600
2012-12-12,16.293479919433594,16.56554150564049,16.21095463081245,16.558588252029406,487144000
2012-12-13,16.01204490661621,16.25236721217995,15.894453083271229,16.056179577144434,625259600
2012-12-14,15.410490036010742,15.66260081035749,15.28322626455557,15.560426551425277,1009579200
2012-12-17,15.683759689331055,15.719128134059838,15.1517283903873,15.384492083675193,757607200
2012-12-18,16.13930892944336,16.169537091813567,15.726680952068701,15.870269566549089,625685200
2012-12-19,15.909875869750977,16.133269571874735,15.885390144149452,16.06585835289819,449369200
2012-12-20,15.771425247192383,16.027465471069,15.685272378303464,16.02141951409366,481689600
2012-12-21,15.698875427246094,15.70915274693261,15.42409192867826,15.491503138359406,596268400
2012-12-24,15.724264144897461,15.847598417688477,15.680129473585339,15.729706312466162,175753200
2012-12-26,15.50752067565918,15.702801002136875,15.450690308411327,15.688894497294166,302436400
2012-12-27,15.569792747497559,15.605764970820003,15.255409528714702,15.523843487098876,455120400
2012-12-28,15.40444278717041,15.552264415898378,15.36000621460109,15.425604443600516,354278400
2012-12-31,16.087017059326172,16.18465805931715,15.386609450918801,15.432859006444364,659492400
2013-01-02,16.596677780151367,16.777145958945262,16.372983835275793,16.741475620884582,560518000
2013-01-03,16.387187957763672,16.616022139527807,16.353936007840954,16.56191204555491,352965200
2013-01-04,15.9307222366333,16.282286755841582,15.895353813103497,16.232106150191733,594333600
2013-01-07,15.83702564239502,16.000261676467655,15.57403210162272,15.779589844624208,484156400
2013-01-08,15.879646301269531,16.07855428055573,15.756917391675056,15.997540058942361,458707200
2013-01-09,15.63145923614502,15.870570705042507,15.597903781917891,15.794695179749226,407604400
2013-01-10,15.825235366821289,15.982727318209498,15.583703796130285,15.977588657762272,601146000
2013-01-11,15.728198051452637,15.879947537307233,15.689503926353293,15.749358093912463,350506800
2013-01-14,15.167448997497559,15.341265833863222,15.06950610160998,15.195560681516984,734207600
2013-01-15,14.688920974731445,15.084014972270642,14.612138129894435,15.063156824727608,876772400
2013-01-16,15.298639297485352,15.399907854096966,14.887827466616663,14.952516777027125,690804800
2013-01-17,15.195562362670898,15.439512332163325,15.1759150168737,15.426211224355345,453678400
2013-01-18,15.114545822143555,15.18165351792799,15.005720219152483,15.06980574387965,472922800
2013-01-22,15.258735656738281,15.352747439449704,15.012670918577625,15.25238780707192,461546400
2013-01-23,15.53806209564209,15.567686488950939,15.258745234152691,15.38087038296111,861509600
2013-01-24,13.618205070495605,14.07859372108782,13.610646414715566,13.905380714690555,1460852400
2013-01-25,13.297170639038086,13.791415812622809,13.149652548903207,13.654176654372549,1208026400
2013-01-28,13.59795093536377,13.700125171467532,13.175650993375521,13.235202449936338,785517600
2013-01-29,13.853086471557617,13.91142955525605,13.667177726258176,13.86003972597775,571158000
2013-01-30,13.80955696105957,13.983979191879106,13.739123578490041,13.814695621019203,417155200
2013-01-31,13.769048690795898,13.883616743528771,13.753632712221,13.814090664011905,319334400
2013-02-01,13.712523460388184,13.889665995356415,13.553216905281873,13.878481376558137,539484400
2013-02-04,13.370930671691895,13.782650598463698,13.361257141865948,13.72128535443598,477117200
2013-02-05,13.840091705322266,13.897527503582339,13.367912842475215,13.423232151668785,573347600
2013-02-06,13.825275421142578,14.101870270885257,13.681081372298152,13.798673211743937,593706400
2013-02-07,14.23635196685791,14.290472135944984,13.807636893442506,14.085238010381204,704580800
2013-02-08,14.44189453125,14.558346533281146,14.237266044323153,14.412097498031406,633158400
2013-02-11,14.592400550842285,14.744732412826007,14.389295190436128,14.488110927707423,517490400
2013-02-12,14.22662353515625,14.666892106251826,14.221758581410464,14.57962821629905,609053200
2013-02-13,14.199564933776855,14.401152021745219,14.084329164953854,14.205646126943192,475207600
2013-02-14,14.186797142028809,14.340343636477067,14.108655829135916,14.123858002181576,355275200
2013-02-15,13.991290092468262,14.295343271757224,13.983992660278924,14.255511048436254,391745200
2013-02-19,13.986120223999023,14.069431765086364,13.7994332623234,14.01987125470694,435783600
2013-02-20,13.647407531738281,13.916189812768234,13.64588601536719,13.916189812768234,476302400
2013-02-21,13.562575340270996,13.65713668438813,13.46406243811373,13.560750982162062,447182400
2013-02-22,13.707001686096191,13.731021184801678,13.578995392646828,13.659569996183581,330654800
2013-02-25,13.463454246520996,13.838046822630695,13.456460468275177,13.799432463056604,372579200
2013-02-26,13.651052474975586,13.729193766941405,13.307168760540169,13.494464613564011,501499600
2013-02-27,13.517271995544434,13.756561695944843,13.398083843813904,13.63463578912143,587350400
2013-02-28,13.420886993408203,13.617608323387554,13.420886993408203,13.501460776553339,322515200
2013-03-01,13.088556289672852,13.322980997481492,13.073657773090789,13.317507111988506,552448400
2013-03-04,12.771734237670898,13.01953677320674,12.739808379074061,13.007374386711124,582755600
2013-03-05,13.108929634094238,13.232070972177372,12.793019315685104,12.815215268058473,638433600
2013-03-06,12.942306518554688,13.233893629158207,12.904907588127582,13.211393215400388,460250000
2013-03-07,13.091902732849121,13.135382863212628,12.802444398924292,12.90703849811722,468473600
2013-03-08,13.126565933227539,13.239369248591883,13.032005389304157,13.068188090326297,391482000
2013-03-11,13.313552856445312,13.348215650904553,12.926493510019325,13.066662144180373,474236000
2013-03-12,13.026531219482422,13.344266701558908,13.000382897454346,13.244537556689174,465911600
2013-03-13,13.024099349975586,13.211091606825175,12.933188338026742,13.027140758995344,405549200
2013-03-14,13.150278091430664,13.215344414051907,13.087946275604882,13.160310840976841,303875600
2013-03-15,13.48960018157959,13.506931173459003,13.29470162444227,13.315377677998026,643960800
2013-03-18,13.856292724609375,13.909196679435004,13.414807760154286,13.422408847095316,606197200
2013-03-19,13.818891525268555,14.01591730586094,13.636762637667923,13.971220131619493,526775200
2013-03-20,13.745614051818848,13.914364320985067,13.669905226453615,13.907979474096424,308660800
2013-03-21,13.765376091003418,13.92500374187178,13.685411250640744,13.68905996617115,383255600
2013-03-22,14.0444974899292,14.050273405131577,13.776931506407442,13.821627054888024,395105200
2013-03-25,14.095271110534668,14.28895340155403,14.040542012170231,14.129020504683922,501135600
2013-03-26,14.021085739135742,14.163989712473006,14.0025385067801,14.151827326696106,294294000
2013-03-27,13.745614051818848,13.889126963318919,13.70456721569191,13.878789746815078,331237200
2013-03-28,13.459196090698242,13.737708221113248,13.427574700564106,13.676897917925158,442839600
2013-04-01,13.04112434387207,13.4908184267484,13.005550581942483,13.43608850051511,389732000
2013-04-02,13.067879676818848,13.321763379086182,12.964805491804633,13.00129264748066,529519200
2013-04-03,13.134772300720215,13.295616205563437,13.083691090291397,13.115920602000566,363216000
2013-04-04,13.004941940307617,13.22629250360382,12.929841233289551,13.188590729194464,358447600
2013-04-05,12.867513656616211,12.920722890651177,12.760486257187543,12.907039797066105,383695200
2013-04-08,12.959031105041504,12.998253586614062,12.845924149652793,12.917679799715954,300829200
2013-04-09,12.98244571685791,13.028661173865665,12.853831287558195,12.963594824745792,306614000
2013-04-10,13.247270584106445,13.288926346872298,12.952947361701199,13.016494605608745,375928000
2013-04-11,13.20592212677002,13.317204719229746,13.110752667175879,13.187374080800337,328364400
2013-04-12,13.068185806274414,13.200448108852934,13.046597975704932,13.200448108852934,238613200
2013-04-15,12.765652656555176,13.01011093433133,12.756530866960619,12.983050031154951,317520000
2013-04-16,12.959944725036621,12.97119371643752,12.787546523153342,12.817951682227488,305771200
2013-04-17,12.24724292755127,12.788457788469822,12.10464259194726,12.778423413126898,945056000
2013-04-18,11.920384407043457,12.338152561002204,11.85014785622019,12.313828604534429,666299200
2013-04-19,11.87416934967041,12.149945349473654,11.70906780944245,11.796331706878895,609274400
2013-04-22,12.12166690826416,12.228998737291487,11.896669282571363,11.938323421140453,429920400
2013-04-23,12.348496437072754,12.416907850766313,12.12592876054295,12.283428462752447,664238400
2013-04-24,12.328119277954102,12.625786756050374,11.934066926417737,11.965689128101992,969651200
2013-04-25,12.41690731048584,12.585960463882861,12.374947878894961,12.503562305332869,384837600
2013-04-26,12.685077667236328,12.732813813416886,12.41295037553912,12.460382868030221,764097600
2013-04-29,13.07791519165039,13.18433363593262,12.770213313867606,12.783895592485802,640326400
2013-04-30,13.462844848632812,13.537946365386311,13.137204671989634,13.229332717476515,691538400
2013-05-01,13.356731414794922,13.528217007269722,13.207746237655607,13.513926608889182,506909200
2013-05-02,13.546158790588379,13.639501467472783,13.397476434870562,13.432442083471496,421828400
2013-05-03,13.68176555633545,13.780582927334429,13.656528195723073,13.722203465956476,361300800
2013-05-06,14.008014678955078,14.053317543598611,13.81341972239206,13.855986455743276,496641600
2013-05-07,13.945684432983398,14.161257503171882,13.79487405522038,14.137541656247782,483753200
2013-05-08,14.103180885314941,14.149701609832485,13.859027054570108,13.95723548833118,472598000
2013-05-09,13.980145454406738,14.17082402667661,13.943724071965352,14.073189810959605,398487600
2013-05-10,13.863839149475098,14.070127788659244,13.787629191681988,14.01687202693015,334852000
2013-05-13,13.918008804321289,14.014725992870947,13.81884467253589,13.819150336119781,316948800
2013-05-14,13.585014343261719,13.932092153598836,13.532676389362653,13.890773619622333,447118000
2013-05-15,13.125606536865234,13.497476535585413,12.926970970086305,13.441160879307255,741613600
2013-05-16,13.300984382629395,13.401067975620924,12.821074486486095,12.953906587722594,603204000
2013-05-17,13.260584831237793,13.469627723240416,13.191720604915979,13.437797020385494,427904400
2013-05-20,13.556548118591309,13.644388811835183,13.163866000177817,13.2192638519456,451578400
2013-05-21,13.45646858215332,13.634598600231463,13.2893571684767,13.410252884059764,456022000
2013-05-22,13.508193016052246,13.722439561796518,13.412394419451278,13.590830911033422,443038400
2013-05-23,13.532370567321777,13.655409176848282,13.338019156971306,13.342916313642908,353021200
2013-05-24,13.624496459960938,13.640105738412014,13.477891507982678,13.4928886418419,276166800
2013-05-28,13.510946273803711,13.806911250042257,13.492889233475946,13.769878543817414,386145200
2013-05-29,13.61837387084961,13.696421073835834,13.44850743864024,13.466871774854326,330576400
2013-05-30,13.821295738220215,13.91066720945598,13.604907131215233,13.639798553868658,353519600
2013-05-31,13.76467514038086,13.990245110483295,13.757635068922662,13.84945348870936,384302800
2013-06-03,13.794976234436035,13.845170460709184,13.542778361933845,13.795281898116935,372352400
2013-06-04,13.751818656921387,13.908524396366621,13.693054413270655,13.871490058840694,292728800
2013-06-05,13.623269081115723,13.794971922419082,13.580419786686221,13.639796164065109,290589600
2013-06-06,13.419734954833984,13.681114903794562,13.284760786653408,13.634287081122793,416934000
2013-06-07,13.522270202636719,13.56603731321059,13.245586579601367,13.359749498028725,404535600
2013-06-10,13.432896614074707,13.74477645733335,13.368929560170503,13.611638712889178,450153200
2013-06-11,13.393416404724121,13.551346440683682,13.262420730872858,13.336489409388177,286112400
2013-06-12,13.227831840515137,13.50512753759838,13.206713266986206,13.45156612758321,265227200
2013-06-13,13.343223571777344,13.379339289263655,13.122550735229625,13.237325815229399,285832400
2013-06-14,13.162335395812988,13.353320385465878,13.114894607675291,13.326080364988862,271866000
2013-06-17,13.22201919555664,13.335263486549982,13.171824976538101,13.204879965274014,259414400
2013-06-18,13.214980125427246,13.31077870654991,13.167234483968862,13.208553016142263,195025600
2013-06-19,12.946560859680176,13.211612900994897,12.946560859680176,13.203655022162422,310940000
2013-06-20,12.758023262023926,13.037765929011487,12.706910424750193,12.833315397198895,357310800
2013-06-21,12.65579891204834,12.85474181186964,12.490523963743506,12.808525305247363,481118400
2013-06-24,12.320351600646973,12.507663749655116,12.182928007371238,12.469099459645133,480746000
2013-06-25,12.323105812072754,12.481035011327085,12.206800805483509,12.41706795239304,314162800
2013-06-26,12.183540344238281,12.389216002219406,12.10977815444193,12.361975979329172,367724000
2013-06-27,12.052239418029785,12.285155138170827,12.044894499728287,12.219658114394026,337246000
2013-06-28,12.13640308380127,12.250870813742248,11.901956689934405,11.978167439327635,578516400
2013-07-01,12.524802207946777,12.618153021698449,12.279950119939283,12.324942333698953,391053600
2013-07-02,12.808526039123535,12.904631108030204,12.532456176413094,12.547453310670285,469865200
2013-07-03,12.879222869873047,12.945945790806338,12.776691545488369,12.881059303034942,240928800
2013-07-05,12.775776863098145,12.955437618446688,12.712421942665879,12.866679106742655,274024800
2013-07-08,12.70323657989502,12.885345879474784,12.568568067454406,12.858106676853447,298138400
2013-07-09,12.926667213439941,12.961864299485491,12.560307278147725,12.658860099814207,352584400
2013-07-10,12.877084732055664,13.001654117868757,12.801181251724346,12.842499787268908,281405600
2013-07-11,13.077862739562988,13.107245678041858,12.890551410454869,12.945030640986214,326292400
2013-07-12,13.053988456726074,13.154377700100317,12.959108513699341,13.088879874977955,279563200
2013-07-15,13.0824556350708,13.205494258982624,13.001654992389879,13.008082919914134,241917200
2013-07-16,13.166929244995117,13.182537705967071,12.98237133064671,13.054296276077483,216538000
2013-07-17,13.170293807983398,13.228753202661267,13.106326747034029,13.151624625517174,198990400
2013-07-18,13.21467113494873,13.309856730261238,13.179474057280325,13.264253197617869,218878800
2013-07-19,13.006244659423828,13.282620985676528,12.987880322337203,13.255687441898617,268721600
2013-07-22,13.047869682312012,13.153156103098947,13.022160426044248,13.144280414919276,207796400
2013-07-23,12.823830604553223,13.06776410379105,12.815260579950976,13.038381979580164,369395600
2013-07-24,13.482479095458984,13.607353294463694,13.321794854674664,13.43412050106197,591936800
2013-07-25,13.42095947265625,13.509718781387708,13.338628089149445,13.488294543391644,229493600
2013-07-26,13.497171401977539,13.498701354560655,13.29363785419881,13.323019972422982,200152400
2013-07-29,13.70529556274414,13.772629821743735,13.472992042282597,13.491355559608687,248057600
2013-07-30,13.874550819396973,13.99177363647106,13.749369306145883,13.77171217286255,309422400
2013-07-31,13.850373268127441,13.997590377184093,13.755493300189814,13.925666242029362,322957600
2013-08-01,13.977388381958008,13.981061249284805,13.872714114991659,13.948925703381459,206250800
2013-08-02,14.156744003295898,14.1662326534384,13.976778390774042,14.018096926226608,274783600
2013-08-05,14.368233680725098,14.40557368017932,14.14480664581885,14.222546550128204,318855600
2013-08-06,14.239686012268066,14.442913086399315,14.145417392058325,14.324465983908008,334857600
2013-08-07,14.231420516967773,14.293246290415123,14.133173373915046,14.195304810952567,298858000
2013-08-08,14.203080177307129,14.29827892015341,14.108804480049896,14.290884683295683,255777200
2013-08-09,14.00097370147705,14.186134005792455,13.976327891743718,14.130061868139594,266865200
2013-08-12,14.398714065551758,14.438456029838294,14.068137069831401,14.075223624446874,364434000
2013-08-13,15.082975387573242,15.239791133532885,14.419971945077108,14.509010473769413,881941200
2013-08-14,15.358095169067383,15.535244239327488,15.200971746032359,15.33899421280775,756372400
2013-08-15,15.339920043945312,15.478251863066836,15.067879861369075,15.294016204212799,490294000
2013-08-16,15.476088523864746,15.494881794047695,15.369183083760829,15.408925042086775,362306000
2013-08-19,15.642767906188965,15.827618909433093,15.527543505384438,15.538017852600227,510518400
2013-08-20,15.437275886535645,15.729958729491083,15.42957396625122,15.703463531383825,358688400
2013-08-21,15.477010726928711,15.624582792397037,15.441271928466925,15.514904943004092,335879600
2013-08-22,15.495499610900879,15.576526885454717,15.348850543896269,15.55773361229641,244207600
2013-08-23,15.435736656188965,15.507520334061285,15.384286312211074,15.505055587809961,222731600
2013-08-26,15.49581527709961,15.718562218763074,15.419717462431638,15.427419383955113,330965600
2013-08-27,15.052779197692871,15.48163666691846,14.98222791790479,15.342687880173814,424188800
2013-08-28,15.123947143554688,15.274910326582544,14.97298560588419,14.97298560588419,307608000
2013-08-29,15.148602485656738,15.296483991363113,15.131041577421083,15.147062430366887,239657600
2013-08-30,15.010574340820312,15.187106402976381,14.988391629670373,15.157838782005078,272297200
2013-09-03,15.052470207214355,15.422789118805786,15.01457598431888,15.191725018328018,331928800
2013-09-04,15.363945960998535,15.473317803640972,15.289697562835634,15.390750478449048,345032800
2013-09-05,15.258587837219238,15.425264266942264,15.208369859987263,15.412015842818812,236367600
2013-09-06,15.349467277526855,15.385204441392553,15.094680385310879,15.356246150230662,359525600
2013-09-09,15.594395637512207,15.648310712066301,15.511520625603783,15.558349145406154,340687200
2013-09-10,15.239173889160156,15.633832657329627,15.080818090894057,15.595321417000712,743195600
2013-09-11,14.409497261047363,14.593731221371742,14.320151062769808,14.387929916068869,898696400
2013-09-12,14.5629243850708,14.646414761105428,14.357121422597412,14.433836216413594,404051200
2013-09-13,14.322925567626953,14.536428821953013,14.316765348576569,14.459715666770036,298835600
2013-09-16,13.867574691772461,14.221565169223368,13.77823012454542,14.202773539192611,543706800
2013-09-17,14.027775764465332,14.163025771223134,13.786852691880837,13.801024153398396,399380800
2013-09-18,14.316147804260254,14.367598136125686,14.19229680232528,14.269934645606453,456862000
2013-09-19,14.550909042358398,14.65966388818579,14.456942670528656,14.50161577439049,404541200
2013-09-20,14.400254249572754,14.74346101230367,14.35681352130729,14.726517120944008,699302800
2013-09-23,15.115941047668457,15.309110982439435,14.868239021314515,15.284155841594044,762106800
2013-09-24,15.06849479675293,15.264744831899916,15.029060509665378,15.246568565806697,364344400
2013-09-25,14.835271835327148,15.085129239164276,14.832191726144877,15.071574784333317,316957200
2013-09-26,14.979763984680176,15.051855322899582,14.908288010160279,14.972986757198132,237221600
2013-09-27,14.872856140136719,14.932008377596826,14.810314466800898,14.904588499505182,228040400
2013-09-30,14.688010215759277,14.839279474341305,14.615917219098192,14.703414055332516,260156400
2013-10-01,15.033368110656738,15.069722276396385,14.73822065835037,14.74037772154497,353883600
2013-10-02,15.082669258117676,15.151680508246617,14.903672407861913,14.961592299787599,289184000
2013-10-03,14.893189430236816,15.168618937717808,14.810931441509325,15.11192980014896,322753200
2013-10-04,14.88148307800293,14.929851645307593,14.745000693476554,14.907053575144875,258868400
2013-10-07,15.026899337768555,15.177860861996898,14.952958630005096,14.990237488364132,312292400
2013-10-08,14.817099571228027,15.115942638309475,14.804775840457221,15.094375286781608,290917200
2013-10-09,14.99116325378418,15.028132791695125,14.735143979740796,14.931086314991074,301725200
2013-10-10,15.08513069152832,15.169545764611,15.005028100787511,15.13689035177654,278602800
2013-10-11,15.182792663574219,15.21452502760141,14.947106724533105,15.003486543352752,267738800
2013-10-14,15.282301902770996,15.329747424420152,15.076192936186697,15.090981407146005,261898000
2013-10-15,15.363637924194336,15.46592321013926,15.266283774271947,15.327591435044617,320073600
2013-10-16,15.438501358032227,15.48224975941991,15.380581495470672,15.428642377960957,251101200
2013-10-17,15.542946815490723,15.551573425698688,15.394449996019175,15.403691969991737,253593200
2013-10-18,15.678194046020508,15.689593081838211,15.580222887139257,15.588849495798641,290542000
2013-10-21,16.062381744384766,16.15295868608027,15.759224587120508,15.76692650654061,398106800
2013-10-22,16.0164737701416,16.280811961891125,15.651699668965321,16.217962598038643,534063600
2013-10-23,16.173294067382812,16.19516910085306,15.989673769507958,15.989673769507958,313723200
2013-10-24,16.387409210205078,16.404662427867084,16.09596047309449,16.174521352715676,384764800
2013-10-25,16.2041015625,16.42807917397609,16.17791404889687,16.369234600182274,337792000
2013-10-28,16.324872970581055,16.35937941740459,16.119379280750245,16.298993135463405,550440800
2013-10-29,15.918196678161621,16.613547919771708,15.852267191085197,16.52173859984714,635807200
2013-10-30,16.17144012451172,16.25215806209386,15.928667657426953,16.008462549573412,354163600
2013-10-31,16.103662490844727,16.251236257106317,16.05960639641585,16.17452310552834,275696400
2013-11-01,16.02140235900879,16.168359096686018,15.89231420222608,16.144328652490398,274890000
2013-11-04,16.228437423706055,16.23059448738605,15.983817188392752,16.054368472553286,244627600
2013-11-05,16.188385009765625,16.294367414946286,16.112904239771016,16.161582137978982,265213200
2013-11-06,16.142526626586914,16.264621604390538,16.058237649094316,16.242618856442057,223375600
2013-11-07,15.881285667419434,16.212862557051217,15.877878097701227,16.100995303480467,262620400
2013-11-08,16.131372451782227,16.14903588593578,15.88439385195972,15.946061132333535,279316800
2013-11-11,16.08458137512207,16.165770621565372,15.940794752971005,16.113710404569836,227452400
2013-11-12,16.114330291748047,16.235495199257702,16.02105484405226,16.04181637226048,204276800
2013-11-13,16.133533477783203,16.183735138509693,16.019804390781015,16.052033148643073,197220800
2013-11-14,16.366878509521484,16.401584751473678,16.171960204974933,16.201089219547466,282419200
2013-11-15,16.268640518188477,16.395692041139334,16.25314675294338,16.317912081836944,317920400
2013-11-18,16.07155418395996,16.33681667255218,16.05823007413137,16.268642112835504,244944000
2013-11-19,16.100074768066406,16.218760541430452,16.051112645707413,16.083960379511073,208938800
2013-11-20,15.959067344665527,16.127026274562883,15.938305828273814,16.090148724163797,193916800
2013-11-21,16.149341583251953,16.15151124096334,15.9178584685246,16.039642299194366,262026800
2013-11-22,16.107818603515625,16.180951467364153,16.068463557072583,16.099141626707347,223725600
2013-11-25,16.229915618896484,16.295920560630165,16.14500767476875,16.14562663142217,229311600
2013-11-26,16.529264450073242,16.61417405194453,16.237974171638637,16.241691221609457,401382800
2013-11-27,16.918481826782227,16.919721395182,16.52926562407662,16.619442983936583,363448400
