Price,Close,High,Low,Open,Volume
Ticker,MSFT,MSFT,MSFT,MSFT,MSFT
Date,,,,,
2000-01-03,35.52037811279297,36.14888882470834,34.13003623491957,35.76797324172932,53228400
2000-01-04,34.32049560546875,35.69179176728548,34.20622092531735,34.606182305847234,54119000
2000-01-05,34.682342529296875,35.46321899481097,33.33009304023587,33.86337452887965,64059600
2000-01-06,33.52055740356445,34.70139522119002,33.025367351011795,34.18715939738534,54976600
2000-01-07,33.9586067199707,34.2062017212941,32.70158594402114,33.10154710000509,62013600
2000-01-10,34.20623016357422,34.64428322246186,33.93958917120783,34.56810008178575,44963600
2000-01-11,33.33011245727539,34.815683183942525,33.12060889325823,33.977668927873886,46743600
2000-01-12,32.2445068359375,33.17775009344544,31.8254996590972,33.063475408852625,66532400
2000-01-13,32.85397720336914,33.10157239388728,30.930353030882017,31.806459089638526,83144000
2000-01-14,34.20623016357422,34.72046636313797,32.22546850599531,32.663521564882956,73416400
2000-01-18,35.13946533203125,35.50133516471883,34.05385583396849,34.07290161463626,81483600
2000-01-19,32.60637664794922,33.97767286211531,32.301644155912314,33.6729403700784,97568200
2000-01-20,32.301639556884766,33.42534046128111,32.26354800080353,32.62541778357524,56349800
2000-01-21,31.61599349975586,32.6825571358922,31.463627266022097,32.60637401902532,68416200
2000-01-24,30.854154586791992,32.20640457176867,30.72083416573795,31.630269895070864,63597600
2000-01-25,31.330310821533203,31.654089109658468,30.339930175502975,30.777983153554807,59823200
2000-01-26,30.282785415649414,31.539806697053727,30.206602307685515,31.21602848820716,49365000
2000-01-27,30.09233283996582,30.835118270825735,29.63523411328279,30.439918330047703,63654800
2000-01-28,29.939970016479492,30.54943505498289,29.63523749722779,29.901878451573026,58225400
2000-01-31,29.825685501098633,29.920914382008913,28.91148824435998,29.749502396370413,73194200
2000-02-01,31.36840057373047,31.46362947650439,29.76855500712855,30.01615015434075,70196600
2000-02-02,30.720848083496094,31.67313723673528,30.62561916817218,31.216038443180473,49915600
2000-02-03,31.577917098999023,31.749329194228814,30.511352950902555,31.101772390027385,49186000
2000-02-04,32.473045349121094,32.91109816028226,31.735021591186523,31.806443245180194,55365400
2000-02-07,32.492095947265625,32.56827905616895,31.768356412684092,32.54923327894311,40005800
2000-02-08,33.50151443481445,33.52056020765971,32.43495115547982,32.43495115547982,56229000
2000-02-09,31.69217872619629,33.349161628347176,31.654087165227303,33.349161628347176,55090000
2000-02-10,32.301639556884766,32.47305155925031,31.23507598661027,31.658844548013974,54527800
2000-02-11,30.45418357849121,31.95879927749109,30.20658859004819,31.95879927749109,115559000
2000-02-14,30.358970642089844,31.006527104970058,30.18755863720979,30.849399433830005,81028600
2000-02-15,30.035202026367188,30.473255067969244,29.901881535444822,30.397071930299322,71027600
2000-02-16,29.749500274658203,30.530377042430924,29.597134076068407,30.244690420075052,65202600
2000-02-17,30.358970642089844,30.378016420409853,29.601900953869603,30.016146632329736,80343400
2000-02-18,28.968631744384766,30.492294163550298,28.911494403666055,30.47324838331073,79063000
2000-02-22,28.587718963623047,29.597145416036117,28.282986449687023,28.987680388164073,66296200
2000-02-23,28.72104263305664,29.1781414548029,28.05444018467668,28.492493222183512,75847200
2000-02-24,28.87339973449707,29.216223741898748,28.03538549418185,28.72103350898521,69733200
2000-02-25,27.82588005065918,28.859113447475238,27.578284950961326,28.85435200325028,65301400
2000-02-28,27.902061462402344,28.07347344408263,26.854543796578362,27.502100171815005,76131800
2000-02-29,27.235469818115234,27.959209575519697,27.08310355339851,27.959209575519697,58437400
2000-03-01,27.67353057861328,28.673434470820574,27.102156925923396,27.311660598576353,106889800
2000-03-02,28.454404830932617,29.063869994647373,27.76875652175352,27.978260171780466,106932600
2000-03-03,29.29239845275879,30.130412452707674,28.60675063461879,28.873391452784343,101435200
2000-03-06,27.61638832092285,29.67333310620538,27.464022040531553,29.254325835129308,93609400
2000-03-07,28.302038192749023,29.711426366546753,28.016351400762996,29.292419071633915,135061000
2000-03-08,29.120994567871094,29.311452347909494,27.730652773590787,28.587712783763582,94290000
2000-03-09,30.473247528076172,30.47324752807617,28.949585151672363,29.044814050197598,88198800
2000-03-10,30.77797508239746,31.23507372223505,30.32087644255988,30.339922219219776,85589000
2000-03-13,29.863771438598633,30.549419252239925,29.711405257789455,29.749496802991747,61831800
2000-03-14,28.987672805786133,30.244694096970026,28.987672805786133,30.054236325578525,73489200
2000-03-15,29.063867568969727,29.44478326450013,28.549631380003685,28.816272366874966,53208000
2000-03-16,29.063867568969727,29.46382904927665,28.41631088656804,29.23527963195841,77300800
2000-03-17,30.282785415649414,30.32087696963136,28.797214810353402,29.025764134245097,81161600
2000-03-20,29.673320770263672,30.397060301245716,29.406679890428187,30.092327867148015,47773000
2000-03-21,31.3112735748291,31.42554829590512,29.406694890228792,29.482878037612803,81648800
2000-03-22,31.463621139526367,32.18736060883751,30.81606477224798,31.330300710969055,93975800
2000-03-23,34.091941833496094,34.396674274465894,32.49209651840466,32.5492338510865,148224000
2000-03-24,34.03480529785156,35.044231532203064,33.387248845626075,34.32049196795104,112196800
2000-03-27,31.71122932434082,32.98729681066565,31.673137757584858,32.83969198948628,111434000
2000-03-28,31.787405014038086,32.739693959934975,31.196985867582015,31.57790144594077,81114400
2000-03-29,32.663490295410156,33.19677176962094,32.034979986518884,32.05402575345499,64363800
2000-03-30,31.501728057861328,33.101573980993344,31.235087070672662,32.35878837382491,64178400
2000-03-31,32.3778190612793,32.98728389066808,31.730262680053713,32.3016359576057,64281400
2000-04-03,27.692548751831055,29.40666800056888,27.425907979805174,28.77815760936501,260118200
2000-04-04,26.987876892089844,28.03539504951041,25.883221380628157,27.90207455674779,181244400
2000-04-05,26.321269989013672,26.96882655893152,26.168903737268298,26.892643433058833,82887600
2000-04-06,26.206998825073242,26.816463914028436,25.98321086272251,26.778372345968734,66421400
2000-04-07,27.14023780822754,27.23546671281781,25.902262048554,26.511727037931742,82613600
2000-04-10,26.226032257080078,27.006909034524,26.20698648202047,27.006909034524,60685400
2000-04-11,25.559436798095703,26.226039099089256,25.445162117925378,25.940352398663446,71961800
2000-04-12,24.188142776489258,25.064248735322725,23.997684959351545,25.026157171895182,153003800
2000-04-13,24.150039672851562,25.06423675825919,24.073856582400925,24.645229760780694,94316200
2000-04-14,22.58829689025879,24.22623410152545,22.3216559488898,24.11195941236731,151217800
2000-04-17,23.121585845947266,23.159677420652283,22.2454796277318,22.626395374782003,119772200
2000-04-18,24.55001449584961,24.969021725414148,23.12158075869777,23.312038590318014,91794600
2000-04-19,23.9786434173584,24.83570374601696,23.807231351626687,24.81665796093566,53715400
2000-04-20,24.054826736450195,24.340513514792836,23.616773676324815,23.959597810335982,52387400
2000-04-24,20.302791595458984,20.72179855146283,19.80760155654535,20.49324930273346,313645800
2000-04-25,21.140817642211914,21.178909205531216,20.607535755741704,20.95035982561541,159517400
2000-04-26,20.721811294555664,21.67410041654811,20.531353470157175,21.331276332630832,107091200
2000-04-27,21.274137496948242,21.31222905916301,20.531352033760253,20.550397814867637,77669800
2000-04-28,21.255090713500977,21.636006317685585,20.797991988479453,21.55982319684866,78082600
2000-05-01,22.378787994384766,22.550199987533247,21.845506237922834,22.207376001236288,107811000
2000-05-02,21.293182373046875,22.3978376303248,21.178907691259504,22.188334047047952,97716200
2000-05-03,21.502685546875,21.57886866661592,20.96940370868855,21.445548207069308,55354800
2000-05-04,21.46459197998047,21.712187095987343,21.121767973201724,21.426500423671722,43317200
2000-05-05,21.674087524414062,21.88359100663599,21.293172102192372,21.40744672885888,36402200
2000-05-08,21.274137496948242,21.75028202463285,21.236045934733472,21.616961556881158,36187600
2000-05-09,20.664674758911133,21.464597652804468,20.56944584297145,21.38841452005272,60778400
2000-05-10,20.16948699951172,20.68372321196386,20.03616649998709,20.645631640671105,67740000
2000-05-11,20.68372344970703,20.759906593168196,20.036166730287103,20.30280773240119,58390800
2000-05-12,20.969392776489258,21.255079326577665,20.79798084643621,20.855118156453894,37886000
2000-05-15,21.140817642211914,21.159863423871567,20.721810445699607,21.02654295225401,33899600
2000-05-16,21.178909301757812,21.521733373189143,21.045588829534516,21.197955083504,48410600
2000-05-17,20.626575469970703,21.064628319286793,20.493255037570155,20.988445215057908,53242000
2000-05-18,20.16948699951172,20.740860568902985,20.07425807127984,20.740860568902985,53640400
2000-05-19,19.8266544342041,20.093295319966693,19.655242436213864,19.921883321976456,66578000
2000-05-22,19.560020446777344,19.883798779391963,19.026738487176793,19.845707210849067,69955000
2000-05-23,19.25528335571289,19.97902298728271,19.217191796156584,19.464786933272574,57963200
2000-05-24,19.979019165039062,20.283751583190277,19.198142343526573,19.236233895795475,85482400
2000-05-25,18.741044998168945,19.73142542490145,18.626770333545963,19.67428809258996,94348800
2000-05-26,18.722002029418945,19.083871855013005,18.398223764413736,18.912459832363187,55822000
2000-05-30,19.312423706054688,19.54097309902575,18.89341648560774,19.02673696484086,68536400
2000-05-31,19.06482696533203,19.41241247194273,18.912460715858845,19.39336669075858,54968200
2000-06-01,19.67429542541504,20.11234846973696,19.44574601098621,19.61715807180783,94507200
2000-06-02,20.20756721496582,20.34088763956974,19.807605941154055,20.112338340248733,80463200
2000-06-05,20.378984451293945,20.83608316795848,20.11234353323963,20.117104978204885,64400000
2000-06-06,21.217002868652344,21.29318600283063,20.66467514585978,20.77894984712721,99019000
2000-06-07,21.483633041381836,21.559816137273263,20.4551612468476,21.102717561924713,76310600
2000-06-08,20.969392776489258,21.978818586801637,20.79798084643621,21.80740665674859,94765600
2000-06-09,20.969392776489258,21.236033556571773,20.817026616442107,21.216987786565877,35710200
2000-06-12,20.378984451293945,21.026540966568703,20.226618212405764,21.026540966568703,49260600
2000-06-13,20.68372344970703,20.721815021437614,20.150441445478855,20.340899304131774,44289200
2000-06-14,21.483633041381836,21.635999233164686,21.178900657816136,21.27412952768042,79992400
2000-06-15,22.055017471313477,22.150246389583394,21.521735529001923,21.578872879963875,65592600
2000-06-16,22.112140655517578,22.283552598583604,21.7883625408373,22.131186426969357,68710600
2000-06-19,22.454973220825195,22.4930647784517,21.940737192867367,22.112149202186643,46604800
2000-06-20,22.835878372192383,22.931107222785347,22.474008739939126,22.512100280176313,62275000
2000-06-21,24.588111877441406,25.04521078143722,23.445364617451876,23.464410405118368,160399600
2000-06-22,24.340503692626953,24.988060128894023,24.16909169479155,24.797602353521356,87315200
2000-06-23,23.673913955688477,24.397653883537362,23.4644102923638,24.35956230838742,49811600
2000-06-26,24.226224899291992,24.416682642210954,23.616760121951312,23.616760121951312,48287000
2000-06-27,24.016721725463867,24.416682991312193,23.88340130351442,24.15004214741331,31071200
2000-06-28,24.054826736450195,24.397650870461362,23.959597810335982,24.07387252167304,37459200
2000-06-29,23.52155113220215,24.054833263134668,23.483459551421255,23.845329568839748,38449000
2000-06-30,24.37859344482422,24.37859344482422,23.369167309999465,23.483441966772077,52356400
2000-07-03,24.37859344482422,24.397639220952986,24.18813568353653,24.283364564180374,15734800
2000-07-05,23.92150115966797,24.34050834558572,23.845318034955653,24.34050834558572,34824400
2000-07-06,24.66428565979004,24.892835024977284,23.9215002229315,24.03577490552512,47873200
2000-07-07,24.988079071044922,25.254720158693267,24.55002585562264,24.76429101534006,54153200
2000-07-10,24.207185745239258,24.778559130256706,24.188139965738674,24.58810133525089,52689800
2000-07-11,24.111968994140625,24.53097635422838,23.921511103191648,24.016740048666136,37164800
2000-07-12,24.473827362060547,24.683330942591805,23.521538359645742,23.845316620466775,58370200
2000-07-13,24.359546661376953,24.378592436718137,23.578669872388325,24.016722705235605,80843200
2000-07-14,24.054826736450195,24.30242194434715,23.902460454667455,24.22623880345578,51180600
2000-07-17,23.826269149780273,24.245276281111344,23.61676558411474,23.84531492847714,53992800
2000-07-18,23.92150115966797,24.226233658517245,23.597722879640617,23.654860223174854,70617200
2000-07-19,22.283565521240234,23.616770296015293,22.188336608756302,23.178717298589202,139924600
2000-07-20,22.797792434692383,22.931112858287076,22.283556515112856,22.378785389109066,54690600
2000-07-21,22.035974502563477,22.854943304300924,21.902653999955053,22.778760159953254,56100600
2000-07-24,21.502685546875,21.978830045255755,21.331273527457927,21.959784265320526,56165600
2000-07-25,21.026548385620117,21.6360135562178,20.83609051980834,21.57887619647427,64188600
2000-07-26,20.664674758911133,21.17891090498542,20.493262710219703,21.045590422669864,85404600
2000-07-27,21.140817642211914,21.36936702212772,20.569444192422402,20.683718882380305,74337600
2000-07-28,21.236045837402344,21.883602392085464,21.21700005638225,21.616961457804177,75645600
2000-07-31,21.274137496948242,21.67409890020331,21.10272546698178,21.388412183592546,70283800
2000-08-01,20.931316375732422,21.350323618922697,20.77895010548141,21.312232051359945,47163600
2000-08-02,21.140817642211914,21.464595930425972,20.87417669897681,20.89322248063646,48269200
2000-08-03,21.40744400024414,21.445535537611125,20.759887865005442,20.778933633688933,54543400
2000-08-04,21.06462860107422,21.29317791681824,20.77894195639419,21.159857482634226,38107400
2000-08-07,21.331279754638672,21.674103893552505,21.25509661265782,21.38841711112431,52741800
2000-08-08,22.58829689025879,22.759708923995998,21.331275309519263,21.35032109104562,138038800
2000-08-09,22.626388549804688,22.816846365880483,22.283564480868254,22.47402229694405,63945600
2000-08-10,22.131195068359375,22.56924798279334,21.864554163921312,22.493064867239607,48986000
2000-08-11,22.074068069458008,22.15025122068996,21.826472827954166,22.074068069458008,35629600
2000-08-14,21.997879028320312,22.35974889978186,21.75028385310978,22.035970593737318,53427000
2000-08-15,21.826459884643555,22.245466967943866,21.78836833161625,21.94073454372546,40714200
2000-08-16,21.635997772216797,22.01691322595301,21.502677363409124,21.902638589832147,44976200
2000-08-17,21.807415008544922,21.940735449645196,21.502682571744295,21.674094567444648,36112800
2000-08-18,21.635997772216797,21.769318181024474,21.33126540922783,21.67408931759042,54438800
2000-08-21,21.521730422973633,21.578867760379758,21.35031841075526,21.540776202109008,34119600
2000-08-22,21.712186813354492,22.07405659357707,21.397931477898048,21.578866368009333,54428200
2000-08-23,21.559814453125,21.674089088035558,21.445539818214446,21.578860225610093,36726800
2000-08-24,21.674087524414062,21.693133295525147,21.312217873303457,21.521721355525386,42405400
2000-08-25,21.521730422973633,21.84550866827501,21.502684643838258,21.540776202109008,52729400
2000-08-28,21.731243133544922,21.978838366442456,21.369373177771607,21.38841896491757,56421600
2000-08-29,21.616960525512695,22.169288151274692,21.597914745314004,21.69314364630745,59400200
2000-08-30,21.331279754638672,21.61696653706687,21.236050827162604,21.540783395086013,53498800
2000-08-31,21.274137496948242,21.94073983570669,21.236045934733472,21.597915775773775,72575400
2000-09-01,21.38840675354004,21.521727187444565,21.23604054336344,21.331269424723814,37629800
2000-09-05,21.369356155395508,21.54076810316606,21.274127295522977,21.331264611446493,50755200
2000-09-06,21.15985679626465,21.540772310148803,21.121765244876233,21.350314553206726,62960800
2000-09-07,21.350318908691406,21.95978385523746,21.159861112895765,21.331273129111842,111711200
2000-09-08,21.121768951416016,21.597913427327107,21.083677393343127,21.445547195035555,56709600
2000-09-11,20.969392776489258,21.236033556571773,20.740843536418527,21.064621626518726,48495200
2000-09-12,20.7598934173584,21.121763119128868,20.607527227139254,20.95035115513233,46781200
2000-09-13,20.797996520996094,20.950362795875186,20.474218186878023,20.588492893037344,40744800
2000-09-14,20.055200576782227,20.950351979544585,20.01710902772851,20.931306205017727,78503000
2000-09-15,19.560020446777344,19.998073485020655,19.29337946697707,19.94093613220631,99915200
2000-09-18,19.198144912719727,19.69333515848432,18.950549789837428,19.5790604863848,69037800
2000-09-19,19.807607650756836,20.03615696980403,19.312417459487914,19.388600565836978,79311200
2000-09-20,19.57905387878418,19.807603145851697,19.255275750438525,19.769511601340447,67791400
2000-09-21,19.560020446777344,19.845707210849067,19.36956260406286,19.502883093963,48952200
2000-09-22,19.27433204650879,19.350515177127402,18.58868387094128,18.62677543625059,84476600
2000-09-25,18.664867401123047,19.350515591368385,18.41727222131223,19.274332459118902,53484200
2000-09-26,19.10291862487793,20.074253470210706,18.417270498760676,18.569636749008954,155704800
2000-09-27,18.474409103393555,19.369560884692007,18.226813929842923,19.33146931953037,106155600
2000-09-28,18.683902740478516,18.855314692226028,18.474399243898226,18.531536561147398,52360400
2000-09-29,18.379169464111328,18.68390180755773,17.86493363454552,18.58867295023073,74053600
2000-10-02,18.017301559448242,18.53153743905194,17.75066073298706,18.436308572458664,58562400
2000-10-03,17.236434936523438,18.226815728456277,17.21738915206319,18.150632590615288,85374000
2000-10-04,16.893604278564453,17.236428266179065,16.607917622218945,17.179290934909965,136453400
2000-10-05,16.874563217163086,17.445936689527525,16.83647165233879,16.91265478198738,81099400
2000-10-06,16.931699752807617,17.29356960129282,16.68410459331774,17.0078828788045,61794000
2000-10-09,16.5126895904541,16.98883404231264,16.150819807041614,16.950742486163957,58323600
2000-10-10,16.626964569091797,16.931697023966333,16.398415227935896,16.436506784795213,62066200
2000-10-11,16.988840103149414,17.350710015660443,16.45555812681737,16.45555812681737,101205800
2000-10-12,16.569826126098633,17.331657212356042,16.398414131690718,17.160245217948127,90219600
2000-10-13,16.379375457763672,16.722199595251748,15.88418503694756,16.41746702859568,104521200
2000-10-16,15.35090160369873,16.39841970320671,15.103306416542301,16.30319078506962,119759000
2000-10-17,15.36994457244873,15.979409536907662,15.312807232030703,15.807997515653588,81276600
2000-10-18,15.7698974609375,16.226995938066125,14.760471657278458,15.122341285005284,110536400
2000-10-19,18.855323791503906,18.950552699541806,17.674485331833964,17.80780580308702,256993200
2000-10-20,19.86475372314453,20.150440497686397,18.62677770012977,18.683915055038145,160378600
2000-10-23,18.931501388549805,20.188522607507842,18.493448539518976,19.693332430342554,185170400
2000-10-24,18.741044998168945,19.179097879223708,18.34108367198851,19.08386899203789,94427400
2000-10-25,18.664867401123047,19.331469808306014,18.41727222131223,18.87437101480912,167603800
2000-10-26,19.636199951171875,19.82665775865172,18.531544667788783,18.588682010032734,114826600
2000-10-27,20.626575469970703,21.083674095344016,19.693332443166856,19.712378219224078,124292400
2000-10-30,21.045578002929688,21.369356126051684,20.53134216032417,20.569433704220874,110057600
2000-10-31,20.988449096679688,21.17890689247533,20.72180818256579,21.026540655838815,104474000
2000-11-01,21.217002868652344,21.350323353464344,20.85513298130549,20.87417876485006,81309400
2000-11-02,21.426509857177734,21.5883990427653,21.21700620524089,21.44555564371745,77985200
2000-11-03,20.797996520996094,21.217003776913597,20.740859167916433,21.10272907075428,68711000
2000-11-06,21.178909301757812,21.369367119219664,20.79799366683411,20.931314139057406,74851400
2000-11-07,21.483633041381836,21.902640068784674,21.178900657816136,21.255083753707563,104331200
2000-11-08,21.15985679626465,22.055008253892407,20.721803955297876,21.674092740008255,206149400
2000-11-09,21.59791374206543,21.731234197263365,20.855128348819793,20.874174128133784,91058600
2000-11-10,20.531349182128906,21.426500769846957,20.35993717597013,21.31222609907444,93744400
2000-11-13,20.245656967163086,20.759892844974377,19.626669336464307,20.321840060172168,83364800
2000-11-14,20.969392776489258,21.27412509658356,20.5122942963478,20.721797766412635,84218600
2000-11-15,21.350318908691406,21.597914043225742,20.931311757940996,21.045586435418382,60422200
2000-11-16,21.007490158081055,21.78836694546213,21.007490158081055,21.159856360496875,92128600
2000-11-17,21.045578002929688,21.33126458215498,20.659901120975547,21.159852634619806,106525600
2000-11-20,20.47421646118164,20.87417789902798,19.979026109562366,20.759903202500457,80157200
2000-11-21,20.645626068115234,21.102724800250627,20.531351385081386,20.531351385081386,59487600
2000-11-22,20.797996520996094,21.178912208193825,20.11234828404018,20.131394068400066,76343200
2000-11-24,21.31222152709961,21.46458772211015,20.8741687164443,21.026534911454842,34439200
2000-11-27,21.54077911376953,22.016923656514216,21.521733332059743,21.769328494286977,85307600
2000-11-28,20.417072296142578,21.255086457551418,20.359934966955613,21.140811799177484,127446200
2000-11-29,19.8266544342041,20.455165093501638,19.27432688512445,20.359936205729284,98280400
2000-11-30,17.484027862548828,18.912461511449877,17.369753170636745,18.89341572946453,197200800
2000-12-01,17.255475997924805,18.474405869742892,17.084063984700386,17.693528920609428,109809800
2000-12-04,17.19834327697754,17.979220435732888,16.817427589779808,17.445938473656064,80407200
2000-12-05,18.245853424072266,18.436311184240036,17.750663247636066,18.03634988788772,101734400
2000-12-06,17.27452278137207,18.30299492050558,17.08406497782883,18.283949140151254,90560800
2000-12-07,16.18890953063965,16.455550393497244,15.922268667782054,16.284138410231645,145308400
2000-12-08,16.58888053894043,17.026933641576054,16.2841479458026,16.646017900153772,120939800
2000-12-11,17.69352912902832,17.903032703214876,16.760285934924564,16.912652170696607,95576200
2000-12-12,17.788755416870117,18.28394561048749,17.29356522325275,17.617343426771797,63106000
2000-12-13,17.4459285736084,18.43630879831106,17.31260815874458,18.43630879831106,98360400
2000-12-14,16.91264533996582,17.898264029541533,16.87455379640734,17.655430439356213,71201400
2000-12-15,14.989025115966797,15.846085001886118,14.55097228538581,15.55563692943568,116899800
2000-12-18,14.570028305053711,15.23663090724571,14.322433052810968,14.931898289100795,107187400
2000-12-19,13.655821800231934,14.627156405269352,13.560592917385128,14.455744416145102,120271800
2000-12-20,12.64639949798584,13.408230793045227,12.60830793323287,13.04636092789202,149037800
2000-12-21,13.236818313598633,13.75105442074563,12.28452922628938,12.417849698512674,163173000
2000-12-22,14.151019096374512,14.36052274383093,13.636782870799664,13.636782870799664,109551800
2000-12-26,14.284333229064941,14.79856922531128,13.97960078684489,14.284333229064941,66941600
2000-12-27,14.151019096374512,14.265293813168922,13.712966015329272,14.055790165712503,69003800
2000-12-28,13.57963752746582,14.093873450665788,13.370134003199166,13.75104950186581,77619200
2000-12-29,13.217768669128418,13.96055394016013,13.103494012046616,13.38918065475112,99977600
2001-01-02,13.217768669128418,13.712958849816225,13.065402459686014,13.44631798329202,82413200
2001-01-03,14.608113288879395,14.89379998944418,13.141588225980158,13.16063400601781,135962200
2001-01-04,14.760475158691406,15.388985713835686,14.28433079873362,14.570017414708293,112397000
2001-01-05,14.969985008239746,15.19853439767852,14.493840446908964,14.779527183707433,93414600
2001-01-08,14.912842750549316,15.160437840916037,14.227194807995327,14.912842750549318,79817600
2001-01-09,15.788958549499512,16.036553798164764,15.16044753365695,15.236630687092411,114965400
2001-01-10,16.11272621154785,16.398412846504375,15.465169838979735,15.541352941634807,90230200
2001-01-11,16.760278701782227,16.98882795680653,15.94131053794514,16.15081402171742,101854800
2001-01-12,16.30318832397461,16.760287062029974,15.998455831937703,16.72219550052536,73712000
2001-01-16,16.017494201660156,16.3031807807623,15.57944144703687,16.265089236882012,68462400
2001-01-17,16.13178062438965,16.722199986085137,16.01750590922278,16.341284268862243,72844200
2001-01-18,16.91264533996582,17.12214882953747,16.036539838120746,16.360317958367837,109788800
2001-01-19,18.58867835998535,18.721998799042623,17.941121941707173,18.283945927854443,209348800
2001-01-22,18.32204246520996,18.588683415847115,17.979218385819337,18.51250028709364,76673000
2001-01-23,18.455368041992188,18.569642766710405,17.960177568213243,18.207772805102717,70295200
2001-01-24,19.179096221923828,19.331462428254902,18.512494069225383,18.58867717239092,110455000
2001-01-25,18.836273193359375,19.50287537917088,18.76009008640949,19.12195984442145,85657400
2001-01-26,19.502880096435547,19.598109003156424,18.58868259191513,18.58868259191513,93080000
2001-01-29,19.65523910522461,19.693330653878142,19.350506715996318,19.369552490323088,84983800
2001-01-30,19.312423706054688,19.731430926501634,19.16005744407398,19.65524779551128,57276800
2001-01-31,18.607723236083984,19.426691607784715,18.58867745999792,19.198142294751953,81898800
2001-02-01,19.00767707824707,19.083860152708983,18.398212482551774,18.53153286286012,71792800
2001-02-02,18.53154754638672,19.31242467835163,18.51250176268026,19.045783706461172,71100000
2001-02-05,18.874372482299805,18.91246405138618,18.360136299633716,18.512502575979223,51399200
2001-02-06,19.06482696533203,19.445742589014987,18.79818602875396,18.912460715858845,96442000
2001-02-07,19.712379455566406,19.826654119076935,18.836273701985675,18.893411033740943,126061800
2001-02-08,18.969600677490234,19.65524889474892,18.89341754223927,19.426699488996025,88041200
2001-02-09,18.017301559448242,18.76008671887581,17.826843826261683,18.68390362560119,100575200
2001-02-12,17.903038024902344,18.11254166136397,17.426893396580475,17.922083810035218,71289400
2001-02-13,17.73162078857422,18.60772664923417,17.712575008994655,18.169673718904196,76070600
2001-02-14,17.788755416870117,17.979213183646028,17.1792905631872,17.560206096739023,61728400
2001-02-15,17.922090530395508,18.341097960436635,17.636403646276555,17.979227907219297,65627800
2001-02-16,17.464975357055664,17.75066197685483,17.103105638643388,17.369746483789275,66958400
2001-02-20,17.026918411254883,17.75065767258339,16.874552250975196,17.48401689209394,60730800
2001-02-21,17.141202926635742,17.693530576494005,16.817424649132622,16.83647043016222,63947200
2001-02-22,16.817426681518555,17.312617048131784,16.417465231561714,17.16025078148156,100816400
2001-02-23,17.29355812072754,17.52210734699266,16.55077313536589,16.588864673076746,92620600
2001-02-26,18.150630950927734,18.264905647365897,17.484028555038467,17.560211685997242,87936800
2001-02-27,18.093486785888672,18.64581427724738,17.87922181079262,18.093486785888672,99148600
2001-02-28,17.979217529296875,18.307757256394726,17.73162237264342,18.15062956082619,84608400
2001-03-01,18.08872413635254,18.131577128515524,17.141196865193248,17.845890514095636,81781600
2001-03-02,17.27452278137207,17.71257572952153,17.198339659954776,17.522117925978286,79800800
2001-03-05,17.50307273864746,17.86494257764017,17.23643180465283,17.44593539564861,49383600
2001-03-06,18.1125431060791,18.28395518594736,17.78876473299462,17.86494787960273,66781800
2001-03-07,18.493450164794922,18.626770608825368,18.074443054984943,18.24585505445266,59743600
2001-03-08,18.055404663085938,18.464889051542,17.807809451461342,18.379183016748872,54626000
2001-03-09,17.27452278137207,17.731621509875854,16.72219515109667,17.655438388458556,103794400
2001-03-12,15.827037811279297,16.76028071471213,15.73180894358207,16.665051847014904,114376000
2001-03-13,16.5126895904541,16.684101593123177,15.846087357852149,15.903224692075174,91035600
2001-03-14,16.455547332763672,16.836462780281348,15.903219933863038,15.998448795742458,90686200
2001-03-15,16.360326766967773,17.088827929757667,16.303189420866605,16.855517099844565,71638400
2001-03-16,16.626964569091797,16.798376574958723,15.993692436305654,15.99845388091307,112848800
2001-03-19,16.550779342651367,16.912649086621883,16.188909598680855,16.607916670646713,61036400
2001-03-20,16.055601119995117,17.103119579781275,16.036555329817187,16.626974825333022,91822800
2001-03-21,15.255668640136719,16.227003347561155,15.16043974725197,15.92227089032996,124988600
2001-03-22,16.455547332763672,16.474593105139554,15.388984079714174,15.408029852090058,126363200
2001-03-23,17.236434936523438,17.369755427745165,16.569832480414796,16.74124454055702,99519600
2001-03-26,17.084062576293945,17.522115462865585,16.931696354877722,17.407840796803416,63118600
2001-03-27,17.750659942626953,17.845888804980103,17.02692058874302,17.08405790615491,95135600
2001-03-28,16.931699752807617,17.655439449778022,16.874562408309952,17.48402741628503,78681600
2001-03-29,16.874563217163086,17.426890907115375,16.62696804580516,16.874563217163086,86985000
2001-03-30,16.665056228637695,17.122154913766042,16.417461107526506,16.988834463936943,91201600
2001-04-02,17.007877349853516,17.350701305393677,16.64600761900557,16.70314494492893,75924000
2001-04-03,16.265092849731445,16.855511911021463,16.074635088024987,16.855511911021463,94187600
2001-04-04,15.827037811279297,16.76028071471213,15.56039698172706,16.265090602686545,104046600
2001-04-05,17.29355812072754,17.484015809281807,16.303178140245343,16.37936121566705,113364000
2001-04-06,17.122150421142578,17.426882797937107,16.779326497248732,17.17928774179155,92622000
2001-04-09,17.415456771850586,17.497733495215826,16.961404993574202,17.23871142545277,56295600
2001-04-10,18.186439514160156,18.311379818912943,17.60744717752285,17.659252317888022,109199400
2001-04-11,18.296131134033203,18.741040099685332,18.192522085357613,18.482018059227208,109879600
2001-04-12,18.94826889038086,18.98788444494172,18.085875268767595,18.149869983815865,87520000
2001-04-16,18.524681091308594,18.765419943119465,18.320509798487432,18.710568023404033,65857400
2001-04-17,18.73495101928711,18.92693278963714,18.296136706663383,18.442408144204624,85149200
2001-04-18,19.938642501831055,20.20680619672112,19.19814262198607,19.31698808079493,156696400
2001-04-19,20.733993530273438,21.026536365939126,20.036156029862283,20.054439230552703,159375600
2001-04-20,21.026548385620117,21.666486349762664,20.874182092970695,21.42270167647866,192919600
2001-04-23,20.797996520996094,20.86503805393087,20.386608043807517,20.755334150023938,92171200
2001-04-24,20.58468246459961,21.309945018484175,20.459741016597338,20.78275674081847,89176600
2001-04-25,21.23680877685547,21.26728156202537,20.49326072910253,20.59077503660091,76744000
2001-04-26,21.066152572631836,21.636003067870934,20.797988864537903,21.35260180792862,118737600
2001-04-27,20.453649520874023,21.233764102148175,20.176341785387603,21.188053754824335,121572400
2001-04-30,20.645626068115234,21.044824883537675,20.62429488694589,20.883317036837738,74368200
2001-05-01,21.383073806762695,21.422690510153885,20.59991156375576,20.618197090291655,83702800
2001-05-02,21.25814437866211,21.681722457884273,21.1332029110876,21.636012108163722,92864400
2001-05-03,20.883310317993164,21.386119226556886,20.764464871868384,21.102718010815416,66273400
2001-05-04,21.559814453125,21.651235091022805,20.709610890399652,20.72180046378092,119538400
2001-05-07,21.751800537109375,21.986445815783583,21.54458238675215,21.584199091551792,109356200
2001-05-08,21.959016799926758,21.971206375361636,21.55981808536071,21.864550496461217,75084000
2001-05-09,21.453166961669922,21.72742665743627,21.288611144210112,21.709141127768973,76676600
2001-05-10,21.331279754638672,21.709147487884703,21.319090172930736,21.675626719419128,64334600
2001-05-11,21.148426055908203,21.331265005254277,20.919876787994763,21.319075431974756,51128800
2001-05-14,20.941211700439453,21.087481956073173,20.813224645528997,21.066150780254766,44968000
2001-05-15,20.8040828704834,21.117959239858045,20.72180613380106,20.947307490748987,61385600
2001-05-16,21.07529640197754,21.29470180308897,20.517635485791537,20.630384999225747,91893800
2001-05-17,20.773611068725586,21.373934381957596,20.584678433036746,21.057012347182987,106984800
2001-05-18,20.749225616455078,21.087478727591918,20.493251545823654,20.627334530396364,90605400
2001-05-21,20.962549209594727,21.328227284083784,20.64562712673945,20.737047807823963,103491600
2001-05-22,21.425743103027344,21.43793268302641,21.081396186521147,21.163672945359032,83455600
2001-05-23,21.23985481262207,21.818847041034875,21.181957217227957,21.450120986474367,93637400
2001-05-24,21.85542106628418,21.873704277155586,21.108824848392352,21.31299744446507,80781600
2001-05-25,21.608583450317383,21.910267984940116,21.44097963945778,21.837132833348903,52747600
2001-05-29,21.43488311767578,21.86455706232068,21.346512737852215,21.575062114810272,71210800
2001-05-30,21.084444046020508,21.508022067713224,20.919888204331123,21.197193591769505,86501800
2001-05-31,21.08138656616211,21.447064499560668,20.843695676960685,21.175852861889954,70682600
2001-06-01,21.43488311767578,21.544587004609607,20.935121999388123,21.20938171672269,57587600
2001-06-04,21.568960189819336,21.642095319214125,21.270323721918384,21.498873035585454,43736600
2001-06-05,22.12356948852539,22.26984204837443,21.483631979648223,21.562863046438263,89454200
2001-06-06,22.050437927246094,22.391739071988194,21.80360541292412,22.211945736613497,80022800
2001-06-07,22.452693939208984,22.46793149638182,21.96512233370074,21.97731191445405,66960000
2001-06-08,22.303377151489258,22.47402664372324,21.95598221377011,22.45878908552022,51867000
2001-06-11,21.977310180664062,22.19976361831934,21.79142315745917,22.19976361831934,47345600
2001-06-12,21.96512222290039,22.065684519914292,21.57811059194075,21.6421041468792,66714600
2001-06-13,21.541540145874023,22.03215963356632,21.526302591627935,21.95597651218459,55302400
2001-06-14,20.996063232421875,21.498872167163828,20.843697029465147,21.398309915230687,71972400
2001-06-15,20.727903366088867,20.813230417951235,20.234238210255295,20.572491466990968,108354400
2001-06-18,20.38050079345703,20.709612322743467,20.115385110079256,20.706564347956494,56846800
2001-06-19,20.514598846435547,20.980839359434608,20.371374150301136,20.785810678505918,63457400
2001-06-20,21.151477813720703,21.206327415904163,20.447544361690266,20.45973393715008,64108400
2001-06-21,21.28251075744629,21.49887281812898,21.002157493498782,21.07224697194757,69603800
2001-06-22,20.9747371673584,21.517160610054372,20.89855404731853,21.331273611163148,51092000
2001-06-25,20.980831146240234,21.273374053113887,20.651719504160738,21.057014267559133,49215600
2001-06-26,21.373931884765625,21.395263061300366,20.630384031399434,20.66695275899779,63077000
2001-06-27,21.678661346435547,21.797506788747082,21.136238081542174,21.28860427167733,69199800
2001-06-28,22.16623878479004,23.205377603200333,21.49278031820699,21.803608733506362,128975600
2001-06-29,22.245471954345703,22.37041339224479,21.757900431290132,22.12357849235071,94283800
2001-07-02,21.51410484313965,22.291173316107866,21.37697620669748,21.955968174308754,72810200
2001-07-03,21.47450065612793,21.575062943835476,21.30994481940411,21.42269668667541,28037400
2001-07-05,20.87721824645996,21.550676599581404,20.855887070566478,21.398310393221156,49242600
2001-07-06,20.130630493164062,20.84370583314078,20.011784990655396,20.813233044663512,67467800
2001-07-09,20.017885208129883,20.389659351563612,19.81980855344016,20.173297159952,66476600
2001-07-10,19.649152755737305,20.188528261415133,19.609536042517952,20.081872350679348,66562600
2001-07-11,20.26471519470215,20.340898334531857,19.563829378298873,19.56687735487104,73822600
2001-07-12,21.818836212158203,21.955967167233933,21.43182714322544,21.544576626930112,128078000
2001-07-13,21.739620208740234,21.940744818877267,21.617729041908678,21.757905743704953,58934600
2001-07-16,21.69086456298828,21.98950350644688,21.37699038588818,21.773141334442425,55990800
2001-07-17,21.88589096069336,21.943790887351007,21.373940199773784,21.532402422755318,63241000
2001-07-18,21.504968643188477,21.788369911254907,21.29165686074022,21.514110244589965,57590800
2001-07-19,22.114431381225586,22.245466413369787,21.703043083771323,21.703043083771323,76549400
2001-07-20,21.08138656616211,21.148428063100685,20.703519058327117,20.73094385711639,124203600
2001-07-23,20.44449234008789,21.099667360602588,20.21899105102353,21.099667360602588,79999400
2001-07-24,20.209856033325195,20.718758667909125,20.020921076956867,20.4170741927561,67530200
2001-07-25,20.563344955444336,20.575532206448173,19.99349448667367,20.19157102688237,74065400
2001-07-26,20.292133331298828,20.514589049362343,19.95997606691228,20.45364348752464,77974000
2001-07-27,19.950834274291992,20.188525218079253,19.822847200702565,20.127579656824516,65396000
2001-07-30,20.05139923095703,20.38050856074798,19.972168130764558,20.005688891425816,42196400
2001-07-31,20.17024803161621,20.535926158077288,20.066637756666516,20.115396080154568,59031600
2001-08-01,20.255569458007812,20.359177391077427,20.03920966401734,20.356131740051463,55679000
2001-08-02,20.554201126098633,20.58162825329547,20.191571121476514,20.48106599511355,54198400
2001-08-03,20.38355255126953,20.526777168832403,20.112340867983075,20.50849396656446,43260400
2001-08-06,20.15195655822754,20.45364336480937,20.014827882453357,20.27385000609578,27831600
2001-08-07,20.21900177001953,20.432315924047415,20.109297879359378,20.124535434977286,31347800
2001-08-08,19.764944076538086,20.490206367217322,19.65219224913227,20.267753012373866,54996400
2001-08-09,19.810659408569336,19.975215228693912,19.59429962421786,19.801517806049805,45536200
2001-08-10,19.96607208251953,20.069682339951928,19.16767443224812,19.737522710890797,51756400
2001-08-13,20.060537338256836,20.109293320316297,19.731425740890334,19.88074398741023,32675400
2001-08-14,19.71314239501953,20.13976595340558,19.64000493507562,20.036158039204402,36481200
2001-08-15,19.259092330932617,19.82284809774714,19.259092330932617,19.719237849016444,39503000
2001-08-16,19.691818237304688,19.719243050867686,19.106731136249838,19.149393507297734,43905600
2001-08-17,18.856842041015625,19.542488807770496,18.741043398591902,19.435832928210427,52234200
2001-08-20,19.106725692749023,19.121962083430653,18.619153053702217,18.789803651737913,48371200
2001-08-21,18.52164077758789,19.25909402408821,18.500309595815697,19.106727775736978,47111800
2001-08-22,18.485071182250977,18.634390600791455,18.003594494587773,18.628295812028366,78107200
2001-08-23,18.015777587890625,18.75018256120348,17.979210028576034,18.488112534115103,51813200
2001-08-24,18.908647537231445,18.9787358584457,18.04930215543999,18.162052831961876,63399000
2001-08-27,18.987882614135742,19.307851508676386,18.762380051219512,18.86294233484036,44562800
2001-08-28,18.509456634521484,19.182915328726303,18.460699470290873,18.997028276827578,47422800
2001-08-29,18.36013412475586,18.68010303468653,18.143774316965455,18.603919905538167,48170000
2001-08-30,17.351469039916992,18.180341855298977,17.22348194119834,17.99140802089713,97632000
2001-08-31,17.38498878479004,17.69276925886188,17.15643941120613,17.324042052675217,57900800
2001-09-04,17.095489501953125,18.00359320052531,17.086347900696616,17.427647909663055,67189200
2001-09-05,17.595258712768555,17.7933341813949,16.879136491684903,17.119875495632865,89470600
2001-09-06,17.07111358642578,17.79332923503893,17.03454601449227,17.23566940381981,112356800
2001-09-07,16.882177352905273,17.479452646122414,16.854751387274796,17.098537102622405,89863800
2001-09-10,17.54649543762207,17.659246121258548,16.668865635693578,16.735905985780693,84471800
2001-09-17,16.123394012451172,16.790757664822888,16.08987325668812,16.461647220660826,127502000
2001-09-18,16.553068161010742,16.760286339661715,16.202625345287498,16.27576165170755,83182600
2001-09-19,16.415945053100586,16.668873672419753,15.419469298457683,16.595737335971247,126950200
2001-09-20,15.468221664428711,16.031977504251177,15.440795692086406,15.952746400834615,117983200
2001-09-21,15.148248672485352,15.41946034661644,14.474790287570318,14.602777348973412,184976600
2001-09-24,15.849133491516113,15.983216507387954,15.197006264196848,15.434698354850573,85580200
2001-09-25,15.632780075073242,16.150825658888575,15.28538514312133,15.928371029874851,84940600
2001-09-26,15.318901062011719,15.785141358642306,15.099493316556337,15.696768665338102,58524400
2001-09-27,15.224428176879883,15.44383584446864,14.627153040067913,15.267090520586214,81191200
2001-09-28,15.593160629272461,15.721148876876628,14.925796908613114,15.120825512141206,116641200
2001-10-01,15.782096862792969,15.998456664406376,15.361565676410565,15.523073533606173,69999600
2001-10-02,16.16605567932129,16.31842189903678,15.712004995547844,15.733336173311052,80860800
2001-10-03,17.13510513305664,17.348418075682186,15.967980480665567,15.992358471629107,97199200
2001-10-04,17.19910430908203,17.796380976855975,17.12901596368488,17.345375790232058,101778000
2001-10-05,17.58915901184082,17.67448373373995,16.74200193205971,17.113775927412473,80844400
2001-10-08,17.686668395996094,17.872555342006756,17.290516516977316,17.30879971660995,60605800
2001-10-09,16.626203536987305,17.543447735670554,16.51345168913034,17.522116556338066,99477600
2001-10-10,16.915700912475586,16.98883722546772,16.150822833180076,16.33366187196702,86349200
2001-10-11,17.16254234313965,17.321003456832468,16.635355010786522,16.99189164474828,83742600
2001-10-12,17.180814743041992,17.260044663423994,16.623153837700876,16.97359659747434,63307000
2001-10-15,17.692766189575195,17.82684804699791,17.019306602106354,17.034544154338366,68437000
2001-10-16,17.811614990234375,17.951791662288112,17.433746175934907,17.634869580935298,66169000
2001-10-17,17.074161529541016,18.070636939748592,17.058925137099024,18.015784996987644,73710600
2001-10-18,17.29355812072754,17.546486489109114,16.912642743619003,17.1686179235344,78348000
2001-10-19,17.64400863647461,17.67752822820798,16.952265862276548,17.491642417377115,91219600
2001-10-22,18.332700729370117,18.338795516729856,17.512971010105602,17.644006032185388,72323600
2001-10-23,18.414981842041016,18.722761101640536,18.101107794013718,18.427171418896567,80325000
2001-10-24,18.686203002929688,18.777622550749914,18.168157348664895,18.436322363071838,79141400
2001-10-25,19.064062118530273,19.076250532821316,18.152911599324295,18.46983362013177,75318200
2001-10-26,18.954360961914062,19.39012851219517,18.91779338889012,18.990928534938003,64509400
2001-10-29,18.174240112304688,18.95435547317265,18.143767337352642,18.923881535758756,55129400
2001-10-30,17.94264793395996,18.143771315137947,17.73238178832245,17.95483634913582,57395600
2001-10-31,17.72019386291504,18.506403042900075,17.70495630921538,18.070635511226573,64700000
2001-11-01,18.84465789794922,18.96959817679185,18.16205658460216,18.308329207968285,109671200
2001-11-02,18.710573196411133,19.204239447874695,18.43936033507379,18.87208102552516,83360000
2001-11-05,19.28042984008789,19.51202608176466,18.817236194271853,18.8507569629601,66401600
2001-11-06,19.740570068359375,19.78932838207632,18.94217128063931,19.106727102047454,68612000
2001-11-07,19.57905387878418,19.822840693625547,19.512012388456633,19.569912280089216,58899000
2001-11-08,19.630855560302734,20.130616380735248,19.399259507832138,19.643045132133174,74227800
2001-11-09,19.871604919433594,20.00568795580789,19.475452924384978,19.606486822491053,48013600
2001-11-12,20.048341751098633,20.246418245219495,19.396214702705652,19.716182277894728,57752800
2001-11-13,20.691347122192383,20.706582359532476,20.295193752540715,20.356141676677826,60159600
2001-11-14,20.097105026245117,20.825415427595434,20.048349041073866,20.791896995560055,88625600
2001-11-15,20.148916244506836,20.43231759777313,19.94474367715495,20.142820291790493,77922000
2001-11-16,20.036157608032227,20.298227688214855,19.792370729980117,20.222044579439068,59249000
2001-11-19,20.276897430419922,20.407932476454373,20.02092096436291,20.188524741240958,56005000
2001-11-20,19.92949867248535,20.66085686985542,19.81674685177011,20.249466285449767,65921800
2001-11-21,19.51811408996582,19.685715540257256,19.344415526336856,19.612580404219614,50785200
2001-11-23,19.719240188598633,19.74971297422042,19.387081710487212,19.618677903614667,15754600
2001-11-26,19.85027503967285,20.02397247321302,19.624773638656105,19.80456469928344,41983600
2001-11-27,19.42364501953125,19.828938534845584,19.121959411358834,19.74361382898192,90819000
2001-11-28,19.13719940185547,19.53944734261586,19.115868221374665,19.249950093320027,54536600
2001-11-29,19.75885009765625,19.777135624823213,19.182907140224728,19.234711096529143,54034400
2001-11-30,19.56687355041504,19.831991662447546,19.481548822383743,19.7040045704006,48234200
2001-12-03,19.73752212524414,19.87770111495058,19.44193240384928,19.451075168917455,47211800
2001-12-04,20.112340927124023,20.136720080168963,19.533348829388682,19.807608488834266,51005800
2001-12-05,20.752277374267578,20.773608550708918,19.86855288969644,20.261657991192962,74243000
2001-12-06,20.919889450073242,21.026545374669944,20.58468411923013,20.715719205141728,56026200
2001-12-07,20.669998168945312,20.97777620290352,20.279941089333004,20.79798521226993,42334800
2001-12-10,20.43535614013672,20.858934034502425,20.37441058372362,20.57553277982601,38367400
2001-12-11,20.514598846435547,20.761431512158516,20.438415695293862,20.618209140949375,54334000
2001-12-12,20.706565856933594,20.715709781960875,20.188521701726703,20.465829304460982,47884200
2001-12-13,20.194622039794922,20.7949454453371,20.133676468896272,20.456692179523227,53227800
2001-12-14,20.551164627075195,20.706576559006773,20.091017809674508,20.118442624159517,43000600
2001-12-17,21.02044677734375,21.060061161421604,20.465833775632596,20.468879426383346,57079800
2001-12-18,21.108814239501953,21.14843094304617,20.904644070966384,21.002158354813517,47255200
2001-12-19,21.175859451293945,21.297752908664894,20.858937392099204,20.910743680805776,56996200
2001-12-20,20.34393882751465,21.10272197011851,20.301276470897502,21.07224919038113,78585000
2001-12-21,20.581632614135742,20.72790290709768,20.41707679086027,20.724857256149082,84307600
2001-12-24,20.499353408813477,20.730950750265812,20.47802222768789,20.636484423127417,11701600
2001-12-26,20.62429428100586,21.04787224101269,20.535921583065143,20.54506318545137,29328000
2001-12-27,20.67609977722168,20.938169914701234,20.496308717166244,20.715716490397917,32406600
2001-12-28,20.682193756103516,20.98083027734835,20.63038746880964,20.79189763225345,28787200
2001-12-31,20.188526153564453,20.868080585171853,20.188526153564453,20.673049665286364,43006200
2002-01-02,20.42926788330078,20.45059906614362,19.963027511932594,20.310422389615734,48124000
2002-01-03,21.09662437438965,21.10271799922086,20.44449492111576,20.4505908708706,67590800
2002-01-04,20.996063232421875,21.303843613373115,20.925973756095328,21.102719109506832,52731400
2002-01-07,20.892459869384766,21.33736904919643,20.82846632210958,21.255092295535338,58508800
2002-01-08,21.142335891723633,21.28860848617729,20.7218059606709,20.932072088659275,47736400
2002-01-09,20.938167572021484,21.52020770116272,20.889411586160918,21.245948015308848,76304000
2002-01-10,21.111867904663086,21.27033011169962,20.761425053446242,20.868083291804293,50296600
2002-01-11,20.907695770263672,21.428788035349434,20.7522815535076,21.18500111984675,72993200
2002-01-14,20.865036010742188,21.0387334540982,20.642580248235546,20.81323204033811,50997800
2002-01-15,21.194137573242188,21.215468746457024,20.874167650096126,20.922925945972047,60717400
2002-01-16,20.682193756103516,21.28251477429853,20.67609780469282,20.98083027734835,61955400
2002-01-17,21.288616180419922,21.33127855152899,20.843706935336154,20.883321329958903,78958000
2002-01-18,20.14281463623047,20.676096427866273,19.935596475626447,20.447547088593787,107140400
2002-01-22,19.64305877685547,20.304327814765358,19.579065223985936,20.298234187078855,76837200
2002-01-23,19.42364501953125,19.71923467732834,19.271278809082176,19.518112488495973,80403000
2002-01-24,19.685714721679688,19.862460090934896,19.441929007588,19.533348505064637,83886000
2002-01-25,19.44192886352539,19.761897683553666,19.35355617955262,19.56077548807255,48981200
2002-01-28,19.448030471801758,19.624775901729535,19.17072390886799,19.572971928279078,41622000
2002-01-29,18.990922927856445,19.655239647706093,18.890361841115784,19.47240067410752,58666000
2002-01-30,19.152433395385742,19.167670947360413,18.68924110939824,19.030541116822402,66100000
2002-01-31,19.414506912231445,19.44498085910639,18.929982200310832,19.216431488624256,69566200
2002-02-01,19.094533920288086,19.65524163513778,19.03663517736856,19.548585750164452,63462200
2002-02-04,18.62525177001953,19.103681745575376,18.512501060244944,19.015310196001966,70308400
2002-02-05,18.63439178466797,18.963502261549177,18.436315205900698,18.527734718230914,66772600
2002-02-06,18.405839920043945,18.85989060661552,18.3601295888628,18.774565895036865,66103000
2002-02-07,18.222999572753906,18.774565704409053,18.207763183335565,18.375365791861316,63314000
2002-02-08,18.48202133178711,18.485068144436898,17.92740843257334,18.32051236226264,61283000
2002-02-11,18.6282958984375,18.66181665555894,18.159007623661548,18.286994700893842,50899600
2002-02-12,18.326608657836914,18.54296841009179,18.290041090721356,18.43326570874512,44973800
2002-02-13,18.838558197021484,18.856842560790877,18.268708894520945,18.363175201174645,54168600
2002-02-14,18.795900344848633,19.19510033094083,18.686196460886674,18.89341465004544,57267000
2002-02-15,18.354034423828125,18.91169533795934,18.34489282276433,18.801991475345858,50179800
2002-02-19,17.9578800201416,18.326605936837936,17.85731777242706,18.256517625913478,52262600
2002-02-20,18.253475189208984,18.393651844661203,17.918268778932948,18.101108956118633,50492000
2002-02-21,17.689725875854492,18.366232569298663,17.677536293774185,18.19862988431329,59398400
2002-02-22,17.671432495117188,17.903028609044586,17.415457231059605,17.68971569525296,71347800
2002-02-25,18.003589630126953,18.250422114797953,17.640957352707726,17.656193739267625,51832200
2002-02-26,17.842077255249023,18.283939355499232,17.644001943041385,18.009679800182123,63276200
2002-02-27,17.793323516845703,18.32965315766841,17.671431262085473,18.00054162864605,65750000
2002-02-28,17.77808952331543,18.192525802701027,17.717142806500735,17.91217137033821,68068000
2002-03-01,18.701433181762695,18.71666957425579,17.933507142996,17.994453875430604,62115600
2002-03-04,19.289566040039062,19.35051276944313,18.549066009565763,18.661817865825046,74464200
2002-03-05,19.222524642944336,19.466310384896587,18.997022105099685,19.198145487518055,55926400
2002-03-06,19.39012336730957,19.41145454278547,18.951307957606776,19.170715662458175,49835400
2002-03-07,19.112825393676758,19.46631509566613,18.85075522173487,19.402320378416732,58079200
2002-03-08,19.487638473510742,19.716186625837928,19.249946395655954,19.390124192197675,57701800
2002-03-11,19.60648536682129,19.807609906450384,19.198144986251908,19.353558029419204,43718200
2002-03-12,19.057964324951172,19.137194236428464,18.792846303456976,19.051869537535715,66407200
2002-03-13,18.92388916015625,19.204243685009118,18.878179979312044,18.917795532680213,44387400
2002-03-14,18.655725479125977,18.966552792899154,18.603920345599285,18.936078843041592,51819600
2002-03-15,19.0427303314209,19.04882395714052,18.579536891776552,18.588678492817973,69086800
2002-03-18,18.93608283996582,19.195106237347865,18.649634625616777,19.11892309031713,52296800
2002-03-19,18.96350860595703,19.198152835666235,18.741053958626566,18.94827220921489,36376400
2002-03-20,18.314424514770508,18.899511574511,18.314424514770508,18.710577732156057,55235200
2002-03-21,18.698381423950195,18.76846974085519,18.232141194665633,18.347938676963313,46123400
2002-03-22,18.421077728271484,18.631342710481366,18.350989400868194,18.60391674215294,41341400
2002-03-25,18.049301147460938,18.52163616728634,18.02492315827313,18.430216673523667,47752400
2002-03-26,18.003589630126953,18.56429609528665,17.7689455572268,18.009683254781486,69357200
2002-03-27,18.11330223083496,18.247385295902788,17.854280030074246,17.918273586149848,47318400
2002-03-28,18.3784236907959,18.48203282223198,18.180347034018425,18.268719767809152,43901200
2002-04-01,18.39974594116211,18.40584072975185,18.040161551601816,18.232143323561445,47010000
2002-04-02,17.455080032348633,18.00664636444979,17.403276057007666,17.948747598634167,76509400
2002-04-03,17.165584564208984,17.555641844057885,16.91265599761407,17.50383670769286,76931400
2002-04-04,17.202150344848633,17.36061138883348,16.888275070481875,17.058925693803005,61763800
2002-04-05,17.025405883789062,17.461173488496595,17.016264280006858,17.33623319946969,50166000
2002-04-08,17.43680191040039,17.4642278943064,16.534792418859826,16.546982003365333,73389600
2002-04-09,16.720666885375977,17.500782267591347,16.699335709833463,17.47030949180543,63413000
2002-04-10,17.156442642211914,17.403276430654177,16.778574924369686,16.796858133723777,75636400
2002-04-11,16.696292877197266,17.202148748074627,16.60792017890575,17.03149814059399,58165800
2002-04-12,17.04368782043457,17.144248935068394,16.717624157515967,16.805996856334474,52297600
2002-04-15,16.970548629760742,17.293565424457178,16.882177108419636,17.065016101666995,47388800
2002-04-16,17.61658477783203,17.70495631200845,17.17472245710139,17.186912035078183,51921600
2002-04-17,17.257003784179688,17.759811769500057,17.193009068352204,17.65925063742093,55158600
2002-04-18,17.17776870727539,17.46421796802954,16.053306331174163,17.30575694691199,74794800
2002-04-19,17.430694580078125,17.668385494648295,17.327085511233857,17.503829709578827,104268600
2002-04-22,16.940088272094727,17.278341703823834,16.760295959845145,17.223489733140042,51465200
2002-04-23,16.4525089263916,17.010168821990526,16.242242747959605,16.973601245835418,68281400
2002-04-24,16.156911849975586,16.586584483819944,16.150817062532038,16.409839135342626,61220400
2002-04-25,16.373273849487305,16.592681578111428,16.11425174066538,16.120346528956272,57290400
2002-04-26,15.69371509552002,16.59267570727028,15.681525523251162,16.47687709563933,62776600
2002-04-29,15.919221878051758,16.123392038209413,15.675435015975514,15.684577778903614,70246000
2002-04-30,15.92531681060791,16.24223882735185,15.821707734459393,15.876559666682844,77384000
2002-05-01,16.074636459350586,16.208718316544147,15.437745603372623,15.89484427046316,76413000
2002-05-02,15.605353355407715,16.476888620378077,15.587070146677856,16.041120987892896,79009200
2002-05-03,15.102537155151367,15.748569474571879,15.087299606198226,15.620581270628492,71628000
2002-05-06,14.816092491149902,15.4011794429759,14.739909373005933,15.065973025665153,66299400
2002-05-07,15.075113296508789,15.32499378968744,14.733812146710978,14.986740615089966,88385400
2002-05-08,16.75114631652832,16.75114631652832,15.608399412907682,15.623635805796837,101242000
2002-05-09,15.882652282714844,16.760281915794874,15.815611945525719,16.577442941698212,83288200
2002-05-10,15.25185775756836,16.050256391798474,15.23357455590158,16.00759403796005,64408800
2002-05-13,16.056352615356445,16.12339412736035,15.16043961726473,15.373752567990014,64819000
2002-05-14,16.723718643188477,16.7907589975738,16.449458949232607,16.577447193899395,64832400
2002-05-15,16.684104919433594,17.199102442752523,16.412893171577405,16.604874978331555,70412000
2002-05-16,16.985788345336914,17.074159877937063,16.653629907397804,16.671913111574746,53406400
2002-05-17,17.074161529541016,17.186913391028646,16.84256534202097,17.129013472301963,54646200
2002-05-20,16.458599090576172,16.92788734192721,16.30318605277137,16.912650951940392,52115800
2002-05-21,15.903984069824219,16.63838913190647,15.88570086918786,16.44031376275395,63120000
2002-05-22,16.361082077026367,16.370224839466626,15.800374416600844,15.806469204073736,54169400
2002-05-23,16.705434799194336,16.711529588413327,16.153868580728634,16.364134740166158,51412800
2002-05-24,16.230051040649414,16.614014608558122,16.163010686897806,16.498215943042243,35982000
2002-05-28,15.94360065460205,16.361083758474525,15.769903262390075,16.330610980440202,49602000
2002-05-29,15.86133098602295,16.065502424632314,15.708964691896961,15.739438648199702,45393200
2002-05-30,16.041114807128906,16.260522527046984,15.672388848625882,15.736382379448003,63213000
2002-05-31,15.513928413391113,16.27880632332451,15.504786812214613,16.12034647810913,66468000
2002-06-03,15.059874534606934,15.736380829410319,14.983691435190762,15.538305468405381,88439000
2002-06-04,15.230525970458984,15.611441489415427,15.00502463421544,15.084254550675139,88008400
2002-06-05,15.742472648620605,15.769898605737746,15.337179240624687,15.367652009660786,66969400
2002-06-06,15.81561279296875,15.888747921541453,15.236620739868966,15.693719362065035,78703400
2002-06-07,15.839984893798828,16.028918595255412,15.193952740054035,15.203094337112127,97834400
2002-06-10,16.095966339111328,16.242237761285946,15.681530061718949,15.73942996552231,71825400
2002-06-11,16.019779205322266,16.51039846436718,15.974068888811116,16.223950479954,74368200
2002-06-12,16.924842834472656,16.997977981356907,15.998455782549348,16.0228349398189,136198600
2002-06-13,16.522594451904297,16.906556842315016,16.516499663172432,16.711528252743726,79771600
2002-06-14,16.836469650268555,16.92788916248346,16.1508215649635,16.196531902302038,109433600
2002-06-17,16.96750831604004,17.19910454035961,16.873040807949703,16.961413525602367,94486600
2002-06-18,17.061967849731445,17.153387338644226,16.866938134265816,16.92179006010586,77518400
2002-06-19,16.565258026123047,17.04673474665015,16.553068447764847,16.903511269558926,81247000
2002-06-20,16.486026763916016,16.790759245041727,16.425081197660603,16.568304673315417,86401200
2002-06-21,15.931413650512695,16.62315651822308,15.931413650512695,16.27271486440206,116820000
2002-06-24,16.504302978515625,16.650574357705736,15.800370876355476,15.873507147181325,104523200
2002-06-25,16.13558006286621,16.760281221351498,16.089869740005078,16.66886173809103,84025200
2002-06-26,16.495168685913086,16.574398615473733,15.556592134025772,15.556592134025772,112131400
2002-06-27,16.73590850830078,16.742003297856805,16.108160296039504,16.63839420032889,95812400
2002-06-28,16.668869018554688,17.00102751069866,16.45555602280366,16.623158675728643,89555600
2002-07-01,16.04721450805664,16.574401629848296,16.022836510859026,16.49212370968951,66473800
2002-07-02,15.67543888092041,16.12644282702219,15.641919283459131,15.961888165748517,82814200
2002-07-03,15.797329902648926,16.004548057030576,15.373751992577086,15.614490901706066,80936600
2002-07-05,16.71457862854004,16.72981618484858,16.166060312840255,16.178249892902155,35673600
2002-07-08,16.126441955566406,16.73895487888519,16.02283403043772,16.580493853013216,63199400
2002-07-09,16.214813232421875,16.67800669154422,16.141678096091102,16.24528717461139,85277200
2002-07-10,15.919221878051758,16.516497132722353,15.885701126393178,16.36108295002565,90673400
2002-07-11,16.123394012451172,16.172151158344146,15.617538187888297,15.858277104312004,129550600
2002-07-12,15.803431510925293,16.37328110016046,15.687632807042538,16.26357718726759,95733800
2002-07-15,15.785147666931152,15.803432040513531,14.627164076686022,15.660207353607962,136965600
2002-07-16,15.617536544799805,16.08987156390624,15.431649582370229,15.63582090850928,97154600
2002-07-17,15.846089363098145,16.24224136468316,15.593160840282227,16.004550396224587,98034800
2002-07-18,15.57487678527832,16.071591038704195,15.43774694077889,15.864372865341085,91053600
2002-07-19,15.102537155151367,15.507830615638246,14.873987870395538,15.197003448874908,112543400
2002-07-22,14.477836608886719,15.23357402542335,13.98721839436766,14.916652032999849,180069800
2002-07-23,13.106545448303223,14.261482002290496,13.094357030719229,14.167015663087273,168061600
2002-07-24,14.087784767150879,14.127400321666164,12.618974060882552,12.722583167910134,202307800
2002-07-25,13.05169677734375,13.92932575853001,12.93285009633283,13.850095800318586,163411400
2002-07-26,13.819611549377441,13.83789590878672,13.310709084999948,13.328993444409225,123538000
2002-07-29,14.70334529876709,14.718581693527218,14.185299739685924,14.276719270709092,112148600
2002-07-30,14.657628059387207,14.880083735634132,14.42298513300299,14.490025470914826,122690600
2002-07-31,14.621062278747559,14.627157067020924,14.127396053224963,14.5083116018453,93875600
2002-08-01,13.941511154174805,14.654585213804856,13.865328033113741,14.49917215832364,92002800
2002-08-02,13.533171653747559,13.971986079853641,13.34728462386369,13.868376972826356,85947600
2002-08-05,13.405182838439941,13.7647661096387,13.350330896867103,13.496602353573937,78941600
2002-08-06,13.917123794555664,14.398601393855522,13.664196586191192,13.682480942955241,88715800
2002-08-07,14.349854469299316,14.4138480197581,13.761720610407119,14.322428495893794,86349400
2002-08-08,14.904464721679688,14.931890689853413,14.142633564034107,14.355946520667288,88748000
2002-08-09,14.663724899291992,14.97760010750359,14.523548253856456,14.672867663098327,69049400
2002-08-12,14.770381927490234,14.855706639792478,14.505263864330514,14.508311839748178,56866600
2002-08-13,14.340713500976562,15.145207206562988,14.298049969651636,14.62411485123483,100122800
2002-08-14,15.148248672485352,15.15434346052292,14.386417604718492,14.398607180793633,96706000
2002-08-15,15.16654109954834,15.462132082974001,14.855713719159645,15.224439872992896,98745600
2002-08-16,15.236623764038086,15.306712093857204,14.907512132753034,15.062926346125021,69334000
2002-08-19,15.846089363098145,15.8613257549933,15.190914049446711,15.24881396609537,79848200
2002-08-20,15.55354118347168,15.754664510738047,15.465168512978117,15.657150240697494,70317600
2002-08-21,15.931413650512695,15.961887595928973,15.587066785774933,15.71200705582628,81203400
2002-08-22,16.220905303955078,16.28794680308093,16.028923568934037,16.105106667954566,72517600
2002-08-23,15.913125991821289,16.105106563130946,15.797327356574474,16.047207826738454,57929200
2002-08-26,15.876566886901855,16.044170735173953,15.596213472451323,15.998460383379284,55652400
2002-08-27,15.492594718933105,15.983214051713379,15.434695983450776,15.946646490485689,65470200
2002-08-28,15.047689437866211,15.437746620836668,15.023310282699507,15.382894684173685,68875000
2002-08-29,15.413371086120605,15.541358183769752,14.785621690015248,14.89837239448649,94275600
2002-08-30,14.956274032592773,15.382898902850757,14.931894870740216,15.279289789902226,58138400
2002-09-03,14.328519821166992,14.78561849242406,14.322425032721455,14.78561849242406,74452600
2002-09-04,14.691157341003418,14.810002860709428,14.368141551538367,14.459561092661257,80232000
2002-09-05,13.990263938903809,14.480883271412567,13.981122339217396,14.474788484134356,90438800
2002-09-06,14.572310447692871,14.709440327682437,14.46565452018011,14.550979262190317,69918400
2002-09-09,14.840469360351562,14.91665246675741,14.209673332308098,14.398607110705255,81653200
2002-09-10,15.172625541687012,15.181767141136898,14.733810168703991,14.791710065118018,83950000
2002-09-11,14.803892135620117,15.571816324174431,14.788654594311476,15.306699612353032,77443200
2002-09-12,14.368139266967773,14.718580979294824,14.3285237125439,14.672871797232522,63726800
2002-09-13,14.599725723266602,14.706381572609205,14.27670903853224,14.291946584833962,59549200
2002-09-16,14.560115814208984,14.666772867173197,14.337661269402968,14.505263881247279,50166200
2002-09-17,14.410795211791992,14.901414552825214,14.386416062255563,14.831325079138898,73343400
2002-09-18,14.550976753234863,14.700296188468716,14.218818284515935,14.237102652849332,83951800
2002-09-19,14.383373260498047,14.57230707224092,14.197486262065894,14.224912231711,77777600
2002-09-20,14.462594985961914,14.627150710445182,14.413837863425558,14.538778062578817,130619200
2002-09-23,13.78304386138916,14.234047593689233,13.655056834131495,14.200526849656518,89783800
2002-09-24,13.907991409301758,14.16396676123514,13.600212089250343,13.661158823036818,104142200
2002-09-25,14.173108100891113,14.310237958745171,13.728198928708824,14.139588502271,107116600
2002-09-26,14.078636169433594,14.474788030404952,14.002453074536724,14.355942588359722,100852200
2002-09-27,13.78914737701416,14.352902108658517,13.770863006204591,14.029886361592784,81011600
2002-09-30,13.329001426696777,13.72515348477992,13.13701960654375,13.673348349993454,115577000
2002-10-01,14.087784767150879,14.09387955726572,13.161397594017474,13.505745679500668,110636600
2002-10-02,13.89885139465332,14.264530676704915,13.761721518576175,14.04816968891102,103488600
2002-10-03,13.652013778686523,14.197485153213362,13.591067055072775,13.80438000648986,105221400
2002-10-04,13.338142395019531,13.886660692569185,13.313763235702423,13.83180874656799,107120400
2002-10-07,13.423460960388184,13.731241311816472,13.313757118788468,13.350325840962881,89790000
2002-10-08,13.709911346435547,14.01159577495463,13.447841293403217,13.63677505810439,115667600
2002-10-09,13.405182838439941,13.850091997897673,13.350330896867103,13.478317985562256,123142600
2002-10-10,14.133487701416016,14.206622819523735,13.179675054092948,13.408224332487624,118515000
2002-10-11,14.892268180847168,14.901410940938172,14.325465878590057,14.432122888267063,108828800
2002-10-14,15.02026081085205,15.032450386277768,14.57839858259585,14.70333882455473,76216200
2002-10-15,15.934454917907715,15.95883290151549,15.434694048100782,15.620579805802791,133374200
2002-10-16,15.361563682556152,15.6205858156609,15.321948136182469,15.355468893693885,95437400
2002-10-17,15.471261978149414,15.998448818777538,15.25185430807558,15.931407327930156,182602400
2002-10-18,16.196531295776367,16.21176768683125,15.584018378195678,16.028927506786246,152817200
2002-10-21,16.001502990722656,16.147775613024,15.651061314794225,15.836948324942545,112378600
2002-10-22,15.745523452758789,15.824754532279993,15.550494891571082,15.672388323544359,87159000
2002-10-23,16.211759567260742,16.230042762384716,15.672383224334151,15.672383224334151,110866600
2002-10-24,15.611442565917969,16.263569793345575,15.51088146645937,16.260522980467066,95833400
2002-10-25,16.053308486938477,16.089876062118616,15.59011493896178,15.617540910962447,75425800
2002-10-28,15.830846786499023,16.30318172549292,15.69676380029516,16.272708953607534,79906600
2002-10-29,15.867422103881836,15.995410365798168,15.49564806029428,15.89180126328011,90517200
2002-10-30,16.184341430664062,16.269666149026552,15.733337521164755,15.907034933523876,94451200
2002-10-31,16.294050216674805,16.476889286135535,16.10511519410794,16.20872431012567,105973800
2002-11-01,16.150819778442383,16.223956077601645,15.815614549912356,15.977122375708927,105097800
2002-11-04,17.095489501953125,17.445932274638082,16.918745290375902,17.293566053898886,139964200
2002-11-05,17.272239685058594,17.308807262728056,16.937034371086792,16.997979946381783,76658200
2002-11-06,17.378889083862305,17.400220259704728,16.921790465875716,17.366700670853707,115407000
2002-11-07,17.068065643310547,17.253952641559877,16.912652590449227,17.125965558316693,73699600
2002-11-08,16.790761947631836,17.232624348877376,16.763335973417632,17.065021689773854,64522200
2002-11-11,16.412887573242188,16.79075510570557,16.40069799801127,16.78161350551332,58341200
2002-11-12,16.610971450805664,16.891326012455586,16.425085564368317,16.486031146826477,81398600
2002-11-13,16.869998931884766,17.043696441582068,16.48908313650248,16.528698704711807,107370200
2002-11-14,17.366701126098633,17.369747938815177,17.025399978749327,17.06196870611942,78337000
2002-11-15,17.275279998779297,17.345368313966727,16.964452799385988,17.247854035231008,77533600
2002-11-18,17.019306182861328,17.378890552392907,16.985786591177874,17.35451256185385,58086400
2002-11-19,16.717620849609375,17.00406890767792,16.550018250074995,16.927885802211204,76403400
2002-11-20,17.253938674926758,17.33926449048192,16.738941620599253,16.763319594714144,76435400
2002-11-21,17.6257266998291,17.674483850158637,17.302709852357065,17.363656580884527,82922200
2002-11-22,17.741525650024414,17.76590364434592,17.38498803806722,17.506881497061276,70002000
2002-11-25,17.744569778442383,17.86951003189847,17.5434464152579,17.692765821808834,61583000
2002-11-26,17.339269638061523,17.750657808993488,17.30270092234106,17.56477090602992,68650400
2002-11-27,17.69886589050293,17.86037375932483,17.491647677221604,17.552593253217708,55191800
2002-11-29,17.57697105407715,17.866467167516657,17.57697105407715,17.80552043377219,28393000
2002-12-02,17.58001136779785,17.96702164715427,17.3727932471588,17.872555349116524,63735000
2002-12-03,17.28137969970703,17.476408312626262,17.189960182708923,17.455077130742108,58457400
2002-12-04,17.229572296142578,17.50383079242973,17.010164569143257,17.104632043259517,83892000
2002-12-05,16.8638973236084,17.397179221601576,16.851707744091893,17.354516855756085,68435800
2002-12-06,16.903507232666016,16.985785123241005,16.5225917184088,16.720667088345415,71670200
2002-12-09,16.31233024597168,16.827328911568124,16.306235456516205,16.76028739002013,63862800
2002-12-10,16.458599090576172,16.601823713868747,16.297091264284234,16.321470418232774,63730200
2002-12-11,16.656673431396484,16.763329309574246,16.32756303411804,16.409839761591233,69186200
2002-12-12,16.507354736328125,16.778567568286938,16.361083313311674,16.760283204486655,55242000
2002-12-13,15.998455047607422,16.379370643979026,15.995408234319795,16.35803946357919,65245400
2002-12-16,16.601825714111328,16.62315689515533,16.050259495422512,16.150821773883255,60140400
2002-12-17,16.565258026123047,16.757239816647065,16.38851262731569,16.583541231198172,49549800
2002-12-18,16.31233024597168,16.5774483562048,16.086828848430255,16.406797738838193,62709400
2002-12-19,16.184341430664062,16.68410248815081,16.114253103086003,16.227003789845305,82686600
2002-12-20,16.163009643554688,16.370227805328113,16.135583676188734,16.300139480384463,98294600
2002-12-23,16.455547332763672,16.54087202101989,16.120342203932793,16.166051360157898,48798400
2002-12-24,16.40069580078125,16.525636024004985,16.309276323720763,16.31537111051969,18386000
2002-12-26,16.26966094970703,16.665812795813885,16.202619456725568,16.46468947933122,37228000
2002-12-27,16.14168357849121,16.45555773364498,16.120352392944593,16.236149925208405,40891600
2002-12-30,16.074636459350586,16.223955868750117,15.928365025377056,16.15386638349632,48019600
2002-12-31,15.754668235778809,16.147773383710508,15.620585210924052,16.071590269574692,58208800
2003-01-02,16.370235443115234,16.379377049015023,15.75772227365208,15.937514551944423,67025200
2003-01-03,16.391555786132812,16.394602598595906,16.114249353518083,16.330609074714467,55546800
2003-01-06,16.69019317626953,16.830369796985032,16.39460238533578,16.461643883270067,59456200
2003-01-07,17.004072189331055,17.06806573128248,16.662772136461278,16.73590728084515,80517400
2003-01-08,16.52869415283203,16.92789305248009,16.489078595532533,16.87304110005384,64566000
2003-01-09,17.00711441040039,17.04063399546468,16.617056176642926,16.674956072355847,61808000
2003-01-10,17.04063606262207,17.15643470563339,16.72981002276638,16.79075557570316,67730200
2003-01-13,17.183856964111328,17.293560795681323,16.994923233330596,17.22347249494753,60817800
2003-01-14,17.360607147216797,17.36974874825436,17.122915058082324,17.165578575335577,54206400
2003-01-15,17.147293090820312,17.467261893318,17.122913939696495,17.36974761374655,59622600
2003-01-16,16.866939544677734,17.263092633862506,16.793804412416705,17.162530373926135,81371000
2003-01-17,15.681532859802246,16.150821149553778,15.635823686101546,16.132536782596215,155876000
2003-01-21,15.641914367675781,15.891794838168979,15.629724792904934,15.806468977234884,86159200
2003-01-22,15.54135513305664,15.967981033066549,15.513929165735119,15.721147327172838,86948000
2003-01-23,15.931413650512695,16.01064474613286,15.681533110410003,15.83085253679437,71374800
2003-01-24,15.190916061401367,15.861327855740372,15.145206879661963,15.855233065682649,103027000
2003-01-27,14.983695030212402,15.419462556423074,14.75209886390384,15.029405365814073,114838600
2003-01-28,14.877041816711426,15.145206764907627,14.797811871486042,15.14215878867069,86151200
2003-01-29,15.209190368652344,15.248805896585374,14.605820501696147,14.849606130396392,106884000
2003-01-30,14.700292587280273,15.28842509381629,14.6850550361708,15.285378281071559,87877400
2003-01-31,14.462594985961914,14.733806552724246,14.331560001183924,14.459548174380297,106858400
2003-02-03,14.797808647155762,14.962363291762866,14.462602244333862,14.605826872241716,80129800
2003-02-04,14.419936180114746,14.608869930900369,14.285854350922012,14.566207583541852,81854800
2003-02-05,14.310239791870117,14.78866978642108,14.240151447202527,14.575357938503366,101072000
2003-02-06,14.45041275024414,14.511359474968637,14.188343810114354,14.279763315970056,83312000
2003-02-07,14.194435119628906,14.611918163599816,14.142630009449327,14.590586989544049,75208000
2003-02-10,14.438224792480469,14.480887152399967,14.182249470501349,14.261479401428687,74081400
2003-02-11,14.151777267456055,14.526598113182573,14.017695382285822,14.4138474105971,84292000
2003-02-12,14.151777267456055,14.352900676442534,14.096925322963171,14.185298029364178,71315200
2003-02-13,14.319381713867188,14.358996104736624,14.05731155907028,14.142636293204225,73558200
2003-02-14,14.718578338623047,14.779525066233967,14.252338022954481,14.3986094717434,90446400
2003-02-18,15.212244033813477,15.230528400126508,14.870943999871558,15.005027027909598,57415500
2003-02-19,14.998247146606445,15.212244842035012,14.778133898508518,15.175559689418682,46902700
2003-02-20,14.759791374206543,15.206132276077597,14.735334993476636,15.144989574952794,50897200
2003-02-21,15.05938720703125,15.16332943445176,14.490763315354195,14.85150391839009,56853200
2003-02-24,14.716991424560547,14.979904215755603,14.576364032219002,14.943219062579546,62403700
2003-02-25,14.790367126464844,14.839281066753344,14.295112169068393,14.392941215845722,68113000
2003-02-26,14.4357328414917,14.961557119324906,14.417389686630196,14.716987552169963,57096000
2003-02-27,14.417387962341309,14.802584838766657,14.246188702708073,14.613043592665266,75434300
2003-02-28,14.490762710571289,14.716989147386052,14.399048092522252,14.515219086837835,56585400
2003-03-03,14.392939567565918,14.747565885595824,14.307339307213738,14.68642317568718,50653500
2003-03-04,14.10556697845459,14.466307627770421,14.099452591798388,14.417393700720817,56605700
2003-03-05,14.331795692443848,14.399051618295097,14.093339259807301,14.105568034034837,55415900
2003-03-06,14.227851867675781,14.368479257112721,14.142251623766365,14.166709169511904,54607600
2003-03-07,14.405167579650879,14.545796166235672,14.001627315642848,14.032199254552683,66167600
2003-03-10,14.032200813293457,14.344026461410772,13.99551448252642,14.252312966893895,48413600
2003-03-11,13.940479278564453,14.22173517809011,13.916022902979488,14.09944980156595,53990700
2003-03-12,14.30122184753418,14.331793779021393,13.787625060548434,13.946595605682111,72379500
2003-03-13,15.083847999572754,15.126647543694345,14.331795868350223,14.502994044836587,80701300
2003-03-14,15.2000150680542,15.261156591630437,14.83316009559774,15.089958459697282,75451400
2003-03-17,15.854243278503418,15.866472052870359,14.875963486950312,14.992134511036022,100983800
2003-03-18,15.921504020690918,15.921504020690916,15.591334034305904,15.82978935811705,78108800
2003-03-19,16.092700958251953,16.15995806114474,15.738074611890486,15.884816427674512,73652100
2003-03-20,16.049894332885742,16.214979240197657,15.695268142845212,15.909266967190309,71798500
2003-03-21,16.24555206298828,16.386179446532875,15.915383372657503,16.355608681831846,85586800
2003-03-24,15.462929725646973,15.854241122575974,15.395672641974818,15.621899105999415,61105200
2003-03-25,15.585214614868164,15.74418516816058,15.303959827950811,15.65247170139188,63595100
2003-03-26,15.438468933105469,15.664696515748151,15.43235454803948,15.56686752089207,51673600
2003-03-27,15.310070991516113,15.444583970046136,15.034929482932252,15.248928304475283,60043300
2003-03-28,15.083847999572754,15.346760817691226,15.041048455451163,15.083847999572754,39584600
2003-03-31,14.802589416503906,15.108301724977263,14.68030519283451,14.827046960957732,71384000
2003-04-01,14.888188362121582,15.102187192696599,14.827045672500178,14.955444271125304,49803200
2003-04-02,15.725846290588379,15.897045663722118,15.346763547064109,15.346763547064109,68282500
2003-04-03,15.73196029663086,15.952073604426177,15.6524755833716,15.890930889349667,57394300
2003-04-04,15.34064769744873,15.774758727905729,15.242819826748557,15.750302343330791,55740600
2003-04-07,15.38956069946289,16.159956009154495,15.38956069946289,16.037670595095456,65627100
2003-04-08,15.640244483947754,15.79310066583395,15.407903600608785,15.475159527622631,54132100
2003-04-09,15.022706031799316,15.69527349500396,15.004364035532026,15.65858833626921,76875800
2003-04-10,15.034927368164062,15.15721272504543,14.845386114577577,15.10829764933321,51608900
2003-04-11,14.796480178833008,15.395676184817097,14.64362398345746,15.218362438405357,71565500
2003-04-14,15.138874053955078,15.212244356847625,14.674191192902505,14.839276123710643,51599600
2003-04-15,15.041040420532227,15.157211382660993,14.735328221603522,15.08995432571284,63399000
2003-04-16,15.236699104309082,15.738067024750919,15.041043444253706,15.652467965026622,86178700
2003-04-17,15.59133243560791,15.615789987439891,15.126649446602624,15.14499261047661,58356600
2003-04-21,15.414021492004395,15.658592390086241,15.334536766468124,15.658592390086241,41557800
2003-04-22,15.7503023147583,15.774758699288872,15.303962509723428,15.322304506571307,58844000
2003-04-23,15.725846290588379,15.890931275445878,15.57299008228336,15.744189455417098,55559300
2003-04-24,15.585214614868164,15.72584200832684,15.481272374876967,15.579100228256916,51703600
2003-04-25,15.420126914978027,15.676925275687088,15.389556153593531,15.48738398946367,53657400
2003-04-28,15.738070487976074,15.860355885519935,15.481272086093947,15.524071625374305,56287600
2003-04-29,15.77475357055664,16.049895095822095,15.701383274619072,15.866468189778344,65877300
2003-04-30,15.634134292602539,15.823675682474331,15.438478513870312,15.731962181968653,55566800
2003-05-01,15.725846290588379,15.86647488854124,15.49350536709289,15.615790800217034,42085800
2003-05-02,15.958183288574219,16.07435429635593,15.62801342420512,15.683041734933303,52695400
2003-05-05,15.811443328857422,16.1354976778686,15.799214554804148,16.04989859189585,50391500
2003-05-06,16.123262405395508,16.202747066556483,15.786978275992544,15.811435812472553,54299500
2003-05-07,15.890921592712402,16.111034771735305,15.799208156852732,15.964293041119907,49120000
2003-05-08,15.738070487976074,15.982640116863818,15.7197273284845,15.744184874473264,46401400
2003-05-09,16.117155075073242,16.20275415781732,15.829784726660911,15.835899113456922,58913600
2003-05-12,16.019325256347656,16.184409014816815,15.933725017889687,15.988753326112704,53900800
2003-05-13,15.890921592712402,16.01932133587563,15.829778913406086,15.921493515465366,44501900
2003-05-14,15.664698600769043,16.007096046640537,15.61578467993026,15.945953354042091,45021000
2003-05-15,15.768640518188477,15.903153506299564,15.634126363877547,15.805325666546073,45450200
2003-05-16,15.634134292602539,15.927617960700882,15.536306403236425,15.823675682474331,60620900
2003-05-19,15.138874053955078,15.615785687556388,15.12664528140634,15.530185445915164,55336300
2003-05-20,15.05938720703125,15.285614819487606,14.979902523097854,15.20001574968243,52677600
2003-05-21,14.692534446716309,15.108302220261969,14.60693420452166,15.059388295950718,108960900
2003-05-22,14.772014617919922,14.83927168060022,14.698644336995587,14.796472155694426,93157100
2003-05-23,14.808698654174805,15.00435544318297,14.69252885700685,14.796471052398891,76968000
2003-05-27,15.157214164733887,15.218355682782427,14.808701214378816,14.8270443695132,68486800
2003-05-28,14.924880027770996,15.206136056386509,14.857622923193311,15.151107728313914,91467000
2003-05-29,14.918761253356934,15.083846189039239,14.814819016023629,14.961560792341242,75451300
2003-05-30,15.047162055969238,15.23058899724361,14.986019353477765,15.120532365998967,85096700
2003-06-02,15.06550121307373,15.303957591261714,15.022701679250199,15.273385662673597,66310800
2003-06-03,15.212244033813477,15.23670157839159,15.022702728132737,15.132759346334428,61058200
2003-06-04,15.206130027770996,15.420127700767088,15.126644178201145,15.279500325312554,83484600
2003-06-05,14.729218482971191,14.992131243559031,14.68030456236414,14.961559314304713,115877900
2003-06-06,14.472420692443848,15.016588226938726,14.460191920248482,14.943217926166334,119629400
2003-06-09,14.521334648132324,14.661962030099943,14.429621188857785,14.502991489797454,73610000
2003-06-10,15.089961051940918,15.132760592276567,14.582478622161057,14.63750693579261,80655300
2003-06-11,15.212244033813477,15.261157956769793,14.930989268364632,15.083845423378111,75768600
2003-06-12,15.279500961303711,15.37121442014805,15.126644807829843,15.267272189137824,66177700
2003-06-13,15.071616172790527,15.438471166420698,14.973788329982465,15.407900402868131,55157500
2003-06-16,15.52407455444336,15.542417717395905,15.083849139384068,15.163333846444697,69658600
2003-06-17,15.872573852539062,15.982630410248692,15.60966239003184,15.676918268254957,122213900
2003-06-18,15.939833641052246,16.15994679436465,15.719720487739842,15.884805352724145,89957700
2003-06-19,15.939833641052246,16.135489259019064,15.903148504233338,15.952062408725041,63626900
2003-06-20,16.098804473876953,16.12937522752728,15.90314885163606,16.10491885784692,86048900
2003-06-23,15.762526512145996,16.04378126666271,15.585212819446435,15.982638573793897,52584500
2003-06-24,15.713616371154785,15.921500877197468,15.603559730755702,15.683044434266069,51820300
2003-06-25,15.444588661193848,15.890928429623811,15.371217181219007,15.676929543080643,60483500
2003-06-26,15.744186401367188,16.20886932441951,15.414016495698393,15.524073130921323,51758100
2003-06-27,15.670807838439941,16.104919795999617,15.609666327577637,15.866464638277842,76040300
2003-06-30,15.676932334899902,15.970417140864262,15.591333231518803,15.860360484402667,48073100
2003-07-01,15.988758087158203,16.0193300264967,15.52407510501522,15.646360529968725,60926000
2003-07-02,16.435091018676758,16.46566294520428,16.172179447738568,16.202750208066337,94069300
2003-07-03,16.202754974365234,16.477896563051477,16.147726656627988,16.318925996943882,39440900
2003-07-07,16.765262603759766,16.844747288750877,16.477893461161287,16.520692996633414,88960800
2003-07-08,16.936458587646484,16.99760010277762,16.66131710475778,16.667431489510825,61896800
2003-07-09,16.79583168029785,16.93646021069521,16.661318701439246,16.850859982149043,62300700
2003-07-10,16.453433990478516,16.765260640371388,16.25777832769077,16.66131842374043,55350800
2003-07-11,16.698007583618164,16.783607831318232,16.441209172917993,16.47789549316089,50377300
2003-07-14,16.753036499023438,17.003720532013126,16.5390376213932,16.89366389973471,60464400
2003-07-15,16.67354965209961,16.832520193098787,16.569607420146294,16.79583387626827,53567600
2003-07-16,16.82640838623047,16.887551090787138,16.6307526646092,16.850864768333082,49838900
2003-07-17,16.31892967224121,16.673556040749023,16.227216177423742,16.59407015669362,72805000
2003-07-18,16.441198348999023,16.649082695383182,16.355599323852342,16.5757124356001,63388400
2003-07-21,15.921504020690918,16.453442999377376,15.897046466351117,16.428986611237956,48480800
2003-07-22,16.12938117980957,16.23943779948453,15.97652502274989,16.068239649945642,51791000
2003-07-23,16.172183990478516,16.294468232338794,15.982641491364946,16.153840829409436,49828200
2003-07-24,15.8970365524292,16.459547123240064,15.884807782885568,16.37394806883395,53556600
2003-07-25,16.441198348999023,16.47788464508982,15.93983063108403,16.068230335003303,54173000
2003-07-28,16.27000617980957,16.50846135959764,16.196634727305725,16.471776216445555,52658300
2003-07-29,16.184406280517578,16.447319005120498,16.04377892379499,16.435090235092524,62391100
2003-07-30,16.037670135498047,16.245554633720907,16.00098497881169,16.178297541295834,41240300
2003-07-31,16.147727966308594,16.50235428371097,16.086585256508144,16.26389899830943,64504800
2003-08-01,16.00098419189453,16.208868679893776,15.970413423859368,16.098812049047112,42649700
2003-08-04,16.00709342956543,16.147720783210126,15.74418071071685,15.988750274924946,51825600
2003-08-05,15.689165115356445,16.227219758437137,15.652479942573867,16.086591124736124,58825800
2003-08-06,15.683045387268066,16.013215328528553,15.548532355384285,15.615789454426286,56294900
2003-08-07,15.719734191894531,15.780876917362054,15.560764738359659,15.725848581061332,44258500
2003-08-08,15.640244483947754,15.884814141725647,15.591330552392174,15.823671435731143,33241400
2003-08-11,15.658586502075195,15.890927368446544,15.615786960864687,15.658586502075197,36433900
2003-08-12,15.73196029663086,15.75641784914158,15.560762093856981,15.719731520375499,38208400
2003-08-13,15.652471542358398,15.82978408748301,15.591328843067156,15.768642554391759,39636900
2003-08-14,15.670807838439941,15.719721746849526,15.603551943251494,15.689150991418373,37338300
2003-08-15,15.6157865524292,15.689156859385324,15.54852946588608,15.658586092520272,27607900
2003-08-18,15.713616371154785,15.793101074665154,15.566873406489242,15.628016114066527,45817400
2003-08-19,16.2761287689209,16.294470766642654,15.756417453132991,15.80533139072478,72952900
2003-08-20,16.172183990478516,16.221097920462643,15.897042405442743,16.080469351333203,56739300
2003-08-21,16.043781280517578,16.343379193013615,15.97652420168382,16.2944652719163,63802700
2003-08-22,16.03155517578125,16.47789609202456,16.025440788851885,16.373953846625444,65846300
2003-08-25,16.202754974365234,16.227212522781834,16.03767002115349,16.08658395178659,36132900
2003-08-26,16.24555206298828,16.306694758590254,15.872582669396179,16.08658152090312,47546000
2003-08-27,16.153841018676758,16.251668879791218,16.080469539740864,16.208869336328654,30633900
2003-08-28,16.208871841430664,16.251671391507955,16.04378686296088,16.202757453391012,46211200
2003-08-29,16.21498680114746,16.233328799712808,16.111044533209324,16.17830047161613,34503000
2003-09-02,16.66743278503418,16.691889159747646,16.184406847796044,16.32503537564749,74168900
2003-09-03,17.303314208984375,17.36445689690795,16.740803579247086,16.765261120896426,109437800
2003-09-04,17.382793426513672,17.407249792640034,17.113766401927716,17.181023449624035,59840800
2003-09-05,17.35222625732422,17.57845382841779,17.223827676092476,17.260512818415883,64024500
2003-09-08,17.633485794067383,17.682399716076173,17.32777348996247,17.358344253893005,46105300
2003-09-09,17.34610939025879,17.553992597165863,17.309423089452185,17.517307462558662,44315200
2003-09-10,16.844743728637695,17.229941798875515,16.80194420221119,17.138228361361627,54763500
2003-09-11,17.022062301635742,17.18714723656151,16.869206139563726,16.912005678351896,37813300
2003-09-12,17.327775955200195,17.364461110376045,16.783608349658216,16.801950344146114,55777200
2003-09-15,17.339996337890625,17.49285243772055,17.321653186079217,17.346110721827763,41432300
2003-09-16,17.670166015625,17.70073793722859,17.315539888420332,17.370568181107224,52060600
2003-09-17,17.425600051879883,17.70074157181054,17.40725689515124,17.58457057826206,47221600
2003-09-18,18.03702163696289,18.043136021529545,17.376683264359354,17.41948279012631,67268100
2003-09-19,18.318279266357422,18.324393651904245,18.049253299495955,18.195995054020337,92433800
2003-09-22,17.77410888671875,18.342733821786055,17.615138386985983,17.969764527559196,65678700
2003-09-23,18.098173141479492,18.165429072108854,17.65794656761366,17.804689536369057,57827800
2003-09-24,17.401147842407227,18.159315559412043,17.37669145880716,18.104287238561692,66336500
2003-09-25,17.266626358032227,17.70685154296464,17.254397589123094,17.407253701888465,56224500
2003-09-26,17.236061096191406,17.596801730604703,17.20548916417335,17.28497502122033,49864700
2003-09-29,17.62737274169922,17.676286667408757,17.181033023824693,17.370574340174155,47380300
2003-09-30,16.99760627746582,17.492861126575775,16.967035508794865,17.480632352627364,63333700
2003-10-01,17.437833786010742,17.505089714091195,17.003721616145327,17.138235804706508,58375900
2003-10-02,17.425600051879883,17.578456192685845,17.236058763816434,17.39502929019861,38143600
2003-10-03,17.780229568481445,18.012570432717574,17.688516100130343,17.82914349601537,57303000
2003-10-06,17.847488403320312,17.91474433138837,17.67628905709225,17.823030854059102,34047600
2003-10-07,17.81691551208496,17.957544080401544,17.682402496956136,17.73743081364522,52356800
2003-10-08,17.621261596679688,17.951431530604523,17.535662502491853,17.951431530604523,46989100
2003-10-09,17.694631576538086,17.945315616362358,17.609031323432173,17.86582975034973,62653300
2003-10-10,17.67628288269043,17.853596554297365,17.529541136981102,17.67628288269043,37604700
2003-10-13,17.5968017578125,17.79245745823071,17.42560243684658,17.7190859874739,39320300
2003-10-14,17.535659790039062,17.59068810384797,17.413374389085924,17.523431016703746,34851300
2003-10-15,17.873825073242188,17.990647788936027,17.646329502027157,17.95375683709563,57242100
2003-10-16,17.97220230102539,18.021390629298686,17.70781459677808,17.775448987932208,42232500
2003-10-17,17.78775405883789,18.00910221820239,17.70782225784837,18.00295352791529,49960000
2003-10-20,18.04599380493164,18.058291185926798,17.70782286402154,17.80005204874244,38794500
2003-10-21,18.04599380493164,18.09518215616948,17.9353197214608,18.04599380493164,44166800
2003-10-22,17.763154983520508,17.95990833395078,17.707817957119182,17.849235453890607,48798500
2003-10-23,17.775449752807617,17.879975101478866,17.277417761017457,17.658627028353326,67357900
2003-10-24,16.361286163330078,16.847020832442812,16.244463426103497,16.767090226598793,210558300
2003-10-27,16.54573631286621,16.66255900902551,16.4903993079877,16.54573631286621,65619100
2003-10-28,16.72405242919922,16.73634863494436,16.52729789162368,16.65641802025942,71752600
2003-10-29,16.44120979309082,16.754785740336235,16.392021478194003,16.699448739484577,73551500
2003-10-30,16.06000518798828,16.625671555656897,15.930885091902113,16.60722549257537,98729400
2003-10-31,16.07229995727539,16.256757053413644,16.05385506858108,16.213717416137367,69623700
2003-11-03,16.40432357788086,16.44736321922699,16.16453062024255,16.20142157386177,57772300
2003-11-04,16.02926254272461,16.3674333461667,15.992371587478274,16.34898728217237,84026100
2003-11-05,16.047704696655273,16.18297228142843,15.986219004397645,16.07844695641307,61514400
2003-11-06,16.127639770507812,16.17067941526086,15.986223459821407,16.146085835148703,68189800
2003-11-07,16.047704696655273,16.287497606443786,16.004665063897544,16.21986322768619,57822100
2003-11-10,15.986223220825195,16.12763952939741,15.986223220825197,16.06000630554333,54579100
2003-11-11,15.863261222839355,16.03542107424167,15.783330575282275,15.99238140457685,64990700
2003-11-12,15.973926544189453,16.072303212960655,15.740282249043448,15.893995940591251,75877300
2003-11-13,15.795619010925293,15.94318401164478,15.64805401020581,15.90014436636106,78949500
2003-11-14,15.678801536560059,15.998526398371704,15.641910567194952,15.801772998100775,83146400
2003-11-17,15.463604927062988,15.641913462022062,15.273000181868417,15.611170004575849,103900200
2003-11-18,15.463604927062988,15.88785525787683,15.445160025338248,15.57427902838338,106868300
2003-11-19,15.586566925048828,15.703389646757694,15.475892891086986,15.549675971308973,78853300
2003-11-20,15.432852745056152,15.758724975798694,15.420555369964145,15.475892385135943,106845700
2003-11-21,15.439002990722656,15.605012880249705,15.420556926223048,15.57427061215938,70712900
2003-11-24,15.820215225219727,15.869403566982168,15.543531242584468,15.574273516407528,99463800
2003-11-25,15.617307662963867,15.95547841950805,15.60501028867306,15.90629009508699,85663800
2003-11-26,15.648058891296387,15.758731796801356,15.568127091342928,15.7464355891293,69758400
2003-11-28,15.807921409606934,15.832516172402956,15.617316688909106,15.678802423156325,33402600
2003-12-01,15.88784408569336,16.115339647107646,15.678793413033539,15.924735035944455,101914600
2003-12-02,15.777175903320312,16.04156368561112,15.746433628853168,15.955484378909034,85121700
2003-12-03,15.783320426940918,16.02926207599248,15.75257816058783,15.875548398742469,93121600
2003-12-04,16.109195709228516,16.127640602078095,15.777173565026997,15.81406452346858,87202400
2003-12-05,15.973926544189453,16.281353927285057,15.937035586585852,15.961629167407454,96610900
2003-12-08,16.1337833404541,16.195269030342374,15.869395694853921,16.060001450781765,90504000
2003-12-09,16.219873428344727,16.361290961297197,16.139942799060957,16.256765570545948,103547100
2003-12-10,16.34898567199707,16.37357924882502,16.219865582238167,16.26290639398594,82853700
2003-12-11,16.361286163330078,16.459662834865377,16.15838413169572,16.348988786202558,79309000
2003-12-12,16.385881423950195,16.48425810556643,16.293653431527794,16.410476180725528,69154100
2003-12-15,16.44120979309082,16.66255779649745,16.404318850103692,16.631814366723233,88860600
2003-12-16,16.637968063354492,16.699453768677976,16.459660807932902,16.496551762030077,73978000
2003-12-17,16.62567901611328,16.65027260518229,16.50885624299281,16.62567901611328,53712300
2003-12-18,16.847017288208008,16.877760724559078,16.63181792471925,16.66256136107032,61177800
2003-12-19,16.822423934936523,16.939245476393104,16.717898595441234,16.902354525024826,76856400
2003-12-22,16.711759567260742,16.865473321672276,16.582639403728756,16.699462185449526,43894800
2003-12-23,16.693313598632812,16.810136381082017,16.607234270903337,16.705610980520703,39609000
2003-12-24,16.62567901611328,16.699460956063103,16.60108425430148,16.687163575157204,19924200
2003-12-26,16.730207443237305,16.754802211234697,16.601088429480253,16.63183071673391,12076900
2003-12-29,16.883914947509766,16.926955775502513,16.699458947082867,16.730201222906466,40426700
2003-12-30,16.92080307006836,16.939247962088036,16.847019983762543,16.853168672016558,34406600
2003-12-31,16.828571319580078,16.939244165117675,16.74249087606136,16.85931358121684,42198900
2004-01-02,16.877763748168945,17.074517085094936,16.803980660450502,16.957694351516732,44487700
2004-01-05,17.30200958251953,17.32660433158759,17.04377058101586,17.049919268282874,67333700
2004-01-06,17.36349105834961,17.38808580143439,17.258965745723103,17.332748802235535,46950800
2004-01-07,17.345056533813477,17.406542259665557,17.22208625485199,17.32046294711825,54298200
2004-01-08,17.314313888549805,17.511067268892447,17.215937198378484,17.45573023407825,58810800
2004-01-09,17.006885528564453,17.252827240832765,16.963845875510323,17.234382345376762,67079900
2004-01-12,16.9515438079834,17.049920465680138,16.816276196835943,17.013029512229426,55845200
2004-01-13,16.86547088623047,16.99458985837428,16.7609455014148,16.939252820957588,51555900
2004-01-14,17.031478881835938,17.049923775771074,16.89006138279244,16.920804827255154,43907000
2004-01-15,16.933101654052734,17.043774532289834,16.859318562485548,16.93924917000275,58504100
2004-01-16,17.099117279052734,17.14215694155841,16.926958629030025,17.03763154429769,63983400
2004-01-20,17.27741813659668,17.338903844106174,17.172892785653243,17.203635053036827,63068500
2004-01-21,17.400394439697266,17.400394439697266,17.123710418644766,17.29586905234604,53570600
2004-01-22,17.222084045410156,17.4864718117356,17.17904439465811,17.437283471912906,78425200
2004-01-23,17.511062622070312,17.68322237055629,17.35120024977812,17.388092378359477,127259100
2004-01-26,17.707820892333984,17.726266961772833,17.41269081776837,17.517216199103192,58299600
2004-01-27,17.369646072387695,17.658627372466732,17.351200008353675,17.609439041118335,63196200
2004-01-28,17.03763198852539,17.486477043020106,16.89006692491148,17.400396543021497,71336000
2004-01-29,17.160594940185547,17.185189691613502,16.951544244017125,17.09910923435796,63748400
2004-01-30,17.000736236572266,17.154449947884387,16.93925051749891,17.117558985537393,40528700
2004-02-02,16.847017288208008,17.09295891530565,16.74864063736895,16.976137375398135,62891800
2004-02-03,16.779394149780273,16.939255423834123,16.71175972193549,16.847027404882166,47993800
2004-02-04,16.607227325439453,16.86546637337019,16.607227325439453,16.736346263033624,60648000
2004-02-05,16.57648277282715,16.705602874511687,16.4965521748261,16.6379684796892,55527500
2004-02-06,16.65026092529297,16.71789530008821,16.558032978680714,16.619518667336205,47209600
2004-02-09,16.539592742919922,16.74249476599404,16.50885047414054,16.71790118551901,48108500
2004-02-10,16.613370895385742,16.693301474116872,16.49039951130797,16.52114294369843,37790600
2004-02-11,16.693313598632812,16.742501953441494,16.50885756128597,16.582639507127556,51515300
2004-02-12,16.57033920288086,16.693309473140932,16.558041824032074,16.65641850933717,44537000
2004-02-13,16.34898567199707,16.63796694299316,16.29364865820643,16.588778616595057,67541100
2004-02-17,16.59493064880371,16.662565051011587,16.348988967242043,16.428919573971168,43477000
2004-02-18,16.45966911315918,16.66871991309659,16.44122304043192,16.53959974949154,50334700
2004-02-19,16.26905059814453,16.58877524104446,16.25060571246236,16.55188429693815,61840600
2004-02-20,16.33669662475586,16.478112988643872,16.293656963811056,16.392033666754266,57821900
2004-02-23,16.361286163330078,16.453514146301618,16.281354384743626,16.435068080610336,50256800
2004-02-24,16.52729034423828,16.570331149290137,16.324388382819066,16.36128050143494,55426500
2004-02-25,16.416627883911133,16.594935212298232,16.361290843749643,16.53959817213674,64275700
2004-02-26,16.29366111755371,16.38588915348181,16.238324061448232,16.348998173659194,66602700
2004-02-27,16.312097549438477,16.367434572826383,16.201423502662667,16.275205418684934,58266500
2004-03-01,16.416627883911133,16.42892409181376,16.29365642294276,16.37358705165227,51912300
2004-03-02,16.226011276245117,16.4104683457659,16.20141770395421,16.36128002844209,66331000
2004-03-03,16.21372413635254,16.324397032616265,16.121494963685464,16.201426756964576,54998700
2004-03-04,16.21372413635254,16.2444664120798,16.115346273991484,16.189129377576613,44023200
2004-03-05,16.20142364501953,16.355137339616032,16.109195662810116,16.127640555606547,59849800
2004-03-08,15.881698608398438,16.201423369173696,15.869401231581913,16.176828615540646,69367800
2004-03-09,15.814064979553223,15.967778679025818,15.70339210103662,15.863253316474754,81111700
2004-03-10,15.598862648010254,15.863249156669623,15.586565273818987,15.771021195719412,75155800
2004-03-11,15.426701545715332,15.850951535374783,15.414404172625598,15.482038551877089,90536300
2004-03-12,15.60501766204834,15.68494945996421,15.51278965677386,15.605017662048338,64137100
2004-03-15,15.469749450683594,15.635760557937378,15.408263725099674,15.555828762855478,68835300
2004-03-16,15.482040405273438,15.598863118126975,15.43285207976808,15.53122873077879,65453800
2004-03-17,15.451302528381348,15.654204590689632,15.439006322137367,15.525085629558273,56241400
2004-03-18,15.303739547729492,15.389820039417996,15.113134838888458,15.346779207202362,123231000
2004-03-19,15.143874168395996,15.334480012858515,15.100834517305277,15.229954643319969,86281600
2004-03-22,15.06393814086914,15.272988804806694,14.762659518780811,15.05164076705114,127605200
2004-03-23,14.84874439239502,15.162320506612376,14.824150808222072,15.156171817383498,91696300
2004-03-24,15.008604049682617,15.11312940197516,14.86718774150516,14.99015798536899,97584700
2004-03-25,15.48819637298584,15.51893865109918,15.113134481740838,15.12543186208327,85677900
2004-03-26,15.389819145202637,15.684949226790627,15.371373075324875,15.43900749213397,61584900
2004-03-29,15.561967849731445,15.61730485133543,15.371363273507695,15.525076906242774,51881600
2004-03-30,15.494341850280762,15.574272460446837,15.389816484529742,15.500489366434502,59010400
2004-03-31,15.328330039978027,15.494341114060825,15.291439081095996,15.494341114060825,70533200
2004-04-01,15.420552253723145,15.43899831263351,15.27913598696968,15.340621677262229,69051900
2004-04-02,15.893994331359863,15.92473659745988,15.641903996564443,15.666497574896,98043800
2004-04-05,15.955483436584473,15.973928331078373,15.820214622335719,15.869402962223667,53800300
2004-04-06,15.863261222839355,15.924746967821829,15.777181883509723,15.844816320264746,48992000
2004-04-07,15.734131813049316,15.85095453401792,15.586566826282679,15.82635978318568,63268900
2004-04-08,15.666496276855469,15.893993014470192,15.592714375231687,15.875546952693156,45294600
2004-04-12,15.746431350708008,15.826361956404032,15.635757302250108,15.666499572269556,38786800
2004-04-13,15.648058891296387,15.844812286962215,15.623464130466786,15.789475247838357,56971500
2004-04-14,15.684944152832031,15.789469502840802,15.605012381961743,15.611161069931944,61079600
2004-04-15,15.506634712219238,15.820210741867708,15.43285280685621,15.697240508681915,73756900
2004-04-16,15.469749450683594,15.6173144884394,15.43900717426297,15.574274832353456,51768600
2004-04-19,15.697239875793457,15.740279514310306,15.408257435336576,15.420554809982017,44592100
2004-04-20,15.57426643371582,15.912435982950786,15.543524173873385,15.771019711288313,59902600
2004-04-21,15.648058891296387,15.672652479383244,15.494345154339616,15.592721852172529,49252000
2004-04-22,15.955483436584473,15.980077020157182,15.660352224514256,15.684946980829494,99207700
2004-04-23,16.933101654052734,17.043774532289834,16.81013022568824,16.84702118510061,258269000
2004-04-26,16.748638153076172,16.939242739212066,16.66255888954551,16.87775822111417,89391000
2004-04-27,16.736345291137695,16.828574438626145,16.681008271741554,16.69945433578771,80716800
2004-04-28,16.330547332763672,16.631826121023792,16.27521029280337,16.60723253256519,72842200
2004-04-29,16.28135108947754,16.564184842454175,16.176825750533897,16.299797151435428,77787300
2004-04-30,16.06615447998047,16.44736494996768,15.961629123108363,16.34898828146951,66172200
2004-05-03,16.20142364501953,16.30594900425485,16.103046974297165,16.103046974297165,65916200
2004-05-04,16.189125061035156,16.3182451646959,15.998520422313648,16.20142243714424,55496400
2004-05-05,16.170684814453125,16.355142004222927,16.13994253586287,16.18298219498633,51841700
2004-05-06,16.06000518798828,16.195272799026025,16.00466817148596,16.084598766021386,62693900
2004-05-07,15.850954055786133,16.219865925201322,15.832507993218481,16.004667725623207,68290200
2004-05-10,15.943190574645996,16.016972519006828,15.752585850180514,15.758733368258198,64621400
2004-05-11,15.949329376220703,16.053854709874223,15.857101416583397,16.041557335858013,57917200
2004-05-12,15.949329376220703,15.9862203255272,15.635753375260153,15.906289739906104,64145600
2004-05-13,16.047704696655273,16.103041702412938,15.857100106124458,15.87554499288232,63861500
2004-05-14,15.900154113769531,16.090758876620814,15.764885233961506,15.98623345710693,43775300
2004-05-17,15.703392028808594,15.85710572757418,15.629608937394433,15.66035120805057,55149600
2004-05-18,15.881698608398438,15.967777900629315,15.764875874126247,15.801768004575823,58158600
2004-05-19,15.752579689025879,16.15223505410513,15.752579689025879,16.004670050356285,60052800
2004-05-20,15.820215225219727,15.906295702860927,15.734135920321101,15.83251260384598,52089900
2004-05-21,15.918590545654297,16.109196379812147,15.850957314486404,15.967778883204796,57809300
2004-05-24,15.83866024017334,16.090750621539193,15.826362862364642,16.016967527429497,56250500
2004-05-25,16.047704696655273,16.103041702412938,15.740277408109167,15.807910614124724,66615000
2004-05-26,16.07229995727539,16.078448644420885,15.89399272102479,15.980071995577346,50306900
2004-05-27,16.103050231933594,16.103050231933594,15.937039126727257,16.084604162663116,49071900
2004-05-28,16.127639770507812,16.201422856329014,15.998520836248668,16.072302749327502,37393000
2004-06-01,16.053861618041992,16.152238307020067,15.906296584574886,16.066157824607274,48369500
2004-06-02,16.06615447998047,16.1583836328471,15.992372564978037,16.06000696434893,54020000
2004-06-03,15.918590545654297,16.066155558305795,15.900145652036905,16.016967220755298,45933100
2004-06-04,15.955483436584473,16.133790728899836,15.949334747505663,16.00467177647242,48815300
2004-06-07,16.2506160736084,16.2506160736084,15.967782194484192,15.998525644792647,65218600
2004-06-08,16.355131149291992,16.385873407478556,16.133783137574422,16.158377882317254,58447700
2004-06-09,16.27520751953125,16.385881580593153,16.232167867505524,16.232167867505524,50385500
2004-06-10,16.45966911315918,16.47196649497735,16.21987485867634,16.21987485867634,48109200
2004-06-14,16.539592742919922,16.539592742919922,16.312097139370774,16.324393343237098,67377500
2004-06-15,16.853160858154297,16.96998353533175,16.582624564121925,16.594921934928355,114183400
2004-06-16,16.79783058166504,16.90850461771064,16.693305233482228,16.810127957390616,67431100
2004-06-17,17.074520111083984,17.166748107520117,16.779390053391314,16.791686259571556,105427500
2004-06-18,17.431133270263672,17.52336125283537,17.03147789729135,17.074517544308648,134218700
2004-06-21,17.431133270263672,17.621737923944178,17.289716952137567,17.35120149202375,116881700
2004-06-22,17.394241333007812,17.43113228941215,17.099110163546033,17.308160871074545,98932000
2004-06-23,17.400394439697266,17.44958278828945,17.215938425662266,17.33890988351409,58558400
2004-06-24,17.455732345581055,17.615594779632602,17.437287446906936,17.511069387089005,65503800
2004-06-25,17.5664005279541,17.603291485653276,17.36964718990196,17.511063505034137,71136500
2004-06-28,17.388090133666992,17.67707140046126,17.320455746074686,17.584843436398593,77024100
2004-06-29,17.52336311340332,17.572551454180367,17.326609750295145,17.326609750295145,55371700
2004-06-30,17.56024932861328,17.707814311052122,17.455723986126326,17.56639801614101,83544400
2004-07-01,17.603286743164062,17.73240681943863,17.37579119710909,17.646327550416974,78441400
2004-07-02,17.5664005279541,17.634034927687924,17.4618751705211,17.597143969988746,36690100
2004-07-06,17.228233337402344,17.418838014292906,17.179044995858245,17.412689325007072,69158900
2004-07-07,17.27741813659668,17.4126857549237,16.939247331665644,17.013030415225497,66255700
2004-07-08,16.994585037231445,17.308161102721005,16.939248015513147,17.142150037566115,59125100
2004-07-09,17.12985610961914,17.215935411398522,16.994587295117217,17.08066776963913,50249300
2004-07-12,17.14829444885254,17.215928830248842,16.96383853762528,17.01302685880202,45757300
2004-07-13,16.96999168395996,17.18519108543938,16.96999168395996,17.160596332016638,43274100
2004-07-14,17.295862197875977,17.43727967018367,16.810127594621004,16.847018548259314,87656300
2004-07-15,17.13599967956543,17.338901667961608,17.092958868791058,17.24667253190156,46759700
2004-07-16,16.89620590209961,17.338902011175783,16.75478961069681,17.326604636425397,66406300
2004-07-19,17.185199737548828,17.375804481567915,16.97000022772445,16.982297610627096,60354500
2004-07-20,17.41267967224121,17.51105630079406,17.123698472459957,17.215926415135513,89010700
2004-07-21,17.744705200195312,18.378004725789516,17.71396176469812,18.378004725789516,201518000
2004-07-22,17.830781936645508,18.015237832410563,17.726256616314114,17.873821567474554,124640700
2004-07-23,17.234375,17.461870547109978,17.228226313221068,17.449573173552118,97372700
2004-07-26,17.62173843383789,17.652480704670523,17.33890578940178,17.437282463357164,72387600
2004-07-27,17.48647689819336,17.683230314715686,17.295870999787343,17.646339342303467,72968400
2004-07-28,17.572551727294922,17.701671856805557,17.388095739699807,17.424986702670317,62718800
2004-07-29,17.511062622070312,17.70781595020152,17.3696463140688,17.695519746750076,60148400
2004-07-30,17.5172061920166,17.71395946266074,17.418829556694533,17.492612619557082,59552900
2004-08-02,17.535661697387695,17.55410659348311,17.314313562301688,17.38194797529855,52267000
2004-08-03,17.258970260620117,17.474169627939865,17.215930621704608,17.44957487842117,53990900
2004-08-04,17.252824783325195,17.33890524991467,17.20978513640167,17.222082513449084,46217900
2004-08-05,16.926956176757812,17.34505653248607,16.920807486898806,17.31431425593372,55591700
2004-08-06,16.687152862548828,17.12984890902248,16.637964543245314,16.834717820459367,75628000
2004-08-09,16.711759567260742,16.77324530357393,16.662571212758767,16.760947921762718,51877500
2004-08-10,17.043773651123047,17.062219716246794,16.754792333972077,16.78553460310259,57632700
2004-08-11,16.853160858154297,16.914646539444632,16.72404198291224,16.840863487347864,53097300
2004-08-12,16.52729034423828,16.791677997275265,16.514994144108346,16.742489678529456,50279700
2004-08-13,16.613370895385742,16.754787166155758,16.588776149473375,16.60722220890765,43333200
2004-08-16,16.656414031982422,16.724048424727574,16.5764822636941,16.61952307809519,54347200
2004-08-17,16.631824493408203,16.83472656249209,16.588784838260505,16.736349872799458,56879700
2004-08-18,16.883914947509766,16.908509706362764,16.533447843053068,16.55804260190607,58844000
2004-08-19,16.67486572265625,16.877767796623914,16.607231307086135,16.816282070900417,46293000
2004-08-20,16.72405242919922,16.82857780085956,16.62567574678273,16.681011604492262,46494800
2004-08-23,16.798044204711914,16.853544445325173,16.72404466802852,16.816544676983476,39572200
2004-08-24,16.798044204711914,16.93371080609909,16.705544195756957,16.89671103775739,40835300
2004-08-25,16.98921775817871,17.063218500296987,16.76105105770099,16.77955036107914,53512700
2004-08-26,16.921377182006836,17.020044008334462,16.89054306365361,16.933709653146778,35465500
2004-08-27,16.9337158203125,17.05088316032376,16.92755017059771,16.958383123978777,33248700
2004-08-30,16.83504867553711,16.890548931653086,16.557548571158968,16.83504867553711,36679600
2004-08-31,16.83504867553711,16.84738232716327,16.680881558815333,16.828883025925784,52106700
2004-09-01,16.890548706054688,16.970716264352237,16.736381591392043,16.791881846766735,48507500
2004-09-02,17.03238868713379,17.069388476920164,16.86588786879194,16.89672083091357,42161700
2004-09-03,16.71788215637207,17.032383208906676,16.711715330690797,16.933715174208015,46174400
2004-09-07,16.872045516967773,16.88437798938549,16.748711383178826,16.828878923002083,44893400
2004-09-08,16.810380935668945,16.939880736713953,16.73638020921348,16.835047060353002,53278100
2004-09-09,16.822715759277344,16.939881918050315,16.761048678964254,16.83504823437858,56904700
2004-09-10,16.95221710205078,16.964550754468867,16.76105019437782,16.859717061318822,52664500
2004-09-13,16.804210662841797,17.001544324635237,16.489709698282976,16.976878205011758,48239200
2004-09-14,16.921377182006836,16.964543771500004,16.816543532008566,16.878210592513668,55920000
2004-09-15,16.767221450805664,16.896721306806366,16.736387311613488,16.872055171654768,52605700
2004-09-16,16.810380935668945,16.865881186460133,16.754880684877758,16.785713634783242,35951500
2004-09-17,16.964550018310547,16.976883670193427,16.81038289837992,16.890549283215062,65283000
2004-09-20,16.964550018310547,17.05088322908713,16.85354950376821,16.921383412922257,51513600
2004-09-21,16.810380935668945,16.976881688042507,16.804214110447518,16.927548262472744,73874400
2004-09-22,16.72405433654785,17.106388241583808,16.6932201982694,16.822721226634687,68409000
2004-09-23,16.865880966186523,16.890547090548434,16.754880466053848,16.76721411633562,52155800
2004-09-24,16.828889846801758,16.9337223995083,16.76722273987855,16.890555777522728,49859800
2004-09-27,16.767221450805664,16.84738786030103,16.730220483775053,16.754887795128795,47813600
2004-09-28,16.816551208496094,16.872051470665536,16.674717727930577,16.779550249581874,62055100
2004-09-29,17.007726669311523,17.07556061853169,16.791892338685756,16.810392827437383,61529300
2004-09-30,17.050886154174805,17.137220555963875,16.97071975558708,17.01388636838062,71218000
2004-10-01,17.420886993408203,17.464053604845574,17.131053190755882,17.155719321776402,66302800
2004-10-04,17.340726852416992,17.550393158428232,17.30989270726654,17.53806067657042,62016200
2004-10-05,17.50105094909668,17.544218730716597,17.32838452742413,17.35921748095086,58017700
2004-10-06,17.59354591369629,17.60587838500601,17.408544729634105,17.50721155732006,56999600
2004-10-07,17.37154769897461,17.63054845648803,17.365380874247915,17.599715509056107,38401500
2004-10-08,17.26055908203125,17.47022656218959,17.24822542409197,17.328393024494936,49556600
2004-10-11,17.303720474243164,17.402387355505976,17.22355407429288,17.390054877499626,44691000
2004-10-12,17.28521156311035,17.36537791850927,17.14954379461801,17.161877441972106,56412900
2004-10-13,17.28521156311035,17.43321180275544,17.229711326218276,17.383878389540413,49500700
2004-10-14,17.143388748168945,17.365389848248384,17.143388748168945,17.29139026569001,41548700
2004-10-15,17.26055908203125,17.414726277665185,17.155725341952078,17.24822542409197,49828500
2004-10-18,17.519550323486328,17.544217625715497,17.254382705531278,17.309882959345206,50350700
2004-10-19,17.377717971801758,17.630551954756,17.371551145851438,17.59355217525586,57026500
2004-10-20,17.698392868041992,17.729225833793777,17.340725054790937,17.40239098629451,69078100
2004-10-21,17.612051010131836,17.81555155629191,17.55655075425166,17.766218126198613,94988500
2004-10-22,17.10637664794922,17.476377823112195,17.0077098247326,17.451710529207382,101912800
2004-10-25,17.038545608520508,17.124879975389536,16.98921218868171,17.063212906540663,61529500
2004-10-26,17.205053329467773,17.205053329467773,17.038552528811152,17.08788596868697,76966600
2004-10-27,17.359228134155273,17.482562376354895,17.007727072949606,17.180394776788575,72392600
2004-10-28,17.27288818359375,17.599722975555522,17.205054259023825,17.33455528082077,63059600
2004-10-29,17.248226165771484,17.35922673959336,17.143392421184426,17.34072742809132,80010100
2004-11-01,17.31606101989746,17.439395258661538,17.242060241398523,17.3653944801626,72930900
2004-11-02,17.414710998535156,17.556544411789552,17.28521123239888,17.427044645653275,89417100
2004-11-03,17.55655288696289,17.667553412207223,17.457886014790574,17.667553412207223,79666700
2004-11-04,17.883380889892578,17.883380889892578,17.501046022304166,17.501046022304166,87867700
2004-11-05,18.074554443359375,18.105388575850714,17.90188800621542,18.01288735457858,95337700
2004-11-08,18.056062698364258,18.179395751351375,17.96356143837094,17.994395583769506,112802100
2004-11-09,18.358226776123047,18.432226358607384,18.099225885023547,18.14855933208049,100401000
2004-11-10,18.333559036254883,18.500059857258723,18.308892901403645,18.45072641135412,84097700
2004-11-11,18.48771858215332,18.549385658168973,18.389051731008934,18.432218331359397,87358900
2004-11-12,18.481557846069336,18.623392520496242,18.376724135163553,18.59872521148216,162269000
2004-11-15,18.825210571289062,18.90081424777622,18.694624071261458,18.79084597884499,104468000
2004-11-16,18.63964080810547,18.79084685722274,18.591528541139525,18.783973676227603,64522600
2004-11-17,18.67400360107422,18.797718225204083,18.598399928344836,18.728987732806925,58830700
2004-11-18,18.605262756347656,18.673993210501855,18.557151831717032,18.646500504470424,63249900
2004-11-19,18.4609375,18.605270332666162,18.44719114138658,18.577778926364235,85808600
2004-11-22,18.316600799560547,18.43344220961467,17.938585166933812,18.385331272108512,92410800
2004-11-23,18.234128952026367,18.3509703856023,18.144778926449188,18.22725577229543,70459700
2004-11-24,18.30972671508789,18.37158400622735,18.14477437569089,18.295981669998305,60069200
2004-11-26,18.282241821289062,18.433447858491462,18.247875919021382,18.25474909947492,24398700
2004-11-29,18.399089813232422,18.522804483561384,18.289121508701253,18.30973974647235,67079900
2004-11-30,18.426570892333984,18.564031851313352,18.35096854472771,18.38533312901012,75960400
2004-12-01,18.728979110717773,18.749598642222026,18.42656586994457,18.52278903937325,99889000
2004-12-02,18.619016647338867,18.832079961644386,18.502175221250376,18.74273125271785,96088300
2004-12-03,18.715227127075195,18.859561182342084,18.65336986209283,18.667116212294268,76498400
2004-12-06,18.783966064453125,18.859569713837722,18.605267363768895,18.6258868983987,55297400
2004-12-07,18.605262756347656,18.81832598439373,18.557151831717032,18.735850488148195,111656000
2004-12-08,18.804588317871094,18.804588317871094,18.495301808330495,18.56403228944228,95655000
2004-12-09,18.715227127075195,18.804577092460438,18.51591029285077,18.646496686992112,83006000
2004-12-10,18.612133026123047,18.680863469543333,18.58464163530944,18.612133026123047,70949200
2004-12-13,18.728979110717773,18.749598642222026,18.495296330700914,18.625884075045512,93812500
2004-12-14,18.715227127075195,18.783957567158282,18.584640732933856,18.591512597110466,127843200
2004-12-15,18.632761001586914,18.83207793587086,18.60526828738236,18.708363343799903,106303900
2004-12-16,18.667125701904297,18.7496025341167,18.56403064483238,18.660252523309534,88997500
2004-12-17,18.5296630859375,18.777092249404653,18.419694860157577,18.55715579784481,126184400
2004-12-20,18.52279281616211,18.660252454778245,18.481553744744975,18.564030576654474,85552800
2004-12-21,18.605262756347656,18.673993210501855,18.515914083594264,18.557151831717032,94646100
2004-12-22,18.536542892456055,18.66025751842914,18.405956396973465,18.447194168656118,63651900
2004-12-23,18.56403160095215,18.660253484385105,18.440317001724154,18.46780971751919,65801900
2004-12-27,18.454072952270508,18.62589858253201,18.43345340470594,18.56404125076383,55958500
2004-12-28,18.52279281616211,18.57777693379352,18.419696448544045,18.454062341391655,55075900
2004-12-29,18.488431930541992,18.557162423926744,18.433447798019213,18.45406733931218,47594900
2004-12-30,18.392202377319336,18.515916951775843,18.3853291997468,18.48155106391316,48355400
2004-12-31,18.36471176147461,18.48842635004043,18.33722035897372,18.385331296543825,54959500
2005-01-03,18.378461837768555,18.522795990615098,18.316604530966462,18.419699605328283,65002900
2005-01-04,18.447195053100586,18.625893820193237,18.323480421196045,18.467814595393072,109442100
2005-01-05,18.405960083007812,18.625896657260643,18.392213719385662,18.44719786294887,72463500
2005-01-06,18.385334014892578,18.598397331744504,18.30973035271854,18.454064497693984,76890500
2005-01-07,18.33034324645996,18.48154920507403,18.29597867297818,18.433438277829758,68723300
2005-01-10,18.419700622558594,18.46093970332075,18.24100318295618,18.28224095279327,70376600
2005-01-11,18.3715877532959,18.43344505705177,18.28911222223802,18.344096346584916,64712000
2005-01-12,18.405960083007812,18.454071044759946,18.295991795881395,18.399086901196736,72940600
2005-01-13,18.05543327331543,18.41970268434642,17.9798295943806,18.337227135440433,89861600
2005-01-14,17.952335357666016,18.179145047866207,17.89735123006976,18.144779148790416,92180800
2005-01-18,18.08978843688965,18.110407968830046,17.759883791390486,17.89047153849727,69146400
2005-01-19,17.856107711791992,18.048552765995698,17.814869954078585,18.014186875463956,58114100
2005-01-20,17.773637771606445,17.938590165127085,17.691160919383577,17.759891411081785,58380100
2005-01-21,17.629304885864258,17.95920969681974,17.622431705103704,17.835496375905326,76501000
2005-01-24,17.643043518066406,17.86985314009992,17.622423984818045,17.704900806886876,69010900
2005-01-25,17.883602142333984,18.000443559517752,17.698030248408333,17.704903427175,67580700
2005-01-26,17.876726150512695,17.986694371625358,17.801122506901013,17.917963905698794,64974500
2005-01-27,17.945466995239258,17.97983159261508,17.766768204849196,17.8354987105262,93204100
2005-01-28,17.993566513061523,18.316597980111027,17.842359234546183,18.24099565177788,110466500
2005-01-31,18.06230354309082,18.22725592524245,17.979826696552507,18.110414490686086,71442100
2005-02-01,18.137907028198242,18.165399749064402,18.021065586367225,18.041685127016848,57981700
2005-02-02,18.186010360717773,18.21350307006731,18.062297101418455,18.15851896229277,79329500
2005-02-03,17.993566513061523,18.14477248065234,17.938582405671728,18.124154259708995,62545400
2005-02-04,18.08978843688965,18.124154323456978,17.96607386709633,17.986693399036728,61246500
2005-02-07,17.979825973510742,18.076047864831803,17.911095489313578,18.05542963722012,57763400
2005-02-08,18.03481101989746,18.10354150760536,17.979826891916144,18.000446431506017,61343700
2005-02-09,17.91796112060547,18.082913426634963,17.89734290167953,18.041675677858688,77874800
2005-02-10,17.91109275817871,17.959203696503145,17.869854998318445,17.93858547203539,71796400
2005-02-11,17.849233627319336,17.952329982754748,17.739265405051203,17.890472693863344,83835900
2005-02-14,17.876726150512695,17.952329794124378,17.807995684586132,17.821742039956366,58694000
2005-02-15,17.87672996520996,17.98014310226322,17.8284705889164,17.924989341503522,76551600
2005-02-16,17.78021240234375,17.8767311613892,17.697481098183744,17.835366166793932,57506600
2005-02-17,17.683685302734375,17.82846469875226,17.64921470676147,17.72505028089565,67024800
2005-02-18,17.566484451293945,17.683686325335827,17.511330705566532,17.67679194274877,77091100
2005-02-22,17.39413070678711,17.573380728468415,17.37344887176526,17.407919473447787,96419200
2005-02-23,17.373449325561523,17.476862448279434,17.352766175030265,17.401025544634006,83689400
2005-02-24,17.49065399169922,17.53891336896347,17.338980160332248,17.359663314146673,85236300
2005-02-25,17.40792465209961,17.497549032117874,17.3389821132558,17.463078420180747,62467700
2005-02-28,17.345874786376953,17.490654235154324,17.325191632274638,17.387239779612162,82728000
2005-03-01,17.428611755371094,17.518236155686953,17.325197266199904,17.366563587856323,56394800
2005-03-02,17.414817810058594,17.566490332849227,17.345875276073954,17.366558430760186,67739000
2005-03-03,17.35276985168457,17.449288611342173,17.33208669677102,17.44239422637099,52183600
2005-03-04,17.35276985168457,17.44239422637099,17.32519231179984,17.38034607659982,63058200
2005-03-07,17.559598922729492,17.780215331848904,17.345878214643157,17.352772600706547,80407400
2005-03-08,17.511333465576172,17.663007276459055,17.46996847850322,17.511333465576172,52871800
2005-03-09,17.44928741455078,17.628537466598903,17.428605576025213,17.504441175567944,62991800
2005-03-10,17.532024383544922,17.566495002215174,17.407928052380306,17.532024383544922,59132900
2005-03-11,17.297616958618164,17.56649141119714,17.276933802662263,17.545809570210785,60617900
2005-03-14,17.3114013671875,17.338977586543926,17.207986928435563,17.29071821644327,65550500
2005-03-15,17.173519134521484,17.401028570044236,17.159730365103275,17.30450981405562,71469400
2005-03-16,16.980480194091797,17.2148840127571,16.932220816420013,17.111470872750505,74841400
2005-03-17,16.91843605041504,17.014954821095507,16.91154166465649,16.987377278061302,60573200
2005-03-18,16.759862899780273,17.173516719367417,16.739181063530925,16.911536712111463,135904000
2005-03-21,16.68402671813965,16.794334224129894,16.64955480066195,16.787439840634356,71446200
2005-03-22,16.53925132751465,16.73229016755174,16.518568171984757,16.677136401108214,102113300
2005-03-23,16.67023468017578,16.8150127602667,16.51856090297317,16.53924404940142,79293300
2005-03-24,16.73918914794922,16.870178557355683,16.68403536636495,16.711611599672143,78820900
2005-03-28,16.68402671813965,16.87016981264244,16.670237951148568,16.82191044314286,49802000
2005-03-29,16.49098777770996,16.711602787717716,16.42204525834024,16.642660268347996,74231700
2005-03-30,16.656452178955078,16.677135333160486,16.546144653131755,16.5737221920723,59585700
2005-03-31,16.663349151611328,16.759867922954342,16.62887853755158,16.71850292308871,62382300
2005-04-01,16.628877639770508,16.78744455983587,16.6150888689032,16.711607635035232,64619600
2005-04-04,16.704708099365234,16.72539124928937,16.504776243308598,16.621978129607026,62196400
2005-04-05,16.87017250061035,16.89085565439247,16.628875614665983,16.69781683066757,73549600
2005-04-06,17.008058547973633,17.194202997889423,16.856386023025294,16.870173478042794,78020200
2005-04-07,17.30451774597168,17.32519959460956,16.980488090964588,17.001171254572494,77451500
2005-04-08,17.194198608398438,17.407919228758168,17.17351545869815,17.283822960494728,47956300
2005-04-11,17.21488380432129,17.31140387346562,17.13904820388502,17.256250111798604,47791800
2005-04-12,17.45619010925293,17.476873272594325,17.09768983448884,17.180421172884405,67517800
2005-04-13,17.263145446777344,17.545808655253616,17.228673521981776,17.394134816092073,60929300
2005-04-14,17.125255584716797,17.332081815728177,17.118361201687204,17.242457466281675,66754400
2005-04-15,16.8632755279541,17.166621828689276,16.828804925243624,16.946006815416133,100251600
2005-04-18,16.9942626953125,17.125253325657077,16.821907087216086,16.85637899781673,75766400
2005-04-19,16.980480194091797,17.097682103424447,16.856385215065536,17.035633956426608,65956200
2005-04-20,16.766759872436523,17.028741235113657,16.75297110282837,17.00116369589735,91923500
2005-04-21,17.428611755371094,17.504447381801484,16.870178247738156,16.877072634680893,93562300
2005-04-22,17.22177505493164,17.40791945979732,17.083891333340485,17.270034423237,80087500
2005-04-25,17.22867202758789,17.428605229151792,17.139047660832276,17.283825787507354,75457900
2005-04-26,17.070110321044922,17.407927367610093,17.0563215481313,17.20110103378481,60464300
2005-04-27,17.22867202758789,17.338979547426817,16.98047945046563,17.001162603548938,47732800
2005-04-28,16.85638427734375,17.18041244866388,16.849489893064256,17.11146992083829,83623100
2005-04-29,17.4423885345459,17.4423885345459,17.090784220537945,17.15283103509243,98641200
2005-05-02,17.39413070678711,17.483756375112346,17.20109323341429,17.39413070678711,54376700
2005-05-03,17.48375701904297,17.511333238410796,17.297612607175584,17.32518882654341,67867800
2005-05-04,17.380338668823242,17.511329297506467,17.311397478434202,17.46996432027926,86864200
2005-05-05,17.39413070678711,17.463073225121327,17.29071758677036,17.37344887176526,59362300
2005-05-06,17.387239456176758,17.566489510154177,17.366557617428587,17.46307637150512,64322600
2005-05-09,17.3114013671875,17.46307386107088,17.27003506569904,17.394131340225993,61872400
2005-05-10,17.166624069213867,17.290720359118904,17.111470308697115,17.263144136345215,62235100
2005-05-11,17.173519134521484,17.214884127806684,16.987374692283932,17.159730365103275,59463300
2005-05-12,17.235565185546875,17.311402093153447,17.118363289686386,17.125257673556916,74540700
2005-05-13,17.4423885345459,17.497542281348032,17.22866793005876,17.25624546094435,77204300
2005-05-16,17.629125595092773,17.636041848232065,17.421643277475617,17.449306970892383,50577300
2005-05-17,17.608386993408203,17.63605202192447,17.46314955112129,17.504645774754525,39983200
2005-05-18,17.774368286132812,17.87119321366486,17.58071711192802,17.636045830395002,71182400
2005-05-19,17.926513671875,18.016422303277594,17.774360095985955,17.808940034416164,52120800
2005-05-20,17.80202293395996,17.92651281699619,17.79510668277572,17.898847812259238,64444500
2005-05-23,17.878101348876953,18.030254925774166,17.802023900858295,17.802023900858295,75421100
2005-05-24,17.808940887451172,17.898849523160322,17.78819213191514,17.84352082753773,61287700
2005-05-25,17.781280517578125,17.822778039473093,17.63604314836725,17.760533075771143,35749000
2005-05-26,17.912687301635742,17.98184852131506,17.79511362392306,17.808946131687033,50579200
2005-05-27,18.030263900756836,18.044096410762066,17.850445228111152,17.86427773811638,54978000
2005-05-31,17.84352684020996,18.002598047974228,17.808946888471112,17.97493303127067,46131100
2005-06-01,17.85044288635254,17.981849075881808,17.71212176186857,17.795114172730834,54621000
2005-06-02,17.836610794067383,17.885023251142222,17.732868307032128,17.78128076410697,27212500
2005-06-03,17.587635040283203,17.850446148225526,17.525390061191974,17.77436997755689,79659500
2005-06-06,17.5461368560791,17.63604552736534,17.504639328586364,17.553051791520545,40756900
2005-06-07,17.64295768737793,17.8642725060805,17.504635266118637,17.51846777207264,54511400
2005-06-08,17.56688117980957,17.719036115303563,17.525384978829596,17.670622341829738,45369700
2005-06-09,17.64295768737793,17.712118898007578,17.532300278026643,17.566880223771282,52767900
2005-06-10,17.587635040283203,17.649880019374432,17.525390061191974,17.62913125329708,39459800
2005-06-13,17.504640579223633,17.629130532314797,17.470060622983095,17.53922185460494,49104100
2005-06-14,17.539215087890625,17.594543788013866,17.45622137813563,17.504633825850934,44243300
2005-06-15,17.470056533813477,17.573797697393438,17.36631537023351,17.566881443936044,50764800
2005-06-16,17.317899703979492,17.449304537882657,17.255654753545265,17.44238828570772,65918800
2005-06-17,17.317899703979492,17.490802050932288,17.23490599702045,17.476969546582414,90821300
2005-06-20,17.366310119628906,17.48388375457594,17.241820233315572,17.276400171007023,50538900
2005-06-21,17.393983840942383,17.421648862368183,17.317907670303086,17.345571372588058,81084000
2005-06-22,17.338655471801758,17.470061687979875,17.31099176895107,17.3663204937933,60492700
2005-06-23,17.504640579223633,17.71904052916543,17.393983136284987,17.407815646437513,105159800
2005-06-24,17.317899703979492,17.56687818657617,17.317899703979492,17.44238828570772,57970700
2005-06-27,17.3248233795166,17.463145854535615,17.310992187327408,17.33865589084668,61636200
2005-06-28,17.338655471801758,17.428565474133414,17.31099176895107,17.35248798279753,53058100
2005-06-29,17.352479934692383,17.511549779944364,17.290234983221566,17.44238857618343,55859900
2005-06-30,17.179580688476562,17.38706301810232,17.165748181397387,17.331734308926087,82018200
2005-07-01,17.08966827392578,17.28331938799037,17.062004582853863,17.186494490528222,69718400
2005-07-05,17.276399612426758,17.421638248143154,17.02742116699012,17.055084852420848,61883500
2005-07-06,17.0827579498291,17.34556902205603,17.075841695409885,17.269491542585314,64214600
2005-07-07,17.04817008972168,17.089666281060737,16.944428951803967,16.99975764663609,80082900
2005-07-08,17.352479934692383,17.373228691562737,17.034338925048182,17.0412551773383,56104000
2005-07-11,17.49081039428711,17.553054055272188,17.366320434035252,17.39398413679075,61525400
2005-07-12,17.712120056152344,17.71903630958158,17.428560261255964,17.45622395583245,63384800
2005-07-13,17.74669647216797,17.808941421502492,17.622206573498918,17.65678783376265,44749200
2005-07-14,17.961103439331055,18.05101343907605,17.83661480137315,17.83661480137315,69506800
2005-07-15,17.836610794067383,18.0510093836019,17.808945779087175,18.009513180272112,56472800
2005-07-18,17.67062759399414,17.836615085530685,17.67062759399414,17.781285042257945,39668000
2005-07-19,18.092512130737305,18.154757117815382,17.808952220333182,17.836617245319438,113290100
2005-07-20,18.11325454711914,18.14091824326268,17.898854636089176,17.98184836280086,71424800
2005-07-21,18.286155700683594,18.313819394959495,17.981847148806015,18.18932947286683,112932100
2005-07-22,17.760540008544922,18.21700237444426,17.725958726800414,17.97493867879679,97558900
2005-07-25,17.767452239990234,17.912689632993132,17.739787220861654,17.767452239990234,45174600
2005-07-26,17.663711547851562,17.802032689919688,17.656795292877042,17.788200179970648,51476400
2005-07-27,17.78820037841797,17.843529099690624,17.656795489858396,17.71212421113105,57977300
2005-07-28,17.808940887451172,17.87810208676445,17.746695939983237,17.808940887451172,44738700
2005-07-29,17.712120056152344,17.98184734419025,17.69828754929387,17.829693726168436,59524400
2005-08-01,17.926513671875,18.016422303277594,17.815856285930224,17.85043622436043,61346800
2005-08-02,18.542051315307617,18.604296279161126,17.891939300389527,17.91268674224703,137510100
2005-08-03,18.84635353088379,18.970843416645614,18.48671637626964,18.507465130276632,139422400
2005-08-04,18.894771575927734,19.01926149861752,18.708036691893053,18.784114160012468,91461400
2005-08-05,19.199079513549805,19.323569432247194,18.846358516953998,18.874023529615823,82212400
2005-08-08,18.763362884521484,19.254406256066382,18.72878294136126,19.22674124622598,77207200
2005-08-09,18.9155216217041,19.02617904514032,18.680374267116996,18.825611640699332,64761800
2005-08-10,18.63887596130371,19.019260646579134,18.569714749669888,18.957015688022736,62818800
2005-08-11,18.860185623168945,18.880933057584425,18.597373354692603,18.659618296219104,48646800
2005-08-12,18.70804214477539,18.770287124262993,18.604300952009666,18.72879091098487,52006500
2005-08-15,18.819019317626953,18.93694172156128,18.513809479370117,18.714970448991526,45976600
2005-08-16,18.548490524291992,18.825954593010604,18.520744778946653,18.74965280102114,46894600
2005-08-17,18.694164276123047,18.832895680783814,18.493001953242914,18.603987606192867,52413100
2005-08-18,18.60399055480957,18.78434260020126,18.59011701522862,18.652546620289343,40861900
2005-08-19,18.53462791442871,18.666423920895696,18.520755695106256,18.624804616820686,36043500
2005-08-22,18.66642189025879,18.84677395236922,18.569309750296892,18.58318329116393,41691700
2005-08-23,18.6386661529541,18.777397518190504,18.548489508650118,18.617855852794804,48296700
2005-08-24,18.5970516204834,18.83983324267813,18.576242636587512,18.617861927432685,63645000
2005-08-25,18.749662399291992,18.791281700142154,18.6248031736878,18.65948570388731,39306300
2005-08-26,18.70804214477539,18.784345300385375,18.638677083006765,18.770471758810153,36774600
2005-08-29,18.832901000976562,18.888393843127968,18.59705609106966,18.59705609106966,52307700
2005-08-30,18.85370635986328,18.888388880951304,18.701100091747886,18.770466456977307,55163200
2005-08-31,18.992435455322266,19.034056063225467,18.75659195913683,18.846767296820683,65210200
2005-09-01,18.867576599121094,18.99937121465816,18.83289276104307,18.992434447042555,75974500
2005-09-02,18.74271583557129,18.916131042066834,18.70803200044036,18.874510439909724,52047500
2005-09-06,18.728853225708008,18.93001561764255,18.71497968356346,18.77047252908785,46089000
2005-09-07,18.62479591369629,18.805147911150282,18.60398560985626,18.68722550216318,44656100
2005-09-08,18.45832061767578,18.64560809214242,18.395891018502425,18.590115262105375,52552300
2005-09-09,18.437517166137695,18.603995718152802,18.402834630613103,18.46526425300051,41515800
2005-09-12,18.45832061767578,18.555432739477258,18.395891018502425,18.46525738681209,40550500
2005-09-13,18.368148803710938,18.562374421775715,18.29184696912252,18.409769429545104,63422900
2005-09-14,18.25022315979004,18.479131269733,18.243286390027702,18.395892678692043,54969600
2005-09-15,18.22247886657715,18.333464545576675,18.187795014981262,18.291845246715265,60357200
2005-09-16,18.0837459564209,18.312654082841913,18.0143795768577,18.271034784325447,187384300
2005-09-19,18.035184860229492,18.2224736359262,17.938072749743768,18.097614452128393,61832300
2005-09-20,17.924192428588867,18.18778291001542,17.82014358915872,18.083734070585276,61043400
2005-09-21,17.681419372558594,17.965820287029867,17.639800081503957,17.8964539199032,68281800
2005-09-22,17.577381134033203,17.757733268621692,17.44558508893888,17.681430086242738,71314900
2005-09-23,17.52881622314453,17.716105036700935,17.42476732329771,17.556561979012027,66396800
2005-09-26,17.52881622314453,17.68142118804963,17.487195604762967,17.61899158353083,56203700
2005-09-27,17.577381134033203,17.653684316412157,17.549634041148416,17.598191453696792,48797900
2005-09-28,17.806278228759766,17.94501096036396,17.60511590023902,17.61205266912457,71019400
2005-09-29,17.993568420410156,18.035187713910357,17.688357180950543,17.76466032157882,66807100
2005-09-30,17.847900390625,18.0005066845536,17.764661796712666,17.972759604547093,57644500
2005-10-03,17.688358306884766,17.847900044668908,17.64673901073533,17.834026504934574,55341300
2005-10-04,17.327655792236328,17.6120567674571,17.168114039903443,17.591247779011578,151666300
2005-10-05,17.112619400024414,17.37621003603646,17.112619400024414,17.36927458931949,73684700
2005-10-06,17.15424156188965,17.30684787623294,17.015510112459296,17.105685488436336,81724600
2005-10-07,17.0571231842041,17.2305384249357,17.00856712848778,17.181982369219376,50768700
2005-10-10,16.966951370239258,17.119557672478766,16.89064954217317,17.112620902099366,48880900
2005-10-11,16.932266235351562,17.029378359609332,16.82128057247026,17.00163260541574,76567300
2005-10-12,16.855958938598633,17.133424350420896,16.83514995884916,16.987754876908895,71294400
2005-10-13,17.0571231842041,17.15423529563674,16.835151887756183,16.862897638285528,70192000
2005-10-14,17.112619400024414,17.15423869559399,16.99469696003266,17.140365156052948,53846700
2005-10-17,17.0155086517334,17.126494330971433,16.9530790417803,17.119557560637347,46924400
2005-10-18,17.043245315551758,17.223597278839172,16.960006762067074,16.987752505544318,69328200
2005-10-19,17.403953552246094,17.403953552246094,16.994693480942402,17.03631276799183,66574500
2005-10-20,17.195859909057617,17.4317034741459,17.161176059005225,17.376210637115665,58830600
2005-10-21,17.188928604125977,17.341533623715225,17.04325903369868,17.27910399682553,69431200
2005-10-24,17.410890579223633,17.410890579223633,17.119552919443436,17.265221087806882,51868000
2005-10-25,17.362335205078125,17.431700246231042,17.223602476665583,17.30684237832378,41310500
2005-10-26,17.41782569885254,17.570430621223434,17.29296652461582,17.320712272749994,58178100
2005-10-27,17.237476348876953,17.528814025758518,17.237476348876953,17.49413018145513,61566100
2005-10-28,17.70916748046875,17.757723543370552,17.410893010582274,17.410893010582274,106559300
2005-10-31,17.827091217041016,17.896456270223908,17.68835846456807,17.764661610733548,75122100
2005-11-01,18.00743293762207,18.104546345009005,17.764652726787034,17.764652726787034,71370400
2005-11-02,18.354267120361328,18.382014191943004,17.986627683276513,17.986627683276513,75067100
2005-11-03,18.34039306640625,18.4791244412276,18.208597135730866,18.451378695484554,73421600
2005-11-04,18.493003845214844,18.527686369164982,18.347335656960094,18.4028284891124,57464000
2005-11-07,18.735782623291016,18.784338678633837,18.520748096892817,18.53462031052414,77104800
2005-11-08,18.76352882385254,18.853705491413027,18.569304597820683,18.687227016362872,60091700
2005-11-09,18.70109748840332,18.832893431686816,18.687225275731258,18.71497102412857,59562100
2005-11-10,18.79127311706543,18.83289239890562,18.47912519563121,18.687224250938392,73314800
2005-11-11,18.923070907592773,18.999372711268556,18.819020708215646,18.832894244539695,51945600
2005-11-14,18.985502243041992,19.03405830158593,18.86757981955527,18.978565474242377,67152200
2005-11-15,19.13159942626953,19.159427844180556,18.957675795121627,19.013331304011675,65081000
2005-11-16,19.298566818237305,19.39596363142891,19.089858982274702,19.11768607450142,86277000
2005-11-17,19.458572387695312,19.47944369792425,19.312477196888143,19.375089800643156,91351000
2005-11-18,19.52814483642578,19.65337006151624,19.409876715721676,19.562930358357566,75431200
2005-11-21,19.59075355529785,19.646409052395164,19.368131566908605,19.52814095519691,65794400
2005-11-22,19.41683578491211,19.535103917583854,19.382051586392468,19.52118970740315,104253300
2005-11-23,19.423795700073242,19.542063849855023,19.298570444194613,19.423795700073242,70541300
2005-11-25,19.312471389770508,19.437696559626254,19.110719432351498,19.340298468109896,44082500
2005-11-28,19.305519104003906,19.37508880760288,19.15246681763155,19.333347516216186,57517200
2005-11-29,19.256824493408203,19.333351315097282,19.201168984979414,19.333351315097282,62220400
2005-11-30,19.256824493408203,19.319437106257087,19.222038971307718,19.256824493408203,55904700
2005-12-01,19.40291976928711,19.549016308725957,19.291608752063222,19.291608752063222,61006100
2005-12-02,19.486400604248047,19.549013207369796,19.333348311579208,19.354218294665266,42319600
2005-12-05,19.375091552734375,19.493359667529752,19.27769342312341,19.430747058112676,47517300
2005-12-06,19.26378059387207,19.42379000639924,19.25682348981455,19.409875798284205,65980000
2005-12-07,19.305519104003906,19.305519104003906,19.16637969680596,19.249863606511074,55583200
2005-12-08,19.26378059387207,19.347263188698456,19.20116798428632,19.277693475055187,63931600
2005-12-09,19.277694702148438,19.36117862922079,19.2289962975779,19.277694702148438,48467000
2005-12-12,19.09681510925293,19.305522934529094,19.01333118298327,19.270738739293733,63757200
2005-12-13,18.874183654785156,19.08289271749729,18.783743989795227,18.985495951057146,104285500
2005-12-14,18.846355438232422,18.950709299823327,18.6793889943007,18.783742855891607,65076200
2005-12-15,18.728099822998047,18.860282176570458,18.651572987729985,18.839410859606744,79018100
2005-12-16,18.71418571472168,18.83941096332896,18.65157309041804,18.700271503335934,88542500
2005-12-19,18.66547966003418,18.693308071412545,18.540254462694918,18.65852255718959,68680100
2005-12-20,18.68635368347168,18.700266564250548,18.554171364083317,18.61678397184981,62960600
2005-12-21,18.59590721130371,18.72113239014317,18.581993007670107,18.693305309807453,75800900
2005-12-22,18.498516082763672,18.630698403742578,18.380247969662946,18.58199867616895,91276900
2005-12-23,18.53329849243164,18.554169802240875,18.39416040783207,18.44981590705825,30689200
2005-12-27,18.40807342529297,18.67939514711776,18.401117648902904,18.561127044509973,37819000
2005-12-28,18.359375,18.54721280859803,18.33154791368832,18.442858912798606,35444400
2005-12-29,18.275897979736328,18.43590742381896,18.2689408743068,18.373294801885375,34495500
2005-12-30,18.19240951538086,18.303720520695634,18.15762532381944,18.19240951538086,49044600
2006-01-03,18.672435760498047,18.78374674617269,18.157622120019923,18.261976003223445,79973000
2006-01-04,18.762876510620117,18.83940331524251,18.623738434044128,18.623738434044128,57975600
2006-01-05,18.776796340942383,18.87419315641394,18.721140828254054,18.755925026084725,48245500
2006-01-06,18.72113800048828,18.78375060867174,18.428946271276114,18.70722379268487,100963000
2006-01-09,18.68635368347168,18.83244888363891,18.61678397184981,18.735052083527425,55625000
2006-01-10,18.78375244140625,18.797666650567272,18.49851778826538,18.54025908881643,64921900
2006-01-11,18.985496520996094,19.0550648837238,18.714174864018467,18.7907016553367,70120700
2006-01-12,18.881149291992188,18.964633220204593,18.76288116773496,18.957676115609225,45994800
2006-01-13,18.915939331054688,18.95768064166041,18.79071407230519,18.804628284817877,41418000
2006-01-17,18.776796340942383,18.915935786129257,18.7141837233015,18.7141837233015,58566600
2006-01-18,18.66547966003418,18.769833548839667,18.57503997691787,18.60286706136455,52376200
2006-01-19,18.79766273498535,18.950715023079518,18.679394635616124,18.693308841878796,60367600
2006-01-20,18.373291015625,18.790707966852644,18.268937109551064,18.790707966852644,79165900
2006-01-23,18.33155632019043,18.456781583348366,18.29677078768412,18.373297632265615,47925600
2006-01-24,18.28285789489746,18.40112605151069,18.24111525590523,18.324599206957313,63040700
2006-01-25,18.3663330078125,18.484601116058098,18.2480648995669,18.373290111465987,59072100
2006-01-26,18.4359130859375,18.58896547159672,18.30373069604437,18.47765440440227,69509300
2006-01-27,19.333349227905273,19.44466023274592,18.915932296286922,18.94375938403116,134520700
2006-01-30,19.479450225830078,19.60467547530529,19.326397880322734,19.35422497635487,103999200
2006-01-31,19.58380126953125,19.743810697178787,19.389007645241048,19.41683473716877,94841300
2006-02-01,19.507274627685547,19.528144613674577,19.31247968788546,19.45161779322955,68448800
2006-02-02,19.256824493408203,19.472489422703255,19.16638346287893,19.45857521386306,55073400
2006-02-03,19.159425735473633,19.270736741002725,19.020286315096342,19.117683113201334,75022700
2006-02-06,18.902013778686523,19.159421248015807,18.84635828895743,19.13854994176807,60170500
2006-02-07,18.742008209228516,18.88810340177097,18.65156719076068,18.748965312720795,72159500
2006-02-08,18.72113800048828,18.83940611295349,18.581998576317957,18.790707712573443,51795200
2006-02-09,18.547216415405273,18.80462398023726,18.540259310741487,18.755924247590748,52861700
2006-02-10,18.56808090209961,18.707218963419578,18.442855718059555,18.519382514291042,52127000
2006-02-13,18.359375,18.57504122184149,18.32459081037745,18.526341498665435,46707000
2006-02-14,18.540254592895508,18.561125901575853,18.33154681381886,18.37328810424785,58432900
2006-02-15,18.76363182067871,18.798535209577466,18.498372722188915,18.568178168558276,62808900
2006-02-16,18.71477508544922,18.777599876455955,18.547242753240802,18.742697806531602,48868500
2006-02-17,18.637983322143555,18.714768113658305,18.540255166190402,18.61704128913328,41513200
2006-02-21,18.526296615600586,18.65194482937015,18.386685713952314,18.65194482937015,50216100
2006-02-22,18.651948928833008,18.74967711403751,18.47743592913103,18.51932000768804,43043100
2006-02-23,18.61005973815918,18.770611322752785,18.52629427290515,18.658923148128707,47359100
2006-02-24,18.589113235473633,18.665899336346254,18.51232846602876,18.561191864246698,44753800
2006-02-27,18.88230323791504,19.028894828291122,18.61704410349268,18.6728882018673,51301500
2006-02-28,18.756654739379883,19.056815931587735,18.756654739379883,18.81249883693347,65036100
2006-03-01,18.945125579833984,18.987009646802473,18.812496695384908,18.833437397440996,53061200
2006-03-02,18.826459884643555,18.91720738023657,18.777596463060412,18.861363279651783,41850300
2006-03-03,18.798534393310547,18.959085980988927,18.665904184110623,18.71476759501899,45218800
2006-03-06,18.78457260131836,18.952104862575602,18.728728514232614,18.791553278632588,53054100
2006-03-07,18.88928985595703,18.917212579638182,18.71477682723607,18.777601624089915,51613900
2006-03-08,19.021907806396484,19.1964207220515,18.82645286154883,18.840414214343923,57547400
2006-03-09,18.8474063873291,19.14058831772248,18.8474063873291,19.03588077074528,45360700
2006-03-10,18.966066360473633,19.00096841588035,18.763630711116065,18.889280240865165,41297200
2006-03-13,18.924184799194336,19.049834336721723,18.805515939466044,18.973048212359842,40342600
2006-03-14,19.007953643798828,19.112661166514297,18.840421341168398,18.875324736359147,39821800
2006-03-15,19.09869956970215,19.161524344452086,18.854381149166645,18.987011377130766,57152000
2006-03-16,19.035869598388672,19.18245981183564,19.000966215595643,19.084733002870994,73793700
2006-03-17,19.196426391601562,19.308114584092984,19.03587478132368,19.09171887756939,120615000
2006-03-20,19.468664169311523,19.538469615214822,19.315093253466777,19.33603528666621,67094100
2006-03-21,19.36396026611328,19.699024871027017,19.32207752335616,19.36396026611328,73199600
2006-03-22,18.952117919921875,19.196436468534472,18.707799371309278,18.903254476485152,145696100
2006-03-23,18.742692947387695,18.91720591462328,18.61006271948873,18.903244557701647,73682900
2006-03-24,18.85437774658203,18.993987296387267,18.582137992747995,18.644961424732127,69157600
2006-03-27,18.85437774658203,19.056812059799434,18.847397069377564,18.85437774658203,59908600
2006-03-28,18.777591705322266,18.993987373830905,18.71476694165394,18.854377823456446,58520500
2006-03-29,18.861360549926758,18.987010090914893,18.791555101441325,18.812497135415413,53150300
2006-03-30,19.007953643798828,19.119641845552447,18.847402020206548,18.868344057320996,54612000
2006-03-31,18.993995666503906,19.22435412147967,18.993995666503906,19.056820457601184,62190500
2006-04-03,19.238304138183594,19.3569729783372,19.15453868126807,19.315090249879436,57605300
2006-04-04,19.294137954711914,19.40582605879553,19.17546917769467,19.26621659440462,45470000
2006-04-05,19.36396026611328,19.503571183874865,19.294154807232488,19.461687109689358,41539300
2006-04-06,19.238304138183594,19.349992301689582,19.105675276162692,19.30810957323182,51885500
2006-04-07,19.021907806396484,19.34999160851387,19.00794645360139,19.273206830996628,47249400
2006-04-10,19.049829483032227,19.154536960484005,18.987004730275597,19.007945426909266,39432000
2006-04-11,18.938142776489258,19.070772977480782,18.847396637765378,19.049832277774968,42953400
2006-04-12,18.987010955810547,18.987010955810547,18.8264580175521,18.91720550414534,32183000
2006-04-13,18.896265029907227,18.98701252399553,18.847401609134305,18.903245708793126,28160000
2006-04-17,18.735715866088867,18.882306147625773,18.65892971970561,18.868346119452163,35796200
2006-04-18,19.000967025756836,19.19642198344783,18.721746608646825,18.805513399493815,56272700
2006-04-19,18.868343353271484,18.980031550857593,18.819478601827765,18.92418745206454,45111100
2006-04-20,18.868343353271484,18.980031550857593,18.63798627932159,18.882303379398493,45648300
2006-04-21,18.952117919921875,19.119650296603062,18.847410350924754,18.882312430114137,58528000
2006-04-24,18.924184799194336,19.021911625525348,18.833437319234267,18.89626208799796,42318400
2006-04-25,18.924184799194336,18.993988914328973,18.861360030430642,18.91022344359615,49222500
2006-04-26,18.917203903198242,19.007950050683466,18.84739845744061,18.90324254776109,39190000
2006-04-27,19.021907806396484,19.287166852363836,18.805512163784076,18.82645286154883,96509600
2006-04-28,16.85794448852539,17.10226279473572,16.75323702341458,16.913788558679666,591052200
2006-05-01,16.95568084716797,17.451297044135842,16.81606993824356,16.976621551506817,174800900
2006-05-02,16.76022720336914,17.451298462721503,16.683441064076074,17.095291814310578,190533500
2006-05-03,16.173858642578125,16.767202879555263,16.159897288430898,16.74626084833442,211527100
2006-05-04,16.362340927124023,16.52289258401009,16.152924506837763,16.29951613418101,171257400
2006-05-05,16.61363410949707,16.718342955997276,16.41818043641037,16.515907272953722,131604300
2006-05-08,16.56477928161621,17.45130594306697,16.411208268631654,16.648546135971685,80693500
2006-05-09,16.487987518310547,16.75324667144661,16.397240019906963,16.578733685285712,75345900
2006-05-10,16.59269142150879,16.606652776896695,16.467041885873897,16.52288597599739,76563300
2006-05-11,16.20876121520996,16.606651832570712,16.159897805559005,16.5508064141947,92916700
2006-05-12,16.173858642578125,16.3134695211944,16.09009184912276,16.15291661135728,83115900
2006-05-15,16.22291374206543,16.27897559446461,16.138821631776654,16.18787558554844,67314800
2006-05-16,16.124805450439453,16.818571358586762,16.054727802454682,16.22992125410663,82095100
2006-05-17,15.928594589233398,16.173865785660347,15.928594589233398,16.04071833560792,98598300
2006-05-18,15.998669624328613,16.215909179996796,15.949615660463568,16.005677524397946,95476400
2006-05-19,15.809462547302246,16.047725836560296,15.781432279718011,15.970641598238307,100071200
2006-05-22,16.033706665039062,16.13181592251776,15.732375002885004,15.7533973650003,87322300
2006-05-23,15.970641136169434,16.384096593262722,15.956625334472598,16.194888616837122,79986300
2006-05-24,16.46818733215332,16.496218930892127,16.10378456827002,16.11079246795472,107356700
2006-05-25,16.636377334594727,16.762516889191087,16.496223313525867,16.517245681544892,83052700
2006-05-26,16.62236213684082,16.734485892427355,16.510238381254283,16.657401645849486,46861600
2006-05-30,16.22291374206543,16.65038620199668,16.215905843438033,16.503223004061336,52497500
2006-05-31,15.872522354125977,16.363064426743577,15.872522354125977,16.29999469350361,120202000
2006-06-01,15.991650581359863,16.005666371732396,15.851496687492562,15.935588756489075,80230800
2006-06-02,15.949609756469727,16.110787388541144,15.886540015812255,16.026695292077697,73935600
2006-06-05,15.767416954040527,15.928594673226245,15.760409052777606,15.921586771963323,63914100
2006-06-06,15.508122444152832,15.80945536943877,15.40300664935119,15.802447471569346,126601300
2006-06-07,15.445050239562988,15.690319921596545,15.424026551123175,15.522134423936597,73827500
2006-06-08,15.494111061096191,15.564187380463048,15.396001808066387,15.438049203630637,104126900
2006-06-09,15.360965728759766,15.550175024563673,15.339942028130343,15.522143423724446,52573800
2006-06-12,15.213799476623535,15.487102184055717,15.206792914425302,15.38899293722005,74309700
2006-06-13,15.07364559173584,15.43804831253848,15.038606097454794,15.227815356712323,113175300
2006-06-14,15.332931518554688,15.374978912657884,15.101676197467373,15.129707793536172,86081500
2006-06-15,15.466082572937012,15.508128640332954,15.276873264724694,15.424036505541068,121577300
2006-06-16,15.48709774017334,15.613237209467457,15.269858285622167,15.395996418296635,147506500
2006-06-19,15.802449226379395,15.83748871961753,15.501117604251423,15.515132064926679,129640900
2006-06-20,15.809462547302246,15.94961789508479,15.767416477615665,15.795448081820357,90598500
2006-06-21,16.173852920532227,16.22290685347467,15.788428016024955,15.844489844619092,91660300
2006-06-22,16.033706665039062,16.236931742954773,15.963630342494502,16.15984618421155,76590600
2006-06-23,15.767416954040527,16.026703954286656,15.767416954040527,16.012688151760813,60532600
2006-06-26,15.991650581359863,16.040704511044385,15.85850324605949,15.872519036432022,53644100
2006-06-27,16.019697189331055,16.22992889564886,16.005681385811044,16.04071955799048,84759100
2006-06-28,16.22992706298828,16.292996835085994,16.05473354863252,16.089771716855495,71906500
2006-06-29,16.447162628173828,16.559286343037876,16.27196915662124,16.3420468125663,121395500
2006-06-30,16.32803726196289,16.573308483313365,16.32803726196289,16.49622423523568,73048800
2006-07-03,16.60834312438965,16.622357587536957,16.433149637156088,16.489211499606018,25711400
2006-07-05,16.363073348999023,16.482204983786524,16.32803384663779,16.454173381897537,53093500
2006-07-06,16.454177856445312,16.54527925073828,16.412131778798173,16.433155485932097,44775200
2006-07-07,16.32803726196289,16.50323080055314,16.32803726196289,16.39110704278503,63168800
2006-07-10,16.46818733215332,16.580311053868154,16.3840938725571,16.419133370980607,50565100
2006-07-11,16.18787384033203,16.377083073013097,15.935594863423942,16.377083073013097,88676300
2006-07-12,15.865522384643555,16.033707978443772,15.851507920958749,15.970639550311438,77379300
2006-07-13,15.599226951599121,15.844498080420074,15.592219052304793,15.676312507216595,73099500
2006-07-14,15.62025260925293,15.802452667284392,15.578205208211557,15.61324470907937,67499400
2006-07-17,15.753400802612305,15.844502180392105,15.599230988104024,15.620254691427164,37053500
2006-07-18,15.935599327087402,15.949615126757068,15.753397941242437,15.830483502805368,65047300
2006-07-19,16.398103713989258,16.440149760200644,15.92157740152784,15.991655036293292,82188200
2006-07-20,16.012678146362305,16.433142603070177,15.963624204793323,16.426134706186083,76605200
2006-07-21,16.727476119995117,16.923691986339705,16.117802146346452,16.874638019753558,175483800
2006-07-24,16.818572998046875,16.895658552006353,16.67141112589161,16.82558089719047,59586700
2006-07-25,16.972742080688477,17.021797372703272,16.748494663672417,16.818572315644943,60075800
2006-07-26,17.077861785888672,17.189985511197218,16.88865249819791,16.902668298016536,54942100
2006-07-27,16.727476119995117,17.239040823851145,16.65739845203476,17.225025022935004,85386800
2006-07-28,16.99376106262207,17.014784753367156,16.860613694475855,16.87462948830591,51705800
2006-07-31,16.86062240600586,17.11290147881554,16.825584239946895,16.867630306541724,40254400
2006-08-01,16.811561584472656,16.958724762483783,16.713453690211782,16.83258527750848,49168700
2006-08-02,17.0288028717041,17.098880519301147,16.839594960798024,16.90266470997337,46462000
2006-08-03,16.96573257446289,17.154941815876654,16.923686521910913,16.95171811469217,43155300
2006-08-04,17.02179718017578,17.161951145915566,16.923687933875904,17.098881393515654,45690400
2006-08-07,16.972742080688477,17.154943441169035,16.951719720730743,17.014789473844015,36862400
2006-08-08,17.056840896606445,17.18298044251756,16.958732954951337,17.091879065305996,58171300
2006-08-09,17.12691879272461,17.267072805960762,17.056841117796296,17.161956961878527,44405700
2006-08-10,17.14093017578125,17.239039437685065,17.05683805028682,17.077861749970545,31753400
2006-08-11,17.119909286499023,17.133925087494735,16.95873158490939,17.119909286499023,30255500
2006-08-14,17.189987182617188,17.239041150131772,17.06384764522519,17.18297928202648,47831900
2006-08-15,17.316587448120117,17.33768722339727,17.1899834302885,17.267351508875024,48994500
2006-08-16,17.37285804748535,17.393957825551123,17.21108548024111,17.309556030203332,52373600
2006-08-17,17.37285804748535,17.408025238623203,17.309556030203332,17.37285804748535,45674800
2006-08-18,18.139511108398438,18.146543472030796,17.56979306314687,17.619027657825924,128414800
2006-08-21,18.371620178222656,18.378652542683835,17.977740691284342,18.048076409776343,88398300
2006-08-22,18.01994514465332,18.463057945056004,18.01994514465332,18.29425300482915,89312400
2006-08-23,18.055110931396484,18.252050683762146,17.949608019663643,18.041043518754154,44648500
2006-08-24,18.104347229003906,18.188750371217257,17.935542286119638,18.16061554329866,35933300
2006-08-25,18.181711196899414,18.28721408678399,18.06917460215026,18.083240670337382,33115900
2006-08-28,18.252046585083008,18.287213767249376,18.069174286425476,18.174677174466588,34190900
2006-08-29,18.174684524536133,18.273153747657755,18.026979348311148,18.230952843683138,42711200
2006-08-30,18.146547317504883,18.209849335947304,18.03401069395,18.181715850829768,30283100
2006-08-31,18.076217651367188,18.27315612321292,18.062150234366,18.195788012791837,26380500
2006-09-01,18.174684524536133,18.266120040071563,18.034013055897343,18.209851720924554,31594600
2006-09-05,18.012908935546875,18.259081934050254,17.97774040608766,18.069177241139393,44222400
2006-09-06,18.012908935546875,18.090277017272697,17.94257321817067,17.94257321817067,50160400
2006-09-07,17.886302947998047,18.076208961592403,17.858168127520923,17.921470132052374,51266900
2006-09-08,18.00587272644043,18.139510436722396,17.907402199186432,17.956638133584452,36866800
2006-09-11,18.223913192749023,18.25204801391822,17.879269682679062,17.88630338797136,55608200
2006-09-12,18.237987518310547,18.273154716563656,18.090282334253722,18.216886394433107,52248800
2006-09-13,18.273149490356445,18.35755262018388,18.160612878281356,18.160612878281356,37706700
2006-09-14,18.51932144165039,18.63889174423737,18.273147131436957,18.280180836476433,74324500
2006-09-15,18.885068893432617,18.948370906762,18.63186084011508,18.695162853444465,126057700
2006-09-18,18.84286117553711,19.018699739661756,18.758458074478895,18.80769265778711,49135000
2006-09-19,18.892101287841797,18.948369591167598,18.79363075086502,18.807698162082012,43039100
2006-09-20,19.117172241210938,19.15233942355396,18.983534533531813,18.99760194308583,71676400
2006-09-21,18.92024040222168,19.166414805648614,18.88507320525036,19.15938109794584,58495100
2006-09-22,18.751432418823242,18.88507016054542,18.62482838366985,18.871002747407854,47712500
2006-09-25,18.955408096313477,19.124213049032537,18.842871461167437,18.85693753440381,67903900
2006-09-26,19.131240844726562,19.21564262423406,18.906166302441676,18.9272674180896,54766500
2006-09-27,19.300046920776367,19.3211466961673,19.07497370632522,19.117174598649267,66233900
2006-09-28,19.271915435791016,19.35631857659858,19.173446222800866,19.32115004228609,44179700
2006-09-29,19.236740112304688,19.285974697989975,19.138269599392267,19.236740112304688,34283500
2006-10-02,19.243778228759766,19.335213717206752,19.096073096293523,19.215643406750136,52908100
2006-10-03,19.250818252563477,19.328186355398596,19.13828026913108,19.250818252563477,39386200
2006-10-04,19.65172576904297,19.66579183994571,19.250813905155578,19.26487997605832,82191200
2006-10-05,19.63766098022461,19.77129873322208,19.5391917630383,19.63766098022461,81967200
2006-10-06,19.602495193481445,19.693930710070905,19.447756307886504,19.525125750683976,36452200
2006-10-09,19.49698257446289,19.64468768916638,19.426648210981412,19.55325087017327,33366300
2006-10-10,19.47588539123535,19.51808628324299,19.300046776071003,19.47588539123535,34598500
2006-10-11,19.370384216308594,19.461819714062226,19.285981083230997,19.314114566562004,37219600
2006-10-12,19.848661422729492,19.897897359454692,19.370381539849323,19.39851501929305,120174900
2006-10-13,19.954172134399414,20.17924540914699,19.91196988922734,19.933071011813375,129751900
2006-10-16,20.010433197021484,20.11593608860976,19.926030078825633,20.03153297041391,49744800
2006-10-17,20.003398895263672,20.05263348709987,19.813492891145184,19.862727482981384,40122600
2006-10-18,20.05966567993164,20.186269673134905,19.876793394364913,20.045598271455297,40630800
2006-10-19,19.897897720336914,20.010434323237067,19.778327412062733,19.940098611038938,44730800
2006-10-20,19.996374130249023,20.038575036183612,19.81350174914233,20.031541328270745,48887800
2006-10-23,20.010433197021484,20.179238091871134,19.82052718723736,19.90492896389116,48525000
2006-10-24,19.890867233276367,19.99637014787271,19.785362977137677,19.99637014787271,61409600
2006-10-25,19.911968231201172,20.017471152261283,19.792397896255068,19.890868451914606,40717100
2006-10-26,19.940093994140625,19.982294875071524,19.72205454419886,19.92602658664972,69964200
2006-10-27,19.933063507080078,20.24957351899296,19.869761504697504,20.038566397203695,89060100
2006-10-30,20.066701889038086,20.284741381470997,19.918996764682703,19.940097880031207,47296800
2006-10-31,20.193307876586914,20.29177842286124,20.087804965582276,20.158140686766135,61861700
2006-11-01,20.263643264770508,20.390247292512463,20.18627518012775,20.2425434878417,75895900
2006-11-02,20.23550796508789,20.29880997327607,20.10187024318593,20.19330573193433,58674400
2006-11-03,20.20737075805664,20.34804216888177,20.12296898479516,20.291773872860116,41124500
2006-11-06,20.284751892089844,20.432455751436446,20.228483563546934,20.235517272307643,60446200
2006-11-07,20.362112045288086,20.446513828775444,20.256607803615644,20.298810036901486,56511200
2006-11-08,20.383211135864258,20.559049744023632,20.158137932067,20.24254105426203,77403300
2006-11-09,20.58015251159668,20.678621710774994,20.397280183449652,20.474649606542453,89407500
2006-11-10,20.566085815429688,20.601254346032913,20.50278380188615,20.516851214127442,37855100
2006-11-13,20.64345932006836,20.72082741959775,20.50982156045572,20.530922682986937,47271800
2006-11-14,20.62933921813965,20.763433830869236,20.51641786409222,20.664627982609918,63012500
2006-11-15,20.551706314086914,20.721088342566222,20.544648561300853,20.55876272074427,63943200
2006-11-16,20.798721313476562,20.918700420788767,20.558763098852157,20.565820851768017,64328500
2006-11-17,20.74931526184082,20.848122441641866,20.66462493187252,20.685796841300334,49356700
2006-11-20,21.09514045715332,21.172774394025947,20.819894820792182,20.83401032679243,85703800
2006-11-21,21.116313934326172,21.172774612781772,21.024565836634103,21.109256181253127,66446600
2006-11-22,21.116313934326172,21.172774612781772,21.04573774972448,21.15160135356264,43907200
2006-11-24,21.003385543823242,21.059846203371354,20.918693881436916,20.93280938285602,20456700
2006-11-27,20.805776596069336,20.989274111708443,20.69991300715831,20.953986697447625,72722100
2006-11-28,20.742265701293945,20.763438965211794,20.558768119059774,20.706978274226593,52602300
2006-11-29,20.86929702758789,21.017507143233363,20.770491181243372,20.777548934000652,58775100
2006-11-30,20.72108268737793,20.869291417050007,20.699909434798347,20.76342784640876,53297400
2006-12-01,20.551706314086914,20.67874182584987,20.396438445051018,20.629338902476157,72257000
2006-12-04,20.699918746948242,20.83401338135329,20.58699737464787,20.62934255272827,55123400
2006-12-05,20.558759689331055,20.749314948070946,20.488184864134208,20.721085287217907,45606000
2006-12-06,20.459959030151367,20.55876488731136,20.375268680051047,20.5375929728507,48564100
2006-12-07,20.36115264892578,20.516419184199272,20.33292163553307,20.43878524349812,46831100
2006-12-08,20.74931526184082,20.74931526184082,20.32585957361376,20.33997507731798,108854900
2006-12-11,20.84812355041504,20.996332308806064,20.54464693527693,20.60110760696807,107712000
2006-12-12,20.770483016967773,20.911633978244915,20.622272959579384,20.862231074491508,68529400
2006-12-13,20.855188369750977,20.890477145124233,20.69286404142141,20.890477145124233,46002500
2006-12-14,21.2221736907959,21.229231442589445,20.83400676505053,20.848122268637617,85866500
2006-12-15,21.306861877441406,21.335091533864798,21.193940559491256,21.271573124251802,102783700
2006-12-18,21.09514045715332,21.356271933642955,21.01750786640944,21.306869008770825,56986800
2006-12-19,21.165708541870117,21.29274535500365,20.84106010486507,20.96809557187037,53822100
2006-12-20,21.236289978027344,21.342153566579984,21.151598299508098,21.165713803616065,31202100
2006-12-21,21.158653259277344,21.27157458498186,21.095134845302503,21.26451683385928,32270500
2006-12-22,20.91869354248047,21.07396136331813,20.90457938741837,21.052788111532553,37971700
2006-12-26,21.165708541870117,21.172766292169563,20.749310697100526,20.84106010486507,37098300
2006-12-27,21.1868896484375,21.264522238259516,21.109255712486757,21.165716389688555,31248400
2006-12-28,21.158653259277344,21.193942014890244,21.038674182450247,21.073962938063147,26690600
2006-12-29,21.073959350585938,21.278628713785807,21.052786100822576,21.073959350585938,41739800
2007-01-03,21.073959350585938,21.349204866868856,20.749309584855176,21.109246754063385,76935100
2007-01-04,21.038679122924805,21.151600475146434,20.777549000710547,20.961046534602872,45774500
2007-01-05,20.91869354248047,20.9963274528993,20.78460031955667,20.911635791885278,44607200
2007-01-08,21.123369216918945,21.243348312871056,20.841065857657686,20.925756192371765,50220200
2007-01-09,21.14454460144043,21.29981248414005,20.982220311462484,21.172775615069025,44636600
2007-01-10,20.932811737060547,21.095135983251105,20.770487490869993,21.03161756584985,55017400
2007-01-11,21.66680908203125,21.702096505377046,20.92576107660932,21.003395023324767,99464300
2007-01-12,22.026742935180664,22.15377980050161,21.62446042575019,21.631518178948994,103972500
2007-01-16,21.991451263427734,22.19612202823516,21.899703181839648,22.062027435641625,62379600
2007-01-17,21.949111938476562,22.189070180171544,21.88559350119678,22.06203330561198,58519600
2007-01-18,21.87852668762207,22.139658082319183,21.73737436408931,21.98439025720748,56364300
2007-01-19,21.956165313720703,21.956165313720703,21.659746447569454,21.687976110659346,75826900
2007-01-22,21.68092155456543,21.963226303853524,21.532712772705107,21.920879783783025,56143900
2007-01-23,21.695043563842773,21.850310145585745,21.539776982099802,21.617409599906683,49171200
2007-01-24,21.942058563232422,22.090267382373927,21.631524068579417,21.723273539015807,58527800
2007-01-25,21.490371704101562,22.2173029378374,21.490371704101562,21.934999480749255,97378700
2007-01-26,21.596227645874023,22.040855264273144,21.596227645874023,22.033797512091752,96103700
2007-01-29,21.54682731628418,21.72326710363824,21.412732700979046,21.63151766038203,57605900
2007-01-30,21.511539459228516,21.6244608202117,21.27158123060705,21.575057893047656,61900400
2007-01-31,21.779726028442383,21.949108049131297,21.4197887296802,21.462133898320268,73968400
2007-02-01,21.568002700805664,21.83619197458338,21.433909410045775,21.76561577905614,55355800
2007-02-02,21.306861877441406,21.765604899879925,21.26451537361388,21.751489398604082,60401700
2007-02-05,20.89752960205078,21.186890756104102,20.75637722860237,21.1516019896776,99102100
2007-02-06,20.826942443847656,20.996324395079313,20.62227174477935,20.88340309425821,79281100
2007-02-07,20.728145599365234,20.961046051217487,20.643453914087747,20.91869953551441,65145500
2007-02-08,20.65050506591797,21.03161416252618,20.608159909878886,20.63638956519553,48749000
2007-02-09,20.452899932861328,20.74931883099535,20.417612513659392,20.714031411793414,69823100
2007-02-12,20.424673080444336,20.530536698762752,20.34703913215066,20.389384310252236,52774400
2007-02-13,20.54507064819336,20.679630260899664,20.509659512851332,20.566317329398576,50348100
2007-02-14,20.82126235961914,21.026642809451484,20.644210806644832,20.658375255073853,55588600
2007-02-15,20.863759994506836,20.998319589367636,20.6937906197968,20.94874535726011,63858100
2007-02-16,20.35385513305664,20.49549697675148,20.290116438473635,20.47425029495823,109340300
2007-02-20,20.41758918762207,20.438835864586885,20.162634467230017,20.275947376116168,53978200
2007-02-21,20.785852432250977,20.814179978098778,20.353846214003845,20.36092843816483,68604900
2007-02-22,20.814186096191406,20.920418139035746,20.65129894499834,20.757529637046144,57754400
2007-02-23,20.4671630859375,20.7362822532941,20.460080860396914,20.693788900050592,63787100
2007-02-26,20.58755874633789,20.601723197782196,20.410507155673415,20.509655614190663,63481900
2007-02-27,19.737709045410156,20.516734850175595,19.681052598685465,20.33260106062129,87143300
2007-02-28,19.950176239013672,20.006832702369046,19.773124622178546,19.79437130248555,86333300
2007-03-01,19.89351463317871,20.063483979307705,19.638559938587072,19.702298612234983,80175700
2007-03-02,19.659807205200195,19.943089457275867,19.659807205200195,19.843941006748462,63254700
2007-03-05,19.511085510253906,19.766040242988133,19.411937047877924,19.468593505063698,56454300
2007-03-06,19.709388732910156,19.78729188764317,19.581911334545882,19.688142049583835,49361800
2007-03-07,19.553571701049805,19.75895077654065,19.511078360634322,19.659802350496516,52044700
2007-03-08,19.34819793701172,19.72354780181835,18.83828983361103,19.631480216678767,72175200
2007-03-09,19.326948165893555,19.461506373544847,19.142814388753937,19.41901437906529,80125000
2007-03-12,19.433176040649414,19.461503582641388,19.21363117393084,19.24904228991575,36516400
2007-03-13,18.923274993896484,19.40485557404057,18.916192767624185,19.298624881549152,75169500
2007-03-14,19.40485191345215,19.40485191345215,18.930353649091114,18.994092322721425,75730300
2007-03-15,19.319866180419922,19.454424389733976,19.263209736815014,19.348193726824295,51757100
2007-03-16,19.35527801513672,19.46150868937465,19.263211791009528,19.36944246524746,65055300
2007-03-19,19.709388732910156,19.709388732910156,19.263219189432032,19.362367676694543,49412000
2007-03-20,19.71646499633789,19.943090813409015,19.65980854207011,19.780203676238695,47902400
2007-03-21,20.198049545288086,20.198049545288086,19.518170608222583,19.75896092439196,72808200
2007-03-22,20.0209903717041,20.2192872508558,19.836856590494538,20.19804192854451,47934900
2007-03-23,19.84394645690918,20.02099808193343,19.68814016237795,19.98558694645056,50519800
2007-03-26,19.985584259033203,19.985584259033203,19.617317955108213,19.787287330180483,47491500
2007-03-27,19.631481170654297,19.94309236882877,19.5819069381531,19.858108356197157,58979800
2007-03-28,19.57481575012207,19.829770372885285,19.404846451878562,19.53232376326017,46947000
2007-03-29,19.652729034423828,19.723549949752243,19.46859519488859,19.716467723139743,42629900
2007-03-30,19.737709045410156,19.794365492134848,19.47567213506081,19.652723699925,47061000
2007-04-02,19.645641326904297,19.780200893408065,19.518163985037177,19.75187199486149,41977600
2007-04-03,19.737709045410156,19.872267262133647,19.652723699925,19.73062682072004,39821300
2007-04-04,20.183876037597656,20.382174253376434,19.758952061383752,19.836855173081858,63244200
2007-04-05,20.219289779663086,20.290110681415985,20.04223820067901,20.056402651188858,30131200
2007-04-09,20.233449935913086,20.339680590598327,20.10597260997237,20.24053215966491,31384600
2007-04-10,20.113061904907227,20.283031282319246,19.985584534149076,20.183882816528033,38643100
2007-04-11,19.907676696777344,20.233450900109197,19.822691358501658,20.042234902086,44050200
2007-04-12,20.212207794189453,20.26886424231824,19.858104655685473,19.872267754620463,43762100
2007-04-13,20.261783599853516,20.325522277825787,19.900598208276115,20.134306243908977,36002900
2007-04-16,20.346765518188477,20.36092996757441,19.978497938931685,20.2546992987724,30740100
2007-04-17,20.431753158569336,20.460080709726665,20.22637267179404,20.275946899416656,33170200
2007-04-18,20.25470542907715,20.304279666135848,20.084736037391618,20.261787655913626,41778400
2007-04-19,20.318437576293945,20.46007801501852,20.01390867438159,20.070565120030665,43648800
2007-04-20,20.552148818969727,20.608805273538223,20.325523000695735,20.523819916287263,60311500
2007-04-23,20.382183074951172,20.530905788056593,20.304279929535948,20.50965910727153,41739100
2007-04-24,20.389263153076172,20.50965694578,20.247621331029922,20.389263153076172,34236700
2007-04-25,20.530900955200195,20.537983180461435,20.318439600548444,20.4388347283968,39475000
2007-04-26,20.608808517456055,20.785860134700872,20.474248910126935,20.601726290670666,68760300
2007-04-27,21.3311767578125,21.77026395692247,21.24619139787057,21.366586536490363,128298800
2007-04-30,21.20369529724121,21.508224197910284,21.20369529724121,21.338253510860774,67788800
2007-05-01,21.52947235107422,21.543636801989845,21.175369182961823,21.203698084793082,73539300
2007-05-02,21.67819595336914,21.734852405109553,21.45865102092822,21.52238969798573,80686700
2007-05-03,21.933151245117188,21.954397922942253,21.621541408461795,21.67111563925713,82036800
2007-05-04,21.642784118652344,21.741933919051252,21.451569444532534,21.727769468880506,104385900
2007-05-07,21.749019622802734,21.784430756092792,21.586132462058313,21.614461368690357,59889100
2007-05-08,21.777345657348633,21.91190524451135,21.65695052163387,21.72777142807722,60551700
2007-05-09,21.798583984375,21.90481462794919,21.649860002734396,21.74192755108237,51735000
2007-05-10,21.656946182250977,21.904818629738497,21.62153641152255,21.72776707450401,55398600
2007-05-11,21.87648582458496,21.940224481147034,21.63569564441622,21.649860090495775,43425300
2007-05-14,21.933151245117188,21.947315697000562,21.81983833164314,21.841085009468202,70188500
2007-05-15,21.9544620513916,22.089457506608714,21.91183240691271,21.9544620513916,75013900
2007-05-16,22.07525062561035,22.089460961049575,21.890520330416987,22.025515806745247,45833600
2007-05-17,22.011306762695312,22.124986742534272,21.99709642642238,22.04683260337765,41045600
2007-05-18,21.904727935791016,22.018407894792098,21.72710283045532,22.00419756112396,58453000
2007-05-21,22.061033248901367,22.13918871369986,21.83367337512948,21.83367337512948,41836400
2007-05-22,21.805259704589844,21.97577965399376,21.78394420272482,21.954464152128736,39999500
2007-05-23,21.72710418701172,21.911834470715327,21.71999901973403,21.911834470715327,46322500
2007-05-24,21.435794830322266,21.883409438188284,21.28658905758571,21.698680546490564,64046400
2007-05-25,21.656051635742188,21.78394192320543,21.44290206008475,21.513952370361213,47726500
2007-05-29,21.876310348510742,21.904729662915788,21.592109073427572,21.663159392198363,42373100
2007-05-30,22.103662490844727,22.11787146545121,21.67736208370259,21.705781388087193,57376800
2007-05-31,21.805259704589844,22.139194436109335,21.748419721455203,22.110775122128064,85290500
2007-06-01,21.734210968017578,21.954465749291074,21.70579029679664,21.87631161377788,39469400
2007-06-04,21.82657241821289,21.854993085500237,21.599212500602132,21.613422834245807,41434500
2007-06-05,21.72710418701172,21.762628668228064,21.549479070585797,21.75552485612247,44265000
2007-06-06,21.521045684814453,21.691565522465936,21.492625034286938,21.577885630698283,38217500
2007-06-07,21.045021057128906,21.521056347958726,21.02370555867197,21.32922092736196,71971400
2007-06-08,21.35053253173828,21.35763769704568,20.895812793438605,21.016597893320924,61346200
2007-06-11,21.329221725463867,21.49263648756608,21.26527658287223,21.272381749290403,48467400
2007-06-12,21.208436965942383,21.485531685085153,21.151596988806126,21.28659108752227,56981800
2007-06-13,21.59210777282715,21.60631810675977,21.208438242850583,21.29369753610225,64435600
2007-06-14,21.68447494506836,21.819469060359086,21.52816397237282,21.563689809427313,59065700
2007-06-15,21.663158416748047,21.940253156787765,21.620528769473946,21.926044177811104,100933000
2007-06-18,21.677366256713867,21.826570682591882,21.613421115574177,21.80525653899325,45412600
2007-06-19,21.641845703125,21.783946352571487,21.585005714380852,21.656056039104097,46802600
2007-06-20,21.322118759155273,21.677368985688673,21.286592923398693,21.627634170801528,46861600
2007-06-21,21.471317291259766,21.528157257646203,21.251062590908777,21.30079739210045,56564800
2007-06-22,20.95265769958496,21.38606339929445,20.924238386828225,21.315013084644562,86219900
2007-06-25,20.95265769958496,21.151598309570243,20.87450221795288,20.938447365620576,53905800
2007-06-26,20.973974227905273,21.172913492463213,20.95976389324482,20.995288374723852,48340300
2007-06-27,21.22263526916504,21.2794752140821,20.860280112129573,20.860280112129573,53468600
2007-06-28,21.194223403930664,21.29369300997196,21.087648632433314,21.215538900298835,46055200
2007-06-29,20.93845558166504,21.265286615231005,20.632941412582216,21.222656951782422,71193900
2007-07-02,21.130281448364258,21.1729110923411,20.952656350760147,21.080546637862618,47316000
2007-07-03,21.329221725463867,21.47132098831156,21.15870179694348,21.16580696336165,35202600
2007-07-05,21.307903289794922,21.471318029377166,21.194223353114083,21.350532927257305,47838500
2007-07-06,21.293697357177734,21.343433525523995,21.07344260376096,21.251067710910107,57541000
2007-07-09,21.22263526916504,21.2794752140821,21.180004294098854,21.215530106654008,33831400
2007-07-10,20.838979721069336,21.307909945137062,20.732404916539792,21.10186550373623,66013500
2007-07-11,20.95265769958496,21.06633766095597,20.75371708959968,20.775032590546257,48017000
2007-07-12,21.3647403717041,21.393161029620476,20.917125850893623,21.00238511429964,54302400
2007-07-13,21.187118530273438,21.329219131008145,21.07343859175438,21.272379161748617,42173000
2007-07-16,21.336328506469727,21.485532947026368,21.116072396354642,21.144493064178018,48023200
2007-07-17,21.869197845458984,21.940246785225483,21.322112336158337,21.32921750116932,77539600
2007-07-18,21.96866798400879,22.00419245476321,21.670257822087926,21.677362987273145,64414400
2007-07-19,22.38786506652832,22.62233011604374,21.9757749384354,22.06103421725639,121159300
2007-07-20,22.139190673828125,22.16761133815175,21.876306304693898,22.132085507747217,98292600
2007-07-23,22.16050148010254,22.394966490442517,22.110766683238236,22.281286567560805,48910600
2007-07-24,21.883411407470703,22.366551888119215,21.81946626413946,22.032617193634245,59729300
2007-07-25,21.81946563720703,22.238660962479685,21.57789675899565,22.018406227985007,54950100
2007-07-26,21.300800323486328,21.69157633194637,20.966865644406845,21.485530578457492,87025300
2007-07-27,20.881603240966797,21.31500885466665,20.86028909942206,21.265274050833245,69214600
2007-07-30,20.88870620727539,20.95265133552068,20.568981921220566,20.895811372099494,67499600
2007-07-31,20.597402572631836,21.116067442172767,20.59029740734298,21.10896227688391,66554000
2007-08-01,20.817657470703125,20.995282539071486,20.47661766467709,20.5689834591248,80006300
2007-08-02,20.973974227905273,21.165809680305088,20.618723992426546,20.7395091266962,47938300
2007-08-03,20.576099395751953,21.15871110170435,20.533469733668003,20.92424592748385,61535500
2007-08-06,20.988176345825195,20.988176345825195,20.426880543030016,20.640030058801702,59530500
2007-08-07,20.995288848876953,21.16581015830921,20.640038605375334,20.83897922959821,49163000
2007-08-08,21.31500816345215,21.322113328793904,20.753712297998813,21.116067599398107,52898600
2007-08-09,20.817657470703125,21.386058502584913,20.547667963058778,21.059227672097833,72964500
2007-08-10,20.39847183227539,20.640042147729854,20.078747371354385,20.53346732742285,76576200
2007-08-13,20.34162139892578,20.597401920539937,20.206627328226464,20.561877450392046,55492300
2007-08-14,20.156248092651367,20.59830157994858,20.106338959561864,20.51274345462997,42944100
2007-08-15,20.035036087036133,20.669597284437582,19.999385741163128,20.134854335637268,48117700
2007-08-16,19.82826805114746,20.21328362491811,19.61437141677819,19.87817717517218,81447400
2007-08-17,20.14198875427246,20.14198875427246,19.835402513168592,20.027910342688035,76747700
2007-08-20,20.149118423461914,20.313105966856394,20.02077987300644,20.092079218806358,49952000
2007-08-21,20.013648986816406,20.19189666409111,19.871051660949753,20.035039197661238,50786200
2007-08-22,20.120595932006836,20.191895269978357,19.97086854619623,20.15624628095348,44763500
2007-08-23,20.177640914916992,20.199031130417115,20.035043558015964,20.163382131172394,33886600
2007-08-24,20.541261672973633,20.5626518835317,20.01364871850454,20.113466981265177,45158900
2007-08-27,20.3131103515625,20.512748290910938,20.24894106248344,20.398669856975317,32789500
2007-08-28,19.913827896118164,20.313102255761766,19.899567757579046,20.17763365948349,43924400
2007-08-29,20.384408950805664,20.39866909449514,19.835405658060264,20.05643244555851,45753700
2007-08-30,20.284587860107422,20.6268231018016,20.19189829886402,20.2631976475308,33690700
2007-08-31,20.48422622680664,20.61969486533302,20.22042038116915,20.462837372249165,42511900
2007-09-04,20.541261672973633,20.748029628602758,20.305974796522257,20.320234936894302,45689600
2007-09-05,20.305971145629883,20.48421878846706,20.263192092127007,20.427179597156027,47669800
2007-09-06,20.612564086914062,20.683863439478575,20.35588696165064,20.363017032899293,45430800
2007-09-07,20.27745246887207,20.55551835979971,20.191893000936545,20.405790990814552,52160900
2007-09-10,20.305971145629883,20.498478926275215,20.256062023222928,20.44143973496418,37247600
2007-09-11,20.626821517944336,20.6410816585671,20.377274496733385,20.41292348836844,34380800
2007-09-12,20.626821517944336,20.797939125651936,20.534131963818222,20.541262034129605,42364700
2007-09-13,20.79081153869629,20.862110890404598,20.648212835279676,20.762292613966178,35288600
2007-09-14,20.705249786376953,20.755158915874627,20.59117002762569,20.66246936687456,33496600
2007-09-17,20.48422622680664,20.591174579360274,20.405798160225753,20.52700665576576,39536500
2007-09-18,20.626821517944336,20.655340439268006,20.156247756767968,20.462833980548115,77462400
2007-09-19,20.441455841064453,20.612573549823512,20.17764852344257,20.584054611658335,94242200
2007-09-20,20.263206481933594,20.377284945567865,20.20616725011646,20.305985565815806,67168900
2007-09-21,20.427183151245117,20.54126155371548,20.277455757973453,20.455703431823622,135636100
2007-09-24,20.7337589263916,21.1116442942238,20.534121142644583,20.541251209198528,104459800
2007-09-25,21.076007843017578,21.076007843017578,20.755162796294616,20.776551650122922,75621000
2007-09-26,21.033226013183594,21.282773034476925,21.018965872556123,21.161564558987127,60337000
2007-09-27,21.026094436645508,21.19008196234846,20.990445447552435,21.17582318266429,43407100
2007-09-28,21.00471305847168,21.168702013044015,20.840725463821677,21.026103276873897,45819100
2007-10-01,21.225738525390625,21.239998669171346,20.969061377026307,21.004710376555945,43875100
2007-10-02,21.175825119018555,21.282773455999074,21.08313556302605,21.175825119018555,33700900
2007-10-03,20.997577667236328,21.282773688946584,20.883499258552227,21.18295406140657,37633900
2007-10-04,21.182958602905273,21.225739035275105,20.990452096929804,21.07601024182508,37868000
2007-10-05,21.275650024414062,21.382598394766834,21.197220584858286,21.311299027890882,45012300
2007-10-08,21.275650024414062,21.28278009709389,21.104532359865168,21.147311436021813,30265400
2007-10-09,21.461017608642578,21.667784178148793,21.389718275739117,21.411108483586652,63603100
2007-10-10,21.553709030151367,21.653528655193128,21.411111702826073,21.41824177318062,32251500
2007-10-11,21.325550079345703,21.838902854082153,21.239991963517163,21.603615995671063,50788400
2007-10-12,21.51093292236328,21.67492048327507,21.354075432785315,21.411114643533853,31121100
2007-10-15,21.41824722290039,21.62501387610502,21.389726934225425,21.46102629599062,47150500
2007-10-16,21.61788558959961,21.80326340153266,21.553716294702696,21.56084636746039,56286200
2007-10-17,22.15974998474121,22.266698313331844,21.853163778838752,21.924463117873103,86092400
2007-10-18,22.216787338256836,22.266696463457993,21.83890182471402,22.25956639415473,49208600
2007-10-19,21.51093292236328,22.16688452593249,21.46815385428239,22.16688452593249,75200200
2007-10-22,21.75334358215332,21.888812178257602,21.475277680606013,21.475277680606013,58785100
2007-10-23,22.031410217285156,22.1882690263936,21.895941616670147,21.895941616670147,49956200
2007-10-24,22.28095817565918,22.31660716477153,21.746215179443357,21.995762182995094,77979200
2007-10-25,22.808578491210938,22.97256743005073,22.452083044908946,22.509122261920375,169588700
2007-10-26,24.9760684967041,25.689059343608307,24.640964648153208,25.674799200288916,288121200
2007-10-29,24.64809226989746,25.16144652731698,24.562534133608914,24.847728827852112,114655600
2007-10-30,25.36107635498047,25.375336493884905,24.491226920713437,24.505487059617874,107297300
2007-10-31,26.245201110839844,26.38066842903394,25.31831058475457,25.325442018253977,185635800
2007-11-01,26.423437118530273,26.730023346369695,25.924343069500257,26.04555018663299,152078800
2007-11-02,26.423437118530273,26.737152056853603,25.967120772091217,26.5375155251791,96389800
2007-11-05,26.18814468383789,26.451950447023965,26.116846711034086,26.20953353171037,75485400
2007-11-06,25.959989547729492,26.138237210847617,25.574973942631914,26.088328082762022,100966700
2007-11-07,25.325429916381836,25.781743527873527,25.275520785115162,25.696185405679753,74897800
2007-11-08,24.769298553466797,25.596367671322824,24.526881602379145,25.38246828165911,133742400
2007-11-09,24.049175262451172,24.626698691252567,23.99213742248266,24.37002161178528,125136900
2007-11-12,23.799638748168945,24.034924348097253,23.54296157017833,23.756858311888966,84865200
2007-11-13,24.6508846282959,24.801107011955676,23.87831042030611,23.992765959594795,104311500
2007-11-14,24.27175521850586,24.858340296401863,24.14299237420325,24.765344302442028,84063100
2007-11-15,24.150144577026367,24.393362978964834,23.999922168756193,24.150144577026367,64014100
2007-11-16,24.386219024658203,24.507826902720257,24.114385958211045,24.221689274366597,71113800
2007-11-19,24.293216705322266,24.493515994996336,24.228835278076307,24.293216705322266,63026200
2007-11-20,24.73674201965332,25.01572738051851,24.393372482918053,24.48636851281872,100009400
2007-11-21,24.486364364624023,24.844038403363204,24.450597506517376,24.60797495679025,89518700
2007-11-23,24.400522232055664,24.636585667722095,24.114381922749942,24.579359243162685,33467200
2007-11-26,23.58502960205078,24.58651538423172,23.556415020859042,24.386218773562863,80335000
2007-11-27,23.64940643310547,24.03569228851219,23.3775734224713,23.79962886181009,84178400
2007-11-28,24.107234954833984,24.243150130842125,23.534956938961788,23.87832374848511,88585000
2007-11-29,24.028541564941406,24.27176001571343,23.82824498036549,24.021389284993536,53633600
2007-11-30,24.035696029663086,24.40767738399915,23.742403406087647,24.264607212510423,71027800
2007-12-03,23.549253463745117,24.064304866650073,23.377571482000732,23.964156589159863,61770600
2007-12-04,23.44196319580078,23.77817775679551,23.3418148743565,23.42050362087332,54801500
2007-12-05,24.429141998291016,24.693820066881422,23.627950053570476,23.706638791787388,84894700
2007-12-06,24.715280532836914,24.758202408552968,24.22884352340258,24.507828893464673,49209700
2007-12-07,24.700969696044922,24.822580295369374,24.479213525428918,24.758198855453255,40771000
2007-12-10,24.865501403808594,25.001419303740928,24.65805250662831,24.779660386739625,36083500
2007-12-11,24.393369674682617,25.030031790422388,24.27176180475121,24.844039752032995,55070700
2007-12-12,24.658050537109375,25.101565606850254,24.27176189789804,24.75819883716346,63345400
2007-12-13,25.194561004638672,25.35909074050097,24.522132042864595,24.665202208912472,73913200
2007-12-14,25.258947372436523,25.638081066943872,25.044340717064006,25.072955301625274,71126200
2007-12-17,24.600814819335938,25.130173487002537,24.579355254712894,25.058637056866086,58121200
2007-12-18,24.85118865966797,25.037177923555184,24.47205239550291,24.779652228299167,52791800
2007-12-19,24.886959075927734,25.13732979949392,24.593666487391822,24.815422634311524,58469100
2007-12-20,25.40917205810547,25.60231642743739,25.094419787066716,25.244642275823583,59345000
2007-12-21,25.795452117919922,25.795452117919922,25.573693236148475,25.680996537065436,83240500
2007-12-24,26.167438507080078,26.267586818624014,25.78830210487354,25.845531270805406,29622600
2007-12-26,26.18890380859375,26.210363386093974,25.938530246128966,26.045833591304934,30252400
2007-12-27,25.73107147216797,26.14597194217459,25.709609174024664,26.00290177951023,33311100
2007-12-28,25.83836555480957,25.917054260943694,25.516458451913483,25.824058269254667,33447200
2007-12-31,25.46639060974121,25.7453786537474,25.4091641822164,25.68099721725926,35229700
2008-01-02,25.194561004638672,25.723917071528426,25.037183549102366,25.602309204131423,63004200
2008-01-03,25.301868438720703,25.502167816998426,24.93704200883441,25.194567831736354,49599600
2008-01-04,24.593673706054688,25.18025905529932,24.386222057731405,25.173104044619468,72090800
2008-01-07,24.758197784423828,24.894112938884213,24.500672035899814,24.71527591672436,80164300
2008-01-08,23.928386688232422,24.829723799637645,23.892619840662515,24.829723799637645,79148300
2008-01-09,24.63660430908203,24.708140804954876,23.856874241516895,23.864029255523327,74305500
2008-01-10,24.557905197143555,24.679513082199666,24.16446150116945,24.572209759872756,72446000
2008-01-11,24.257455825805664,24.49352202678664,24.12154065874297,24.421985573987868,55187900
2008-01-14,24.600814819335938,24.729577664745765,24.379058708002404,24.65088895601356,52792200
2008-01-15,24.321836471557617,24.59366952560809,24.321836471557617,24.343296042275412,61606200
2008-01-16,23.771018981933594,24.071466627529485,23.255967434533012,23.906934149681337,120778500
2008-01-17,23.685176849365234,24.178766073109074,23.585028548504443,23.992776761344253,94247800
2008-01-18,23.613637924194336,24.321833694213804,23.585026076116694,23.720941223203308,117062000
2008-01-22,22.862518310546875,23.270266396692975,22.53345893029488,22.562073501317407,108521400
2008-01-23,22.841064453125,22.926905458802718,22.204405097412227,22.519157270788103,137597400
2008-01-24,23.785324096679688,23.864012823538168,22.97697998736495,23.14150972132522,155640400
2008-01-25,23.563562393188477,25.03718027155226,23.513488250952257,24.96564656231083,196992300
2008-01-28,23.40618896484375,23.67801925786938,23.191582367731826,23.620792833119438,81019000
2008-01-29,23.320358276367188,23.52780998088002,23.141521164650143,23.499195388084228,68023000
2008-01-30,23.034212112426758,23.46341993207204,22.926908793097052,23.291737895748632,106432600
2008-01-31,23.320358276367188,23.42050935115245,22.690852243467507,22.826768830409744,103642200
2008-02-01,21.782350540161133,23.785324706522005,21.639280372098966,22.218711960356078,291138900
2008-02-04,21.596357345581055,21.9754909271623,21.539129557922482,21.810961208196172,119998600
2008-02-05,20.79517364501953,21.41752722992144,20.666410740252342,21.396066290987402,137534100
2008-02-06,20.4017333984375,20.99547241990953,20.237203620486852,20.945398258308774,138315600
2008-02-07,20.11559295654297,20.58772268220781,19.958215471709035,20.272969076958425,164964900
2008-02-08,20.430341720581055,20.802323066716557,20.20143054278021,20.237198767072993,124872000
2008-02-11,20.17997169494629,20.466112061204388,19.965367784671102,20.401730615238154,156814100
2008-02-12,20.272964477539062,20.47326242896771,20.108434748375263,20.337345913197623,84365900
2008-02-13,20.71648597717285,20.780867432903978,20.408887356302415,20.47326881203354,88986200
2008-02-14,20.38742446899414,20.773713166485418,20.35880988499399,20.65925619490327,69113500
2008-02-15,20.330184936523438,20.487560964475517,20.208575753518478,20.251496240338557,68166100
2008-02-19,20.229652404785156,20.710797900628165,20.157839378445093,20.68207214220432,68261200
2008-02-20,20.26555633544922,20.294282091183216,20.05011864632195,20.21528763263415,93056200
2008-02-21,20.179386138916016,20.796974952840273,20.078847341987174,20.552812825292357,98776500
2008-02-22,19.877775192260742,20.387645207877014,19.53307422088186,20.279926325536103,125705400
2008-02-25,19.9926815032959,20.279932398801808,19.734155012480418,19.85623681428547,109974300
2008-02-26,20.380462646484375,20.725164968641188,19.870592658886313,19.920861376568393,108923500
2008-02-27,20.29428482055664,20.595898447730416,20.17938452160659,20.244016110980944,75199500
2008-02-28,20.05730438232422,20.301467879494975,19.963947025907316,20.12193597685293,83002900
2008-02-29,19.533077239990234,19.98549716363781,19.403814013313752,19.884959707209486,117411400
2008-03-03,19.382261276245117,19.669512005496642,19.296086742329422,19.56179315324226,76544300
2008-03-04,19.813140869140625,19.841865261285882,19.360719707805277,19.40380835060274,86925600
2008-03-05,20.19374656677246,20.40200283636708,19.89213295206475,19.928038780357756,106489800
2008-03-06,19.798770904541016,20.229647590317203,19.74850220898232,20.150653143171123,91127700
2008-03-07,20.01422119140625,20.157845920982428,19.619250103201765,19.63361298707538,77597600
2008-03-10,20.143482208251953,20.294289743279563,19.928044437892442,19.985494601302975,72175100
2008-03-11,21.026771545410156,21.069858807487734,20.38045576564969,20.394818642915336,98740700
2008-03-12,20.55999183654785,21.177581988366104,20.495361615043745,21.134494717456818,75993800
2008-03-13,20.552810668945312,20.818517090040697,20.222471290356978,20.495360520893374,84552200
2008-03-14,20.078840255737305,20.832874802850053,19.849039720520963,20.624617211735725,105214900
2008-03-17,20.323013305664062,20.631808434961552,19.590524094685694,19.60488560765869,84490100
2008-03-18,21.12731170654297,21.17039897424873,20.588716066202533,20.588716066202533,83695300
2008-03-19,20.552810668945312,21.249393885290036,20.552810668945312,21.09858639057896,61442100
2008-03-20,20.954965591430664,20.983689985923817,20.531270157327974,20.638989033687,60170200
2008-03-24,20.947786331176758,21.112955383437082,20.868791841087052,21.062686660550895,48294700
2008-03-25,20.926240921020508,21.091411334438863,20.782616201607897,21.0626855687244,49149000
2008-03-26,20.509716033935547,20.875961134327863,20.380452896183062,20.847236753560185,45868100
2008-03-27,20.143482208251953,20.45945879186985,20.107576369765347,20.45227735022854,47894400
2008-03-28,20.042943954467773,20.416370686400242,19.985493793379693,20.272744598820097,49244000
2008-03-31,20.380462646484375,20.531270169250448,19.992674417422723,20.021398811932556,46780600
2008-04-01,21.184762954711914,21.213488714488804,20.559991376760728,20.703617436205946,65796200
2008-04-02,20.940603256225586,21.24221693973994,20.825702935812487,21.23503549849914,49499400
2008-04-03,20.825706481933594,21.05550716188937,20.682080372101186,20.825706481933594,38961400
2008-04-04,20.940603256225586,21.01241629891374,20.638989572711232,20.919058932503184,43860800
2008-04-07,20.940603256225586,21.249398380980743,20.847247259534893,21.220672616017538,44428600
2008-04-08,20.646163940429688,20.825695800781247,20.495357835199684,20.782608537818305,44733500
2008-04-09,20.7467098236084,20.854430079622777,20.495366212161393,20.62462805388273,45839300
2008-04-10,20.90469741821289,21.11295373530146,20.68207684892391,20.703621172644738,65591600
2008-04-11,20.30864906311035,20.832881883462072,20.258378980441815,20.7323444575644,54373700
2008-04-14,20.150665283203125,20.33019722962797,20.057309273739026,20.279928503784223,43418100
2008-04-15,20.28710174560547,20.452270740819312,20.129114189712162,20.19374577387749,34310000
2008-04-16,20.789791107177734,20.861602759448065,20.380457292751714,20.516901897560388,54107400
2008-04-17,20.98369026184082,21.069866185893076,20.753889623994603,20.911878589803763,48743300
2008-04-18,21.543827056884766,21.615640087684977,21.26375774345555,21.551008496936753,73658900
2008-04-21,21.845434188842773,21.97469733186799,21.629996530280227,21.680265225963538,54411700
2008-04-22,21.723365783691406,22.04652383910542,21.522289508131568,22.00343518523684,67387500
2008-04-23,22.585113525390625,22.592293596023783,21.759265691168824,21.866985926741886,98351500
2008-04-24,22.836456298828125,23.051894023079097,22.376855089908908,22.714374556494004,115416700
2008-04-25,21.4217472076416,21.823898298037637,21.256578181015342,21.579734793581533,145194900
2008-04-28,20.818513870239258,21.428922454959768,20.696432153295156,21.40019670051675,97473000
2008-04-29,20.567174911499023,20.753888259906958,20.430731647820718,20.6820752228701,84428900
2008-04-30,20.480993270874023,20.976500178437625,20.47381183268508,20.638980801872947,74733600
2008-05-01,21.11295509338379,21.177586698983816,20.45227752369902,20.46664040710346,71699400
2008-05-02,20.998056411743164,21.270945738941037,20.72516845426535,21.249401412145396,66024200
2008-05-05,20.883150100708008,21.708996548869347,20.818518508530893,21.493558821425403,119687700
2008-05-06,21.32839012145996,21.443290427093547,20.775431544523514,20.82570025702325,93582000
2008-05-07,20.976499557495117,21.644358222384984,20.883143603240914,21.32120173176421,88775000
2008-05-08,21.019590377807617,21.10576490307392,20.825695641379365,21.02677181653304,69589900
2008-05-09,21.105772018432617,21.220672337336786,20.78979682630607,20.976508817235462,51621200
2008-05-12,21.53664207458496,21.586910776961254,21.077040944608118,21.11294676924278,64278800
2008-05-13,21.464567184448242,21.716836008793685,21.28437438148036,21.62313635614566,70934700
2008-05-14,21.57268524169922,21.81053971584917,21.428530431709245,21.54385372979636,66730400
2008-05-15,21.947481155395508,22.00514279000895,21.57988771919912,21.608717849124936,53355800
2008-05-16,21.615930557250977,21.969108320051745,21.56547678753117,21.961900442268615,81538200
2008-05-19,21.23392105102539,21.543852918498928,21.12580563498539,21.52943853785247,59615000
2008-05-20,20.729385375976562,21.12580909123341,20.635684325253237,21.118601212349898,75767600
2008-05-21,20.361780166625977,20.938396400201032,20.318534292798233,20.765411530128517,60125100
2008-05-22,20.520355224609375,20.686133642645533,20.311332294994475,20.3834096887369,52203100
2008-05-23,20.21763801574707,20.41945451060387,20.14556197272044,20.36900073058027,48890700
2008-05-27,20.498735427856445,20.54198131938492,20.217633696016104,20.260880962306683,47334500
2008-05-28,20.311338424682617,20.592438832872258,20.210430867847844,20.58523095384658,52318500
2008-05-29,20.405033111572266,20.6717190712435,20.282501947630674,20.33295571370744,47699200
2008-05-30,20.412242889404297,20.686136751840277,20.325751103722936,20.455488782244977,63399200
2008-06-02,20.037443161010742,20.441076110483912,19.8572503218838,20.354582942807586,77028400
2008-06-03,19.68425941467285,20.405030553435438,19.655429283998508,20.116722372882773,86616700
2008-06-04,19.85004234313965,19.92211837362496,19.60497999015554,19.662641639401087,79567400
2008-06-05,20.397823333740234,20.397823333740234,19.89328434522099,19.979776114790283,76063400
2008-06-06,19.814002990722656,20.30412769762065,19.814002990722656,20.174388642881517,78500800
2008-06-09,19.97257423400879,20.116729059582383,19.677058078868992,19.929328336241632,66787100
2008-06-10,20.102310180664062,20.390619787043658,19.691470778763854,19.72030228930665,77433900
2008-06-11,19.54731559753418,20.138347763042912,19.54010772054481,20.073478244900542,59330800
2008-06-12,20.354581832885742,20.578020556285747,19.597772499725814,19.74913381645292,113996300
2008-06-13,20.952821731567383,21.31320738604845,20.541982305420913,20.635681970690634,131969100
2008-06-16,20.851913452148438,20.981652503143682,20.64288912004229,20.91678297764606,74718900
2008-06-17,20.758214950561523,20.98886294425592,20.7510084466369,20.931201289522892,44256700
2008-06-18,20.513145446777344,20.801454995029,20.513145446777344,20.578014957657786,49677800
2008-06-19,20.851913452148438,21.039314150834667,20.419450407084987,20.578019594544667,62037800
2008-06-20,20.34737777709961,20.84471046433063,20.25367809315642,20.83029470533554,97480400
2008-06-23,20.15996742248535,20.477107095357724,20.030229777673817,20.397821833449182,57145300
2008-06-24,19.986988067626953,20.188804529051236,19.82841887456927,20.12393500126351,65218300
2008-06-25,20.433868408203125,20.664515024313125,20.00861319421446,20.044651212445793,64280200
2008-06-26,20.001399993896484,20.3257475707293,20.001399993896484,20.203216416677115,67049100
2008-06-27,19.914907455444336,20.116723884375833,19.792376297657704,19.950946839947434,73450200
2008-06-30,19.828413009643555,20.167174929741893,19.813997257785303,19.986982155799033,57830500
2008-07-01,19.36712646484375,19.734718637582716,19.057194569415557,19.655434725208735,100327800
2008-07-02,18.653560638427734,19.460825099293785,18.653560638427734,19.38874769434397,84669000
2008-07-03,18.725627899169922,18.812121013206337,18.451735558450515,18.718420025103434,37074500
2008-07-07,18.761680603027344,19.021157380018373,18.34363323340372,18.819342261776725,71527600
2008-07-08,18.63193702697754,18.884207238611143,18.386874692791988,18.6895986717999,65553200
2008-07-09,18.18505859375,18.6319373806782,18.149020580587663,18.58869148993098,54255800
2008-07-10,18.343626022338867,18.502195177873933,18.004862707440438,18.16343323773735,57830600
2008-07-11,18.199474334716797,18.48057468649747,17.925581860515386,18.134604811265554,69532600
2008-07-14,18.12740135192871,18.60311039000901,18.069739692002685,18.365255870968863,51216200
2008-07-15,18.84816551208496,19.201343214633546,17.96882519399023,17.96882519399023,92719300
2008-07-16,19.64822769165039,19.66985132764333,18.68239394682899,18.833755274492713,82060400
2008-07-17,19.835622787475586,20.116723101855477,19.540106719855213,19.878868672435132,96526100
2008-07-18,18.6391544342041,19.078824185232047,18.098575722073008,18.999540242291495,150277000
2008-07-21,18.480575561523438,18.862584842739178,18.40129165392179,18.49499131736452,77575600
2008-07-22,18.59589958190918,18.69680850195887,18.3652529785308,18.408500247735898,88657200
2008-07-23,19.04999351501465,19.345509759591767,18.631946044044867,18.639153924981223,79408800
2008-07-24,18.3364200592041,18.86258271519745,18.3364200592041,18.80492107309903,81092600
2008-07-25,18.855379104614258,18.898625002283094,18.37967010597013,18.480577658784856,58682300
2008-07-28,18.379669189453125,18.81934014724239,18.264345884912043,18.783300755346907,59707800
2008-07-29,18.8193416595459,18.87700331645007,18.30759325160431,18.39408642434174,66368200
2008-07-30,18.905826568603516,19.09322722894749,18.66797214869806,18.884204314369647,51977700
2008-07-31,18.53823471069336,18.941867571250597,18.531026833744626,18.631935736264914,60461000
2008-08-01,18.3364200592041,18.704013543117288,18.069734105272655,18.682389911794633,82720200
2008-08-04,18.22109603881836,18.415703213811554,18.0985648824646,18.30037993427413,60588300
2008-08-05,18.891416549682617,18.94187169931961,18.379669547653446,18.480577097402914,84297600
2008-08-06,19.475238800048828,19.576146331472685,19.013944281906895,19.266214485228545,95550000
2008-08-07,19.74192237854004,20.001400445869738,19.26621350494355,19.38874466176458,82565800
2008-08-08,20.27529525756836,20.347372659653605,19.597771252348515,19.713094545780066,80814100
2008-08-11,20.109529495239258,20.46991533341474,19.936544457886573,20.080699343061912,68743800
2008-08-12,20.268085479736328,20.441070391932822,19.878868396222813,20.02302317710083,62813000
2008-08-13,20.116731643676758,20.54198692150649,20.00861619798975,20.23205496904457,51165200
2008-08-14,20.116731643676758,20.38341769281637,19.864461353898744,20.051862101312057,49732300
2008-08-15,20.044649124145508,20.289711471921763,19.87887205793279,20.167180298033635,47267400
2008-08-18,19.958158493041992,20.217635236748983,19.857249572102745,20.023028022659293,38078200
2008-08-19,19.770008087158203,20.081176081512766,19.733826340010307,19.92921108719738,40332900
2008-08-20,19.748306274414062,19.95816296333528,19.661468119527104,19.929217831870055,41497200
2008-08-21,19.668704986572266,19.704886746405077,19.437138411052683,19.61081334269237,43614200
2008-08-22,20.14630699157715,20.175252117069615,19.697645814358353,19.70488244079281,47930400
2008-08-25,20.01605796813965,20.146314532223407,19.871328145769716,19.979876202670106,51381300
2008-08-26,19.73383140563965,20.05947135429729,19.66146651252277,19.958161332080984,44774400
2008-08-27,19.943687438964844,20.1101271018792,19.63251937469536,19.784485783400555,33975300
2008-08-28,20.218671798706055,20.269326803309053,19.972632021852615,19.979868648259522,48372600
2008-08-29,19.748306274414062,20.10289276139833,19.748306274414062,20.030527862366803,50735500
2008-09-02,19.610809326171875,20.088415635423132,19.581862820037674,20.023287376866563,66079200
2008-09-03,19.466083526611328,19.66870497014456,19.422665138799086,19.53844842646217,57127700
2008-09-04,19.06808090209961,19.45884919909919,19.06808090209961,19.350302526612964,66141900
2008-09-05,18.561519622802734,18.973997621937986,18.54704637154478,18.83650587572304,82305200
2008-09-08,18.901636123657227,19.053601137189737,18.575994837165627,18.966763000710195,62110800
2008-09-09,18.887157440185547,19.248980374364407,18.850974318620686,18.959522303070308,85735700
2008-09-10,19.133203506469727,19.437134927428424,18.995710359305086,19.19109513997398,75064900
2008-09-11,19.784486770629883,19.871323539726944,18.836510656554548,18.887165668568763,72913300
2008-09-12,19.987102508544922,20.073939252919303,19.49502302293954,19.639751390311897,75628500
2008-09-15,19.408185958862305,19.893028845556085,19.343057706900062,19.48055083662538,82349400
2008-09-16,18.807565689086914,19.169388810570492,18.467452451780794,18.879930589432764,111729700
2008-09-17,17.779983520507812,18.720724229149564,17.729328517012743,18.619412841914095,106972100
2008-09-18,18.2793025970459,18.344430863396955,17.37474487577628,17.946424637890996,132291300
2008-09-19,18.206926345825195,19.104246879947166,17.005674551738956,19.082538391535586,134926100
2008-09-22,18.380605697631836,19.046359984959214,18.32271408048359,18.973995118462643,105207700
2008-09-23,18.40955352783203,18.937814745047856,18.337188656101546,18.568755141442995,92181300
2008-09-24,18.61216926574707,18.879918815985384,18.424021194274566,18.510859296586805,80250300
2008-09-25,19.2562198638916,19.451603228433935,18.626647257435838,18.684538880308597,96203500
2008-09-26,19.827903747558594,19.943687018298707,18.916109455296084,18.937819336151904,100744300
2008-09-29,18.0983829498291,20.016044184301077,18.0983829498291,19.49501966700997,134383100
2008-09-30,19.314111709594727,19.314111709594727,18.481919103605733,18.648357348754494,107192700
2008-10-01,19.162147521972656,19.531207181754212,19.01741913672687,19.089782639227096,88957000
2008-10-02,18.995708465576172,19.19832985276395,18.597703697443166,18.945053463840548,93819800
2008-10-03,19.046367645263672,19.87856049406328,18.988476004831846,19.082550783187052,114289400
2008-10-06,18.026020050048828,18.807557601153995,17.468812351324708,18.547044624037248,146374600
2008-10-07,16.810298919677734,18.243117896075077,16.74517065891009,18.07667962088906,145941200
2008-10-08,16.65109634399414,17.58459906260252,16.282036680278388,16.571494834100935,171598600
2008-10-09,16.137306213378906,17.30237678476224,15.970867954679942,17.201066780379445,131948700
2008-10-10,15.558389663696289,16.173489065984498,14.94329026140808,15.7682476751662,228467500
2008-10-13,18.452970504760742,18.452970504760742,16.376106158289662,16.5425457647698,144935400
2008-10-14,17.439863204956055,18.619405194084816,17.078040322613585,18.55427696484359,165674900
2008-10-15,16.397823333740234,17.54842094090367,16.26756679251484,17.208307712339536,113280200
2008-10-16,17.50499725341797,17.50499725341797,15.420895985366384,16.60043974685796,161147800
2008-10-17,17.316844940185547,18.17074724079191,16.86818391808487,17.056331999595162,133673100
2008-10-20,17.888530731201172,17.910240610647865,16.65109658789237,17.51223581584273,93484300
2008-10-21,16.904376983642578,18.09839303012086,16.839248710175973,17.584603470578266,100385600
2008-10-22,15.580093383789062,16.68727049007287,15.124195791588312,16.672798624161597,150054800
2008-10-23,16.151779174804688,16.347163934236665,15.116965130678222,15.594571400237319,154774100
2008-10-24,15.891274452209473,16.542557323403294,15.160392794973717,15.23999296126164,153919700
2008-10-27,15.326824188232422,15.89126724701735,15.211040925904983,15.681410601640875,117683900
2008-10-28,16.71622085571289,16.795820967525614,15.442603884013856,15.659697105677708,134088800
2008-10-29,16.64386749267578,17.345804016130504,16.42677412095667,16.737940919021796,111701800
2008-10-30,16.376108169555664,17.280665658335135,16.20243329733943,17.143173913817193,95323000
2008-10-31,16.159015655517578,16.578730294092896,16.007050653044136,16.303745412369175,93055200
2008-11-03,16.36887550354004,16.57873215627694,16.072179330643742,16.267564110266154,61923500
2008-11-04,17.02739143371582,17.121464809484305,16.54978516851682,16.737931920053786,72123000
2008-11-05,15.978104591369629,16.889898772157128,15.956394713168036,16.88266214608993,81179700
2008-11-06,15.109724044799805,15.978099576903928,15.09525217745246,15.82613461792038,95509700
2008-11-07,15.558389663696289,15.587336167448802,15.196566648261493,15.42813315730052,71256300
2008-11-10,15.413653373718262,15.898496064153251,15.334053282620806,15.811659350184266,67106800
2008-11-11,15.341296195983887,15.413659693881488,15.044601437818923,15.406424448287927,78014500
2008-11-12,14.690009117126465,15.196561726783855,14.675537250182257,15.116960247489025,90162300
2008-11-13,15.377477645874023,15.377477645874023,13.561126003014301,14.581466762273854,148413700
2008-11-14,14.516338348388672,15.442605723672628,14.219643599322172,14.878161347761985,96624500
2008-11-17,13.980839729309082,14.646594067859283,13.857819860873335,14.284771087782982,97289000
2008-11-18,14.29411792755127,14.323259136289053,13.660280309756516,14.206691522146777,108966500
2008-11-19,13.325145721435547,14.534535483988732,13.296003129761854,14.301398919384948,103010500
2008-11-20,12.77145004272461,13.72584776548252,12.749593097160858,13.201293578310805,139532800
2008-11-21,14.337828636169434,14.352399933507527,13.099296154339502,13.128438749015688,157231900
2008-11-24,15.0736665725708,15.255803670002942,14.476257115328702,14.490827027030484,125289900
2008-11-25,14.563674926757812,15.248510462812854,14.243113405047675,15.197512323139781,92948100
2008-11-26,14.927962303161621,15.066386941603572,14.374265138990149,14.374265138990149,79678300
2008-11-28,14.731245040893555,14.796814494232477,14.58553622538134,14.73853069010849,28650800
2008-12-01,13.55828857421875,14.53454371459623,13.551002922174614,14.483544150287283,79639900
2008-12-02,13.951696395874023,14.068263985375168,13.521852888490322,13.835128806372879,79689800
2008-12-03,14.476253509521484,14.49810906642817,13.550996951530088,13.58742380610485,80961500
2008-12-04,13.922560691833496,14.512684520444303,13.689425420757415,14.133839010147758,78719200
2008-12-05,14.476253509521484,14.556392867505046,13.456284906283024,13.776846507003553,91996200
2008-12-08,15.306796073913574,15.481647454887938,14.672958601985663,14.825954428835264,107225000
2008-12-09,15.008095741271973,15.481651873604267,14.906098031062008,15.022667041244203,80484900
2008-12-10,15.015382766723633,15.270373591617538,14.789531765252208,15.168377261659977,61499000
2008-12-11,14.170267105102539,14.658394594517068,14.068269382959034,14.651108943678546,83564300
2008-12-12,14.104698181152344,14.461686748433692,13.623856324030864,13.951702286834129,78112600
2008-12-15,13.871561050415039,14.16298010828181,13.762277687818782,14.090124996416197,59925900
2008-12-16,14.651107788085938,14.702105950337353,13.842418673540077,13.995413160294321,97688700
2008-12-17,14.323258399963379,14.60739177112909,14.206690791813575,14.432540358904383,78922700
2008-12-18,14.060979843139648,14.585535441665387,13.835130287994081,14.468967839680873,80759200
2008-12-19,13.929841041564941,14.425252609268137,13.922555393416987,14.148404927622371,113530400
2008-12-22,13.97355842590332,14.053699193952099,13.762278724536827,14.017270940477298,58575400
2008-12-23,14.046408653259277,14.257686891477368,13.849700321763079,14.046408653259277,47511400
2008-12-24,13.966269493103027,14.170263495835503,13.915271339818773,14.031838944352915,16880400
2008-12-26,13.937131881713867,14.082842134291779,13.907990664955857,13.988131442833305,23101000
2008-12-29,13.813277244567871,13.995414347832293,13.58014197472474,13.951701832135662,58512800
2008-12-30,14.090127944946289,14.19940994081545,13.842421346525006,13.849706998195746,43224100
2008-12-31,14.162981033325195,14.337832479465535,14.039127751942983,14.068268964835156,46419000
2009-01-02,14.811381340026855,14.862379479604714,14.111975900796086,14.228543474001214,50084000
2009-01-05,14.949803352355957,15.059085260247317,14.614670593281621,14.71666824496243,61475200
2009-01-06,15.124662399291992,15.299513819043884,15.015380435646506,15.117376749769553,58083400
2009-01-07,14.213976860046387,14.782245008725695,14.19211991177565,14.709389904085445,72709900
2009-01-08,14.658390045166016,14.70938819561217,14.243116413828655,14.301400212852172,70255400
2009-01-09,14.221261978149414,14.789528716002168,14.141121227079724,14.694818056225206,49815300
2009-01-12,14.184835433959961,14.417972065983978,14.060982162720435,14.359686865781232,52163500
2009-01-13,14.439826011657715,14.563679269046721,14.221262093722055,14.221262093722055,65843500
2009-01-14,13.90798282623291,14.337826300516738,13.84969903597045,14.228544367474024,80257500
2009-01-15,14.017271995544434,14.060984513408613,13.492717612386631,13.893418703599355,96169800
2009-01-16,14.359686851501465,14.50539707267212,13.951700177657546,14.301403040952334,79634100
2009-01-20,13.46357536315918,14.294121562099285,13.383435976556658,14.177552528721577,89873000
2009-01-21,14.11926555633545,14.170265105006655,13.449001059351371,13.747707143185972,68340900
2009-01-22,12.465460777282715,13.245007168383733,12.43631818080263,13.150295119418937,222436600
2009-01-23,12.531028747558594,12.74230698866664,12.203181523913825,12.363461616809424,117020600
2009-01-26,12.844303131103516,12.975442018989222,12.552884152243779,12.596598041269216,92476500
2009-01-27,12.86616325378418,13.092012844489872,12.698597473247558,12.953589663835608,61695000
2009-01-28,13.1430082321167,13.339715160646293,12.939014266328552,12.968155467386742,64145500
2009-01-29,12.815166473388672,13.084728603345884,12.793309521123575,12.95359105854269,49192800
2009-01-30,12.458173751831055,12.960872368812442,12.458173751831055,12.924444127236788,62370900
2009-02-02,12.990018844604492,13.208582824383438,12.38532368498046,12.40718063879671,88871700
2009-02-03,13.478137016296387,13.558277735117715,12.822444142071223,13.00458112877793,86865100
2009-02-04,13.572854042053223,13.842417520989283,13.47814337570009,13.507285974329108,75618000
2009-02-05,13.871561050415039,13.944414772684972,13.29600719523195,13.48542993024427,75195200
2009-02-06,14.323258399963379,14.519966759814487,13.88612917460386,13.958984277096365,86746000
2009-02-09,14.162981033325195,14.403401945467634,14.031842101320999,14.308689876977594,52196400
2009-02-10,13.696706771850586,14.425255033961694,13.623853057315902,14.024554045638798,83953200
2009-02-11,13.995414733886719,14.199408795424413,13.784136410861839,13.798707713027929,58599000
2009-02-12,14.031837463378906,14.07554996306676,13.507283298338733,13.820557833962878,75323200
2009-02-13,13.90798282623291,14.1848304825808,13.871555978417062,14.039121701722237,47416000
2009-02-17,13.269804000854492,13.570556768662547,13.123094719381752,13.56322116467657,75853300
2009-02-18,13.291813850402832,13.533883240766812,13.203787981577877,13.36516710877929,54946900
2009-02-19,13.1377592086792,13.482524024966347,13.06440460545651,13.423840622212731,49195600
2009-02-20,13.203777313232422,13.343150909959755,12.954372518719335,13.035062716686095,69413800
2009-02-23,12.624282836914062,13.313814111758825,12.587606221930873,13.218454073328624,70803400
2009-02-24,12.594942092895508,12.726980148243136,12.000772242954387,12.492246449457665,122674500
2009-02-25,12.440898895263672,12.646291608778046,12.074127091995898,12.477576915064486,105894600
2009-02-26,12.044785499572754,12.528924144815917,12.044785499572754,12.50691733398729,83219500
2009-02-27,11.846725463867188,12.118137133671143,11.810048854031265,11.949422489829134,93428000
2009-03-02,11.58265495300293,11.920085081761417,11.531307118048959,11.707357437515531,80602100
2009-03-03,11.648669242858887,11.91274461426663,11.472618995253724,11.758701172283237,80476600
2009-03-04,11.824721336364746,12.030112612254115,11.656005974716017,11.824721336364746,69285100
2009-03-05,11.201213836669922,11.648675289839895,11.201213836669922,11.634004078476028,89708500
2009-03-06,11.208542823791504,11.457947688776798,10.907790145272116,11.259891336887089,92821400
2009-03-09,11.11318588256836,11.545976742736645,11.076509260163641,11.149863204534809,66479100
2009-03-10,12.088796615600586,12.191493657610833,11.186538441061884,11.274563577634323,95184200
2009-03-11,12.550932884216309,12.616951927723322,12.052122955107107,12.198830852471051,84522200
2009-03-12,12.477579116821289,12.499585932585035,12.088800433070286,12.477579116821289,93694100
2009-03-13,12.213500022888184,12.506917167753318,11.868735052562062,12.455569342292334,82965800
2009-03-16,11.920084953308105,12.440900301227186,11.912749348518936,12.338204632425914,67028900
2009-03-17,12.396886825561523,12.396886825561523,11.927419359230887,11.971431584418532,62481000
2009-03-18,12.440898895263672,12.631620400857722,12.176824148314783,12.492248122984812,70710700
2009-03-19,12.572937965393066,12.800337508821785,12.411558862841543,12.741654071610004,58994600
2009-03-20,12.514254570007324,12.947045445562031,12.382216486058633,12.704976091363934,81725500
2009-03-23,13.445857048034668,13.636578593291206,12.697642077979864,12.741655710893927,71600000
2009-03-24,13.152436256408691,13.357827557797089,13.086417224070049,13.23312649573888,50044100
2009-03-25,13.115758895874023,13.431182866374701,12.851684152415737,13.189113535382637,73927100
2009-03-26,13.8126220703125,13.849298680409127,13.291806931500831,13.328483541597459,63775100
2009-03-27,13.299141883850098,13.658579398847703,13.24045846491391,13.599895979911516,47670400
2009-03-30,12.822341918945312,13.027734632659813,12.668298433001983,13.013063424725193,49633000
2009-03-31,13.475193977355957,13.783282286556132,13.042403223976589,13.07907983733154,92423300
2009-04-01,14.164725303649902,14.201403319963333,13.335821722692051,13.372498339882219,96438900
2009-04-02,14.150052070617676,14.590176966841534,13.93732382486961,14.30409550447144,99082300
2009-04-03,13.753944396972656,14.04736159761669,13.519210636457428,14.032690387803594,81858400
2009-04-06,13.761279106140137,13.761279106140135,13.401842883856904,13.59990000607118,47476100
2009-04-07,13.761279106140137,14.040025078827147,13.665917647685788,13.761279106140135,65815200
2009-04-08,14.076699256896973,14.392123165593109,13.907983199348575,13.915318801774427,56408900
2009-04-09,14.428797721862793,14.450804526003415,14.098702655367976,14.26741868886694,55759600
2009-04-13,14.370121002197266,14.56084252953413,14.208741894046174,14.443475651038144,44444700
2009-04-14,14.194071769714355,14.340779679489664,13.937331178702989,14.260090818806525,63796300
2009-04-15,13.8126220703125,14.120710352142343,13.577888407798902,14.091367944766647,72725500
2009-04-16,14.49482536315918,14.509496574652584,13.929996312776693,14.054698812223167,67688700
2009-04-17,14.084038734436035,14.44347495746025,13.93732944379928,14.44347495746025,61398500
2009-04-20,13.651246070861816,13.900650992671766,13.621903656943797,13.856637371794736,62937200
2009-04-21,13.915315628051758,13.996005837209687,13.621898593553997,13.63656979505958,60928300
2009-04-22,13.77595043182373,14.076703220348435,13.717266995017043,13.761279222841186,59401000
2009-04-23,13.878643989562988,13.893315196318325,13.548548833184334,13.878643989562988,86116300
2009-04-24,15.338391304016113,15.551119546643616,14.304095294641126,14.538828942283264,168478500
2009-04-27,14.964286804199219,15.272375123658753,14.876262369566872,15.074318047051232,68219600
2009-04-28,14.619515419006348,14.868920205615023,14.516819824210733,14.854249006609207,76685200
2009-04-29,14.854256629943848,15.323724046084358,14.714882966105911,14.751560982443928,79301600
2009-04-30,14.861593246459961,15.477769971716322,14.678207349636601,15.1109981780696,87439900
2009-05-01,14.846921920776367,14.927612162456008,14.568175975437327,14.810245301352902,63224500
2009-05-04,14.810242652893066,14.964286105872628,14.656197800790407,14.942280697803032,54313400
2009-05-05,14.516825675964355,14.846919391921181,14.406793038188972,14.773564766445295,66835500
2009-05-06,14.516825675964355,14.722216948349107,14.384787629932383,14.714881345889207,59639100
2009-05-07,14.172067642211914,14.663542101399855,14.040029518978747,14.641535281153018,68727200
2009-05-08,14.245413780212402,14.406792834681253,14.040021111605881,14.274754790514425,67597600
2009-05-11,14.172067642211914,14.47282052329905,13.944669429490308,14.08404315947242,63762600
2009-05-12,14.590185165405273,14.714887662508042,14.282096725452773,14.31143914788811,71966800
2009-05-13,14.4874849319458,14.670870817160305,14.42880150464209,14.612187389856594,49281700
2009-05-14,14.714886665344238,14.839589153996462,14.524165129810038,14.546171945145236,54539500
2009-05-15,14.83224868774414,15.037641366186142,14.65619842013235,14.766229662499326,61289900
2009-05-18,15.110997200012207,15.110997200012207,14.846921077959387,14.934946918351416,46073800
2009-05-19,14.992886543273926,15.310313719965114,14.94859480476159,15.140527548993681,51368300
2009-05-20,15.04455852508545,15.273402195124056,14.926446299004981,15.066705095478838,47450700
2009-05-21,14.6311674118042,14.933830201847897,14.402325123529224,14.867391891056943,58232800
2009-05-22,14.579492568969727,14.889537530554247,14.372795458577087,14.712369182221503,37318700
2009-05-26,15.015034675598145,15.09623737797647,14.358035088745524,14.42447340741704,44991700
2009-05-27,14.860006332397461,15.206962189678132,14.815714604577522,14.94859119604598,42892900
2009-05-28,15.096236228942871,15.229111448163122,14.800954209318261,15.000269150162167,45480800
2009-05-29,15.421041488647461,15.45795243862077,14.985502135023797,15.177434850858697,46134900
2009-06-01,15.797524452209473,15.871344942847724,15.398896055576916,15.502243897665219,57317100
2009-06-02,15.797524452209473,16.225681608300828,15.64988487894172,15.767997100759422,48935700
2009-06-03,16.041122436523438,16.063268994176372,15.716314705661672,15.731077669422305,56039600
2009-06-04,16.11495018005371,16.16662409662053,15.930399673453001,16.070658452711957,42330000
2009-06-05,16.343793869018555,16.469288280999645,16.10018723493864,16.210917267155192,59579200
2009-06-08,16.277359008789062,16.476673953715228,15.967314008240269,16.225685076699104,49000600
2009-06-09,16.29950523376465,16.47667360056536,16.15186422409288,16.284740851195668,50887700
2009-06-10,16.646453857421875,16.698129178040105,16.32902819310385,16.365937728394066,61297200
2009-06-11,16.8531551361084,17.17058228792264,16.661222406918185,16.675986787934864,65124600
2009-06-12,17.222257614135742,17.259167161670373,16.78671819478396,16.904830436505563,50963500
2009-06-15,17.2886962890625,17.377281176217938,16.993415678559398,17.148437471070146,69089600
2009-06-16,17.310842514038086,17.79805586355305,17.303460322923133,17.325605488259004,105295600
2009-06-17,17.480627059936523,17.583974909916414,17.10414379614125,17.347750448243033,86483100
2009-06-18,17.347747802734375,17.488006583466987,17.200106832699138,17.43633266635725,58852200
2009-06-19,17.768524169921875,17.96783907314123,17.532299725221346,17.746379008236673,115459000
2009-06-22,17.18534278869629,17.679938177010396,17.1631962221717,17.679938177010396,71291600
2009-06-23,17.229637145996094,17.46586159298006,17.133670084403377,17.259164497864706,56752700
2009-06-24,17.325599670410156,17.532296728194037,17.244398411430627,17.31083670114657,54287700
2009-06-25,17.56182861328125,17.657794266639563,17.126289262175316,17.296075407044743,57724300
2009-06-26,17.237024307250977,17.48801320656069,17.214877730955706,17.399428309388778,65126400
2009-06-29,17.61351203918457,17.739006520067637,17.38466825121517,17.421579220892262,62854900
2009-06-30,17.54707145690918,17.89402607942943,17.44372216304473,17.694711092700857,66452400
2009-07-01,17.746383666992188,17.93831502269035,17.6873261323046,17.753764450819013,54908400
2009-07-02,17.251779556274414,17.746374900896978,17.1336659532524,17.539677855618983,65422200
2009-07-06,17.126291275024414,17.185347393572403,16.882684610012834,17.1336720578351,49207700
2009-07-07,16.631694793701172,17.081997143621287,16.580019460948115,17.037705409270373,52842500
2009-07-08,16.653839111328125,16.74980617355968,16.24044632635429,16.46928858489228,73023400
2009-07-09,16.56525993347168,16.838393994786685,16.513585997980147,16.72028173994628,46981200
2009-07-10,16.52834701538086,16.639078473181144,16.351178654112974,16.380707418328775,43229200
2009-07-13,17.148435592651367,17.192728735381777,16.34379513716412,16.550492245879447,67584000
2009-07-14,17.059850692749023,17.141051964928373,16.875300170873363,17.12628899326496,45448700
2009-07-15,17.805429458618164,17.805429458618164,17.392035403811846,17.532294151264285,67238700
2009-07-16,18.041658401489258,18.041658401489258,17.613501271058247,17.66517518900547,64555100
2009-07-17,17.930925369262695,18.049037564194972,17.790666609777457,18.012126623273367,52860100
2009-07-20,18.108104705810547,18.108104705810547,17.827587015752076,18.04166637963929,47798000
2009-07-21,18.329561233520508,18.329561233520508,17.98998888506653,18.22621337234043,52028400
2009-07-22,18.307411193847656,18.381231684147192,18.09333332078862,18.233592111556863,66192500
2009-07-23,18.86844253540039,18.98655474156811,18.33693760764565,18.40337589961606,106060500
2009-07-24,17.310842514038086,17.635650475042073,16.83839213874404,17.42895475585935,215135700
2009-07-27,17.059850692749023,17.310839515140625,16.904827522208922,17.30345732530455,80950000
2009-07-28,17.325599670410156,17.38465577149005,16.904824774214863,16.971263063930806,70288400
2009-07-29,17.5692138671875,17.650416569319454,17.229641491015915,17.517539932379574,73626900
2009-07-30,17.576589584350586,18.034275453211947,17.502769101242805,17.86448932767007,67820000
2009-07-31,17.362510681152344,17.768521201655428,17.34774630382279,17.547061173746204,54258200
2009-08-03,17.591354370117188,17.613500937965178,17.347747755823836,17.58397218083452,46902900
2009-08-04,17.54707145690918,17.561835842891153,17.369903049153564,17.480633127999656,49218300
2009-08-05,17.576589584350586,17.90139886521966,17.561826614135914,17.5987361516855,53310300
2009-08-06,17.318222045898438,17.702087508087672,17.177964648874934,17.665177963188622,59686000
2009-08-07,17.39204216003418,17.58397488689473,17.347750425530624,17.53230096197244,46169700
2009-08-10,17.2886962890625,17.384661959472627,17.200111401907062,17.3182236461083,35261900
2009-08-11,17.074609756469727,17.27392461239945,17.0155536593063,17.214868515236024,33615800
2009-08-12,17.369897842407227,17.643031861153165,17.000796751554613,17.074615843317996,61972300
2009-08-13,17.436336517333984,17.60612268476731,17.273931132824757,17.443717300258083,38954500
2009-08-14,17.488008499145508,17.569209774352096,17.3551318931599,17.43633457637528,46330200
2009-08-17,17.163196563720703,17.421567546281654,17.14843218574383,17.214870478631177,42474400
2009-08-18,17.504676818847656,17.55664128192147,17.274547875552738,17.289395269552518,38878900
2009-08-19,17.55664825439453,17.608612738105595,17.259707336098465,17.259707336098465,41821300
2009-08-20,17.571496963500977,17.719968141674237,17.474991688836624,17.519532475918165,39505900
2009-08-21,18.120840072631836,18.12826377395876,17.645734515118658,17.764510904496955,69011400
2009-08-24,18.291576385498047,18.358388264822178,18.024330284127412,18.12083554541455,54180900
2009-08-25,18.291576385498047,18.42520014414631,18.15795262684978,18.26188300353504,43980300
2009-08-26,18.22476577758789,18.373236945538395,18.128260509568257,18.25446057754839,41079000
2009-08-27,18.328693389892578,18.395505263774538,18.039174797762154,18.120834069379168,45495600
2009-08-28,18.321266174316406,18.922571507909627,18.269301708143914,18.610783294949158,55808000
2009-08-31,18.298999786376953,18.447470941546996,18.0317536893671,18.239611607494112,49592800
2009-09-01,17.81647300720215,18.365814088346422,17.742237419820263,18.076296855075725,62608500
2009-09-02,17.712543487548828,17.920401426689235,17.65315530266214,17.682848687142478,40771300
2009-09-03,17.898128509521484,17.920398189877847,17.63830471659976,17.749657366158853,34120000
2009-09-04,18.2767276763916,18.410349999183367,17.875856460239252,17.883280158604187,44999700
2009-09-08,18.425201416015625,18.440048815984973,18.120836796273945,18.27673166410012,53737100
2009-09-09,18.395503997802734,18.521704038014086,18.313844731805478,18.365809204376212,49900300
2009-09-10,18.558822631835938,18.59593971072929,18.298998831805072,18.410351484410928,46256000
2009-09-11,18.45489501953125,18.685024040433014,18.417776522014254,18.506859500129142,54303500
2009-09-14,18.558822631835938,18.62563450658461,18.291575132841242,18.298998831805072,42806800
2009-09-15,18.70730209350586,18.759266593421895,18.454901880262458,18.536559773304905,44716600
2009-09-16,18.70730209350586,18.81865479560114,18.521713784704914,18.744419188895478,50055800
2009-09-17,18.781530380249023,18.8409185637594,18.6033658297179,18.6033658297179,42428800
2009-09-18,18.7518367767334,18.915153925491772,18.633060411104406,18.900306525806656,68016500
2009-09-21,18.781530380249023,18.83349627975584,18.63306062943608,18.640484329365627,28878700
2009-09-22,19.13043212890625,19.16754920279422,18.774103122249528,18.85576096798819,61376700
2009-09-23,19.08589744567871,19.486768797733795,19.03393295543294,19.24179233234219,60599900
2009-09-24,19.256628036499023,19.382828042974385,19.048768785855692,19.241780643754794,56302900
2009-09-25,18.967117309570312,19.167552945928886,18.944847627258838,19.07104768541877,50158900
2009-09-28,19.174978256225586,19.419954693713386,19.004237403172937,19.004237403172937,44358000
2009-09-29,19.115585327148438,19.271478741434265,19.071044553913293,19.234361666392587,39050300
2009-09-30,19.093320846557617,19.293756519435824,18.84092068425013,19.12301564961786,63533400
2009-10-01,18.469743728637695,18.90773215250144,18.410355539771057,18.86319136483299,75958100
2009-10-02,18.529123306274414,18.625629953285994,18.135677268855453,18.157946944377006,51219700
2009-10-05,18.291576385498047,18.60336468370203,18.202494823683132,18.543976503850125,60804900
2009-10-06,18.640480041503906,18.714714191871334,18.306420701147843,18.32126809759159,48795300
2009-10-07,18.633060455322266,18.692448638277693,18.469741890250354,18.55140117278631,38472700
2009-10-08,19.056198120117188,19.226938939414627,18.72213876416505,18.88545730081975,60521300
2009-10-09,18.967117309570312,19.14528326361741,18.900305430784123,18.981964708395218,39520000
2009-10-12,19.093320846557617,19.21952092771136,18.967120765403873,19.048780057893396,29145800
2009-10-13,19.160127639770508,19.256634308113572,18.94484603856618,18.996810514169784,37749000
2009-10-14,19.271480560302734,19.449646501910156,19.167551607636558,19.405104308545408,45365500
2009-10-15,19.828237533569336,19.828237533569336,19.226932315924962,19.226932315924962,65620100
2009-10-16,19.67234992980957,19.76885517438248,19.375409081978706,19.63523285480283,56500900
2009-10-19,19.568422317504883,19.73173944093436,19.48676304782727,19.664927568639175,48143200
2009-10-20,19.575851440429688,19.679780419052666,19.256639387886377,19.61296852824471,54604700
2009-10-21,19.73173713684082,19.857937168003474,19.590689710029483,19.642654178874295,61672700
2009-10-22,19.739166259765625,19.83567152615436,19.397683145620785,19.716895160171624,61600000
2009-10-23,20.800722122192383,21.788051115182512,20.696791785718183,21.67669849803369,281761000
2009-10-26,21.29068374633789,21.5430838734449,20.86754277322495,20.882388756758463,124149700
2009-10-27,21.22386932373047,21.43915092641487,21.112516672967793,21.327798275652196,69685800
2009-10-28,20.800722122192383,21.357486623861824,20.74875766191796,20.964039199615627,73542400
2009-10-29,20.949203491210938,21.0902509734314,20.674533643436828,20.83785081195316,65225500
2009-10-30,20.585445404052734,21.082821899506794,20.533480928037886,20.808152121735226,73371800
2009-11-02,20.696807861328125,20.823007969698935,20.347902345680087,20.56318546651766,62428900
2009-11-03,20.436967849731445,20.59286121808587,20.362732305594715,20.51862567394914,50294800
2009-11-04,20.83041763305664,21.075393982326258,20.503783444647482,20.555747910261417,63898400
2009-11-05,21.134782791137695,21.33521837828104,20.99373678471137,21.171901279085834,52681700
2009-11-06,21.171905517578125,21.25356337556039,20.9343528108555,21.067975146442613,38908500
2009-11-09,21.520816802978516,21.52824050409797,21.17933504704085,21.246146941189735,57518000
2009-11-10,21.53565788269043,21.736093506292367,21.387186735742524,21.453998610276503,65881100
2009-11-11,21.6173095703125,21.750931856571068,21.54307402288532,21.58761478497151,49693400
2009-11-12,21.795480728149414,21.891985978294574,21.52823324170784,21.535656940322966,55352400
2009-11-13,21.99591064453125,22.114688383321926,21.802900181819364,21.87713432166603,53037600
2009-11-16,21.929109573364258,22.122120118560126,21.802909499397074,21.98107405983438,54129500
2009-11-17,22.369028091430664,22.369028091430664,21.97384141649563,21.996210956573485,75648900
2009-11-18,22.4510498046875,22.47341792406384,22.22735865563192,22.369029574481996,59431200
2009-11-19,22.20499610900879,22.36903518840383,22.145345405393776,22.361578672678835,51967700
2009-11-20,22.085681915283203,22.197526742035716,21.944011042898477,22.115506538731278,42647100
2009-11-23,22.32429313659668,22.376487314247097,22.14534106085896,22.249729416159795,41832700
2009-11-24,22.30191421508789,22.361564881915307,22.182612881433062,22.331740259593637,37341400
2009-11-25,22.212448120117188,22.264642297422384,22.05586416601693,22.227359726358195,32033500
2009-11-27,21.787437438964844,21.914195348407393,21.436989770357698,21.705418619103057,29357900
2009-11-30,21.929107666015625,21.95893372476739,21.623397674733823,21.735242550683427,44172000
2009-12-01,22.376489639282227,22.40631427724511,21.929108692360355,22.01112893558173,49904200
2009-12-02,22.20499610900879,22.361578672678835,22.108062826768794,22.29447145333883,36308600
2009-12-03,22.242271423339844,22.518156743961402,22.19007724915904,22.249727937106325,43095200
2009-12-04,22.354116439819336,22.644914789981776,22.242271576918977,22.406310614360528,58810700
2009-12-07,22.212448120117188,22.42868134355081,22.13042788596064,22.20499160590435,38082700
2009-12-08,22.048402786254883,22.175160655531393,21.90673189184364,22.011121645602408,37402200
2009-12-09,22.152786254882812,22.227349942004004,21.809795285182975,21.973834259102368,44713300
2009-12-10,22.272098541259766,22.33920432399133,22.115514589060382,22.152795737487324,45940200
2009-12-11,22.25718879699707,22.36903368096492,22.2124511278469,22.346664135297406,43744200
2009-12-14,22.4510498046875,22.48833095177113,22.294465858130135,22.301922371983782,34651200
2009-12-15,22.383943557739258,22.525613060452475,22.279553781516512,22.287010295688468,49473200
2009-12-16,22.443592071533203,22.67473829970027,22.398854413026402,22.421222531187542,55737800
2009-12-17,22.070772171020508,22.33919951066387,22.048402633473415,22.33174442033252,43691200
2009-12-18,22.637453079223633,22.70456026599479,22.219896934384366,22.249722982808997,94118000
2009-12-21,22.756759643554688,22.995362396893544,22.644914780700173,22.66728289996032,40129100
2009-12-22,22.98044776916504,23.062467993233533,22.771671085622685,22.81640874321255,36321000
2009-12-23,23.055007934570312,23.077377471017535,22.88351242169444,22.898424023808314,28362700
2009-12-24,23.11465835571289,23.11465835571289,22.935706332653353,23.025181633090995,11083900
2009-12-28,23.241416931152344,23.248873443448808,23.03263885340423,23.114659066481043,25384000
2009-12-29,23.405458450317383,23.487478672208248,23.28615708512219,23.375633820110814,29716200
2009-12-30,23.084842681884766,23.330903424129815,22.965541279563777,23.22651363046028,42006200
2009-12-31,22.726926803588867,23.107200361518213,22.726926803588867,23.099743849929304,31929700
2010-01-04,23.077383041381836,23.18922790624624,22.808954227959564,22.831323769806293,38409100
2010-01-05,23.084842681884766,23.189232475554306,22.84623987724279,23.002823856654647,49749600
2010-01-06,22.94316864013672,23.174314883869513,22.756760057923422,23.02518744922503,58182400
2010-01-07,22.704565048217773,22.890973623581846,22.510699959176993,22.83877802784487,50559700
2010-01-08,22.86114501953125,23.0251840355725,22.54797859095475,22.577804642335565,51197400
2010-01-11,22.57035255432129,22.93571322225736,22.458507684085298,22.89843065072224,68754700
2010-01-12,22.421218872070312,22.667278086977902,22.301917520732346,22.480869547739296,65912100
2010-01-13,22.6299991607666,22.756757036730622,22.376483408838567,22.562891966304214,51863500
2010-01-14,23.084842681884766,23.189232475554306,22.562899402276667,22.60018055718264,63228100
2010-01-15,23.01028060913086,23.29362108701603,22.898434298890876,23.174319683465967,79913200
2010-01-19,23.189224243164062,23.293612577589876,22.876057817702236,22.928251984915143,46575700
2010-01-20,22.808950424194336,23.06992268014631,22.60017233499588,22.972989437160305,54849500
2010-01-21,22.376489639282227,22.905889407240647,22.3690331242453,22.823870586204094,73086700
2010-01-22,21.59357261657715,22.51816057013847,21.504097280545295,22.36903311383895,102004600
2010-01-25,21.86199378967285,22.115509523019753,21.69795478311252,21.802343112543248,63373000
2010-01-26,21.9962158203125,22.257188156854866,21.690505815906672,21.772526058810367,66639900
2010-01-27,22.122970581054688,22.23481544588049,21.638308552019794,21.88436782351041,63949500
2010-01-28,21.742694854736328,22.272095917579627,21.541373263703615,22.249726377847832,117513700
2010-01-29,21.011972427368164,22.309375792110025,20.62424229385421,22.294462766470783,193888500
2010-02-01,21.1834659576416,21.235660120271604,20.818105397047326,21.168552933408954,85931100
2010-02-02,21.22075080871582,21.250576862399335,20.98214806798577,21.153645032296946,54413700
2010-02-03,21.347503662109375,21.46680642654604,20.967231522544697,21.071619841469573,61397900
2010-02-04,20.758466720581055,21.250585427226223,20.736097171302603,21.161108652297514,77850000
2010-02-05,20.892671585083008,21.086536656650825,20.557135610795548,20.87775855907369,80960100
2010-02-08,20.668977737426758,20.937406481479133,20.55713290146635,20.885212319509893,52820600
2010-02-09,20.885221481323242,21.131280797249776,20.691356350262204,20.855395420151602,59195800
2010-02-10,20.870302200317383,21.056710760258248,20.75845734878975,20.900128252556456,48591300
2010-02-11,20.967239379882812,21.1760160959703,20.654072883566865,20.82556844954865,65993700
2010-02-12,20.8255672454834,20.922499083464782,20.56459494327788,20.736090499344357,81117200
2010-02-16,21.237585067749023,21.252567833796093,20.990375143313223,21.07277749890168,51935600
2010-02-17,21.41736602783203,21.462312880462463,21.245068568719798,21.372419175201596,45882900
2010-02-18,21.7020320892334,21.74698037226492,21.357437159000117,21.417366774207416,42856500
2010-02-19,21.552209854125977,21.664577709710453,21.492280235891936,21.567192615893187,44451800
2010-02-22,21.52225112915039,21.679567319730342,21.462321491985467,21.60465491606538,36707100
2010-02-23,21.22259521484375,21.5971556679323,21.042806368821417,21.48478781777268,52266200
2010-02-24,21.447330474853516,21.567191131909095,21.26005025215407,21.36492814847336,43165900
2010-02-25,21.424861907958984,21.46231738821204,20.990371764382616,21.177652023317858,48735300
2010-02-26,21.477304458618164,21.612146500704554,21.357445183171432,21.462321691978502,40370600
2010-03-01,21.739490509033203,21.76196322328268,21.37242141166515,21.552210269835125,43805400
2010-03-02,21.31998634338379,21.94924819713363,21.155180211719834,21.78444206546968,93123900
2010-03-03,21.31998634338379,21.432355654209584,21.23758399196938,21.3574432566041,48442100
2010-03-04,21.447330474853516,21.462313235589804,21.17764792577391,21.319979866264504,42890600
2010-03-05,21.41736602783203,21.48478702119502,21.29001542135023,21.46980426070665,56001800
2010-03-08,21.447330474853516,21.672067599393678,21.349945387737076,21.36492814847336,39414500
2010-03-09,21.57468605041504,21.806914608787523,21.38740578459951,21.394897166692335,50271600
2010-03-10,21.7020320892334,21.80690998747222,21.574681478313547,21.61962976134507,44891400
2010-03-11,21.859346389770508,21.86683776964778,21.612136569158924,21.642100659833407,35349700
2010-03-12,21.92677879333496,22.009181157208488,21.754481252975797,21.964234283383348,31700200
2010-03-15,21.941757202148438,22.001686831622028,21.732002784573336,21.859353425809097,37512000
2010-03-16,22.001693725585938,22.091587483545904,21.874343044446384,22.039149219930003,36723500
2010-03-17,22.196455001831055,22.37624530244996,22.024157511642453,22.099069898761176,50385700
2010-03-18,22.181472778320312,22.263875114896322,22.09906901290942,22.19645411207557,43845200
2010-03-19,22.166488647460938,22.398715737933927,21.986699793981707,22.29383926394641,81332100
2010-03-22,22.173982620239258,22.248895008487573,22.016666462034294,22.09907023199094,37718200
2010-03-23,22.38373374938965,22.398716511572445,22.031647411102984,22.166489413078466,42026600
2010-03-24,22.211435317993164,22.36126007572445,22.173979842977737,22.263873554548677,33987700
2010-03-25,22.48112678527832,22.900634246042106,22.323810594469865,22.346284744252575,73168700
2010-03-26,22.218923568725586,22.62344950031256,22.16648533955718,22.541045752285306,55595500
2010-03-29,22.166488647460938,22.338786120107518,22.136523124130335,22.256382359783156,33336000
2010-03-30,22.301326751708984,22.368747738598582,22.099063791040187,22.19644886719486,34954800
2010-03-31,21.941757202148438,22.263878067547058,21.851862043520516,22.20394843807347,63760000
2010-04-01,21.84436798095703,22.12903475765465,21.4398433888537,21.98670136930584,74768100
2010-04-05,21.92677879333496,22.046638076092236,21.746989869199048,21.821900849295826,34331200
2010-04-06,21.964223861694336,22.158995460967596,21.709522649478124,21.83687325558623,47366800
2010-04-07,21.986703872680664,22.14401861284501,21.82938770368126,21.844370468125977,58318800
2010-04-08,22.41370391845703,22.458650785484735,21.94924819638694,21.964230961674556,63713800
2010-04-09,22.728330612182617,22.780768852087537,22.398716981421135,22.436173887663845,54752500
2010-04-12,22.713350296020508,22.84070093329224,22.630946522246145,22.66091205046774,37068800
2010-04-13,22.810739517211914,22.8481950030599,22.57101954974513,22.586002315618405,41374600
2010-04-14,23.087909698486328,23.222751711229645,22.968050449122263,23.065436982252418,68941200
2010-04-15,23.125370025634766,23.185299659176394,23.005509329716336,23.087913111649264,52745400
2010-04-16,22.975542068481445,23.207769187922217,22.92310382494659,23.06543722085189,88703100
2010-04-19,23.252716064453125,23.41003078549088,23.04296167423457,23.05045305554611,64970300
2010-04-20,23.492441177368164,23.552370815929397,23.32014221627374,23.38756323825954,52199500
2010-04-21,23.469955444335938,23.59730604203363,23.3950430758959,23.469955444335938,55343100
2010-04-22,23.514911651611328,23.619789580697326,23.147842471898215,23.252720400984213,84847600
2010-04-23,23.192792892456055,23.657248689701245,22.960565708251146,23.312653605322048,126766600
2010-04-26,23.30515480041504,23.43250542774979,23.11787455014834,23.22275103307052,63649300
2010-04-27,23.11038589477539,23.41003404478158,23.035473500065073,23.185298289485708,68730900
2010-04-28,23.15533447265625,23.222755489998544,22.93809008364734,23.16282585556486,64557900
2010-04-29,23.22275161743164,23.544873884609608,22.97554173801238,23.170313374651034,52665200
2010-04-30,22.878158569335938,23.28268321131509,22.863175804749837,23.275191829022038,63214800
2010-05-03,23.117881774902344,23.267705164637256,22.908127314671027,22.975548340144115,43989500
2010-05-04,22.571012496948242,22.885643337797845,22.286347178481815,22.863170624845214,82085600
2010-05-05,22.36126708984375,22.541055998215295,22.241407817596055,22.301337453719903,66833800
2010-05-06,21.709524154663086,22.38373270422481,20.907964990163666,22.16648837805743,128613000
2010-05-07,21.132699966430664,21.687050691464947,20.465982820661623,21.672067930499757,173718100
2010-05-10,21.679561614990234,22.08408620219841,21.507262703248816,21.731999855106583,86653300
2010-05-11,21.634618759155273,22.211442402928878,21.402391596548,21.484795382468583,63789400
2010-05-12,22.05413055419922,22.15900707460699,21.664587151491176,21.70953402754659,47146800
2010-05-13,21.904294967651367,22.2713640375785,21.859348113677665,21.91927772858751,45188800
2010-05-14,21.67207145690918,21.88182442921328,21.454825674068545,21.874334476346675,63334000
2010-05-17,21.679561614990234,21.896805956734376,21.312492505340916,21.81440362033792,46053300
2010-05-18,21.521541595458984,21.82254188614236,21.371040732475997,21.72471732990124,52690600
2010-05-19,21.250638961791992,21.589265159499593,20.91201419936688,21.46133986650811,61746700
2010-05-20,20.400310516357422,20.94963611588299,20.347635655482684,20.806660468307047,87991100
2010-05-21,20.1971378326416,20.40031355653605,19.89613755758456,20.039111791185075,117596300
2010-05-24,19.768213272094727,20.212189238736897,19.760688085423194,20.204664052065365,73711700
2010-05-25,19.61771583557129,19.813366417354764,19.09848934681064,19.30166511657996,98373600
2010-05-26,18.820053100585938,20.024055174342188,18.481427023963814,19.738103946243065,176684100
2010-05-27,19.565031051635742,19.835931940871745,19.361855384708736,19.361855384708736,136433600
2010-05-28,19.414535522460938,19.655337175807695,19.30918578587846,19.444636267360224,67496900
2010-06-01,19.482263565063477,19.798314255546575,19.2038388111157,19.21136399842276,76152400
2010-06-02,19.911174774169922,19.926225137884014,19.36184941614067,19.610174676296474,65718800
2010-06-03,20.212194442749023,20.26486932772929,19.87356813175734,19.978917901717878,67837000
2010-06-04,19.407012939453125,19.993963147487367,19.279087636497504,19.640287985331284,89832200
2010-06-07,19.030757904052734,19.437107845573223,18.993131979191954,19.429582660601067,80456200
2010-06-08,18.89530372619629,19.00817860799835,18.549152462017044,19.00065342450728,87355000
2010-06-09,18.65450668334961,19.203832251585478,18.62440594440298,18.978081015332464,87794000
2010-06-10,18.812528610229492,18.925403494834462,18.646978875161004,18.910353127478594,78930900
2010-06-11,19.309188842773438,19.354338531987636,18.639462950845658,18.84263870523366,68057700
2010-06-14,19.188779830932617,19.534929680123845,19.166204279135854,19.459680711365458,50972400
2010-06-15,20.001480102539062,20.05415495232195,19.369379034580373,19.376904218161073,81641500
2010-06-16,19.80583381652832,20.001484325084583,19.73810858528645,19.918708723504004,48698000
2010-06-17,19.84346580505371,20.069215687977348,19.59514035972461,19.98644006110673,47995500
2010-06-18,19.896142959594727,19.96386821928099,19.692967180535934,19.84346807656828,52075600
2010-06-21,19.527406692504883,20.234756786319032,19.48225558715171,20.151982630402475,54625300
2010-06-22,19.391958236694336,19.90365933427563,19.384433051696696,19.685433275190903,55985400
2010-06-23,19.04580307006836,19.399479517365357,18.97807785400221,19.399479517365357,61466200
2010-06-24,18.812528610229492,19.35432891750257,18.759853759765974,19.15867844772234,85243400
2010-06-25,18.458860397338867,18.89531116466338,18.293309165927205,18.85016004594244,156256700
2010-06-28,18.293310165405273,18.519061465496506,18.15033592082506,18.443811032132764,73784800
2010-06-29,17.54080581665039,18.210532984598288,17.39030640996458,18.157856685211733,119882100
2010-06-30,17.31505584716797,17.81923179776509,17.26990616906025,17.533280487423948,81050500
2010-07-01,17.427932739257812,17.548332851406403,17.10435689962752,17.375257869603125,92239400
2010-07-02,17.510705947875977,17.66873053512075,17.34515473996352,17.578431181061553,62485100
2010-07-06,17.92458152770996,18.127757232147754,17.743981379970496,17.834282171481423,73592000
2010-07-07,18.285781860351562,18.30083223151437,17.76655697277626,17.924581564138556,79965300
2010-07-08,18.368568420410156,18.526594541292425,18.037467233790885,18.511544161154447,50758100
2010-07-09,18.26320457458496,18.368554283906807,18.172903798536137,18.308354244968303,53806100
2010-07-12,18.684606552124023,18.72975622662727,18.376081145000995,18.38360632996525,49854200
2010-07-13,18.91036033630371,19.038285637031,18.73728535157931,18.917885522850323,61928700
2010-07-14,19.143632888793945,19.27155816329547,18.902832709798673,19.18878256353499,72808100
2010-07-15,19.196313858032227,19.256513921940552,18.797487537587866,19.188788670633343,56934700
2010-07-16,18.729755401611328,19.29413133153002,18.72223021697855,19.196306801868285,65064800
2010-07-19,18.98560905456543,19.03828392035949,18.744808847916897,18.782433341974812,38181800
2010-07-20,19.173738479614258,19.173738479614258,18.58678820970291,18.707188338673586,45530700
2010-07-21,18.9028377532959,19.301662617937083,18.797486570414833,19.26403811816127,73297300
2010-07-22,19.444631576538086,19.55750647211545,19.166205494517232,19.196306232155017,73016400
2010-07-23,19.422060012817383,19.580086047311738,19.000659646303212,19.444635570682994,108520100
2010-07-26,19.640283584594727,19.715533999227958,19.414532340695033,19.45968345064434,67249900
2010-07-27,19.68543243408203,19.745632476208677,19.534931611124307,19.670382064729814,60672100
2010-07-28,19.527406692504883,19.708006808071186,19.437105917080665,19.617706032646968,69704800
2010-07-29,19.587608337402344,19.87355818501247,19.264032565578876,19.66285731526452,69446200
2010-07-30,19.422060012817383,19.444635570682994,19.07591007057279,19.376910332368624,83534800
2010-08-02,19.813356399536133,19.850980885159224,19.376905764010484,19.55750587850915,55044600
2010-08-03,19.68543243408203,19.828408072363647,19.542456795800415,19.715533172786465,56877700
2010-08-04,19.36185646057129,19.74563226321984,19.14363184844694,19.677907037147612,78531900
2010-08-05,19.090961456298828,19.248986063902535,18.97055990990417,19.18126082199165,64922100
2010-08-06,19.226409912109375,19.23393509823221,18.827585094576754,18.947985201977072,55982100
2010-08-09,19.27155876159668,19.361858113882185,19.090958621743347,19.226407650171602,57096500
2010-08-10,18.865209579467773,19.068385298824303,18.722233913778087,19.060860112705637,87257700
2010-08-11,18.70718002319336,18.73727932441529,18.48142880525937,18.57172957948939,76746900
2010-08-12,18.42875099182129,18.571726596687984,18.33092648445895,18.37607614668142,70240500
2010-08-13,18.361032485961914,18.564208193081946,18.24063238587947,18.323407992917055,45263500
2010-08-16,18.43628692626953,18.519062551351418,18.28578605071751,18.330937174552748,40909700
2010-08-17,18.693504333496094,18.88263327953117,18.610288578439416,18.693504333496094,52912600
2010-08-18,18.776721954345703,18.87506981654478,18.466550591298237,18.67081020392151,46818900
2010-08-19,18.489233016967773,18.716187013601097,18.315233413748015,18.625405992123095,54064600
2010-08-20,18.33037567138672,18.458983402360897,18.307681123116662,18.39089687167226,49560100
2010-08-23,18.36819839477539,18.640543016341102,18.337937079635353,18.48924076945769,51643000
2010-08-24,18.186634063720703,18.421153474383516,18.15637274986028,18.224459263107367,66522500
2010-08-25,18.232027053833008,18.322808121796655,18.058028804453468,18.156375201903927,47404800
2010-08-26,18.020200729370117,18.300112126450028,17.99750618564671,18.22446028051446,49105300
2010-08-27,18.103412628173828,18.17149912537896,17.785676122196048,18.065585994760685,60939400
2010-08-30,17.884035110473633,18.02020820103087,17.853775225316213,17.95968698777649,45453100
2010-08-31,17.755414962768555,17.95210912933315,17.641937947464744,17.85376276752012,66074600
2010-09-01,18.080717086791992,18.118543721122865,17.808372534302485,17.906718897685643,65235900
2010-09-02,18.110984802246094,18.118550131789018,17.93698510863699,18.065592824988553,48837100
2010-09-03,18.375762939453125,18.49680530897046,18.30767642623227,18.337936297142168,64189100
2010-09-07,18.126113891601562,18.383329322505475,18.095854016580603,18.232027061522565,51928700
2010-09-08,18.103412628173828,18.307672119789228,17.959674307080935,18.209324315853582,65512400
2010-09-09,18.1639404296875,18.31524268975943,18.148809770798593,18.30011347380957,46028900
2010-09-10,18.04289436340332,18.179067379743827,17.99750383893607,18.14124074023882,58284300
2010-09-13,18.99610137939453,19.1322743766995,18.224455356625427,18.30767250896481,114680400
2010-09-14,18.93558120727539,19.17766590729221,18.82966806881406,18.943146534518245,87160400
2010-09-15,19.00367546081543,19.079325878223298,18.852371740121253,18.988544800158166,56201900
2010-09-16,19.16253662109375,19.192797932225957,18.95071177198452,18.958277099767567,44548300
2010-09-17,19.079313278198242,19.313834034690057,18.973401609420172,19.215486248306195,70341600
2010-09-20,19.238191604614258,19.3062781228664,18.996106847690623,19.124714555173675,49838700
2010-09-21,19.02635955810547,19.23061903596565,18.97340371783174,19.23061903596565,52675700
2010-09-22,18.617849349975586,18.89019398437092,18.428720450257636,18.829672794178737,94299400
2010-09-23,18.481678009033203,18.602720400536512,18.428722143117895,18.542199204784858,46201800
2010-09-24,18.7464542388916,18.761583451959048,18.59515056470694,18.64054108978683,51948800
2010-09-27,18.70863151550293,18.905325755945153,18.602719787164457,18.799414027606677,43603300
2010-09-28,18.67080307006836,18.83723596327746,18.42115300878529,18.761584123477387,56041200
2010-09-29,18.534637451171875,18.655679866030088,18.45898558115064,18.632983872141896,44318900
2010-09-30,18.527057647705078,18.78427293909325,18.428711303557026,18.6178401094049,61262700
2010-10-01,18.443849563598633,18.77671682928424,18.383328373741158,18.738891626725437,62672300
2010-10-04,18.08828353881836,18.14880471457385,17.98993716931768,18.126108732563548,98143400
2010-10-05,18.4211483001709,18.496800120633676,18.088281155897757,18.201758165122694,78152900
2010-10-06,18.481678009033203,18.5648951942939,18.254722442760155,18.398460823772506,50489700
2010-10-07,18.557329177856445,18.723762099280876,18.3682002677627,18.62541570092532,50096100
2010-10-08,18.58758544921875,18.648106630996807,18.436283216243005,18.62541208966678,41327800
2010-10-11,18.60272216796875,18.716199240417094,18.534635635911894,18.716199240417094,27587800
2010-10-12,18.784276962280273,18.859928789410066,18.48167109669968,18.64810396203436,50141500
2010-10-13,19.170106887817383,19.321410596582467,18.829674264565497,18.928022108144532,75336500
2010-10-14,19.08688735961914,19.170104533513847,18.912889125965602,19.132279332437488,51949100
2010-10-15,19.321409225463867,19.328973111720163,19.086888349226545,19.185236185826454,68954800
2010-10-18,19.533227920532227,19.631575733213126,19.253318023077526,19.359229720175126,48330500
2010-10-19,18.988542556762695,19.192802122685883,18.875065501118385,19.11715027127666,66150900
2010-10-20,19.147401809692383,19.21548830202332,18.988534289545804,19.1095766219256,56283600
2010-10-21,19.230623245239258,19.321405736249638,18.950711887317766,19.21549258958107,50032400
2010-10-22,19.200359344482422,19.321403130484708,19.117143635462696,19.306272476867104,25837900
2010-10-25,19.05661964416504,19.17766196931841,19.041488992786284,19.094444829673595,50912400
2010-10-26,19.593748092651367,19.646703938487246,18.958275056743663,19.003667018550342,69304200
2010-10-27,19.70722198486328,19.75261393946881,19.381921634487096,19.51052928665939,64805500
2010-10-28,19.8812313079834,19.9568817167544,19.60888521900283,19.828274001729024,80730300
2010-10-29,20.17626190185547,20.577215506329885,20.03252359943055,20.539388877829467,114193200
2010-11-01,20.388090133666992,20.5923481902898,20.19896128805946,20.335132844828475,61912100
2010-11-02,20.720956802368164,20.74365278432784,20.44104690622541,20.47130677256633,54402100
2010-11-03,20.448612213134766,20.796608611870546,20.395654921948385,20.773912629933527,110255300
2010-11-04,20.531829833984375,20.75122001759573,20.433483455670206,20.736089361566236,93599300
2010-11-05,20.312440872192383,20.569656250138678,20.07035615011087,20.554525594273894,110953700
2010-11-08,20.282180786132812,21.840603803852243,20.108182561989207,20.183834402946076,71670800
2010-11-09,20.388090133666992,20.509132479420725,20.206525172097813,20.28217699892854,58538600
2010-11-10,20.380531311035156,20.486443036636228,20.282183471886412,20.43348717383569,52277300
2010-11-11,20.183828353881836,20.214088215432437,19.881222523683736,20.183828353881836,62073100
2010-11-12,19.87366485595703,20.062793753079717,19.745057148196047,20.024967107891793,64962200
2010-11-15,19.820707321166992,20.0476614013654,19.798011335971612,19.919053704469274,51794600
2010-11-16,19.64563751220703,19.820706291723695,19.523851418859202,19.820706291723695,65339200
2010-11-17,19.462961196899414,19.72175704577451,19.4477375700703,19.714145232359954,58299700
2010-11-18,19.668472290039062,19.851151423939168,19.493404968193715,19.5695201851319,59514000
2010-11-19,19.554290771484375,19.66085319717941,19.48578594016495,19.638017769471546,52423200
2010-11-22,19.584741592407227,19.592353403600388,19.36400487502364,19.523848554666454,53350500
2010-11-23,19.120437622070312,19.48579594210738,19.097602182641154,19.46296050267822,69742500
2010-11-24,19.310726165771484,19.379229571830802,19.150881013487137,19.181328262228813,56825900
2010-11-26,19.219379425048828,19.341165475558263,19.15848639979411,19.18893218651935,21356500
2010-11-29,19.26504898071289,19.34877743551522,18.975807471456864,19.1737101680233,56603600
2010-11-30,19.22699546813965,19.38683915020156,19.029092729535925,19.067150334273173,75282100
2010-12-01,19.820709228515625,19.98055295529157,19.455349442532803,19.462961255970463,74123500
2010-12-02,20.467693328857422,20.53619818436249,19.942491372391444,19.972937168279987,91759200
2010-12-03,20.566648483276367,20.59709428368178,20.38396932542921,20.406803312782046,52622000
2010-12-06,20.42963218688965,20.536194631772155,20.36873915384187,20.49813703054395,36264200
2010-12-07,20.452468872070312,20.650370152749993,20.437245249924334,20.612312549189557,57860500
2010-12-08,20.72649574279785,20.7341075571508,20.39919498464677,20.422030427705614,41666800
2010-12-09,20.612321853637695,20.810224675455668,20.559040603880007,20.764555240206956,47148300
2010-12-10,20.810216903686523,20.855886321879566,20.63514959077601,20.69604263230161,37625800
2010-12-13,20.74171257019043,20.893945903721033,20.68081952713912,20.756936193904423,47943900
2010-12-14,21.02334213256836,21.12229277524397,20.74932273469044,20.78738033914924,64070500
2010-12-15,21.198410034179688,21.30497249111513,20.954837874438905,20.954837874438905,69634200
2010-12-16,21.304977416992188,21.304977416992188,21.053793387708225,21.12991006817714,57680200
2010-12-17,21.23647117614746,21.381092714503588,21.1222968887315,21.251694801617543,87456500
2010-12-20,21.1679630279541,21.304972732310535,21.0690123813659,21.274526937900553,52811000
2010-12-21,21.365867614746094,21.41914884841004,21.129907243460863,21.198412101544434,38153000
2010-12-22,21.45720672607422,21.617050418250535,21.29736158209325,21.32019701746329,42252300
2010-12-23,21.540935516357422,21.556159141184263,21.282139701520215,21.289751513933634,24902500
2010-12-27,21.365867614746094,21.46481972166891,21.22124608636914,21.403926675795148,21652800
2010-12-28,21.32019805908203,21.44198415006291,21.282138998272554,21.289750810434448,23042200
2010-12-29,21.289743423461914,21.403919114469705,21.221238589578928,21.266909446703732,19502500
2010-12-30,21.198410034179688,21.312584302582604,21.145128805711963,21.25169126264741,20786100
2010-12-31,21.24407958984375,21.251691401360905,21.030953222777157,21.160351114959624,24752000
2011-01-03,21.2973690032959,21.44960238853354,21.25169956844667,21.350650252587524,53443800
2011-01-04,21.381092071533203,21.44198511977753,21.19841292680021,21.266917787550682,54405600
2011-01-05,21.312593460083008,21.32020527482109,21.13752607652272,21.236476764507383,58998700
2011-01-06,21.936737060546875,21.959572493633175,21.206020623439333,21.343030318348124,88026300
2011-01-07,21.769285202026367,21.875847670582875,21.502877578830354,21.799730999411906,73762000
2011-01-10,21.480039596557617,21.61704929806879,21.343031346851017,21.510486842139912,57573600
2011-01-11,21.396312713623047,21.502875170243247,21.350641844953316,21.464817564823058,50298900
2011-01-12,21.731225967407227,21.761673216354943,21.365867690863062,21.403926752047706,52631100
2011-01-13,21.45720672607422,21.60943860646052,21.32019701746329,21.563769187525097,67077600
2011-01-14,21.540935516357422,21.601828563860014,21.244082091257884,21.373479998676487,62688400
2011-01-18,21.81494903564453,21.875842066621313,21.41914360839326,21.43436722908855,53322700
2011-01-19,21.670330047607422,21.830175179776344,21.51809817847057,21.6627182363799,50005900
2011-01-20,21.578998565673828,21.731230486656504,21.411541565246335,21.693172869362094,58613600
2011-01-21,21.327808380126953,21.63988539792243,21.327808380126953,21.617049963033267,58080300
2011-01-24,21.60182762145996,21.73883733531481,21.304974209310934,21.327809645554975,52047800
2011-01-25,21.655113220214844,21.655113220214844,21.4039291949467,21.419151369353177,42436600
2011-01-26,21.906299591064453,22.066143327984232,21.693173156699686,21.700784970620397,74628800
2011-01-27,21.974790573120117,22.423875696111242,21.685547634199025,21.88345031561763,146938600
2011-01-28,21.12229347229004,22.02046690448156,20.893944934392525,21.997631469969967,141249400
2011-01-31,21.10707664489746,21.236474578514784,20.87111621952648,21.137523900715685,65029000
2011-02-01,21.304977416992188,21.35825865777895,21.015735773376235,21.160355869281748,62810700
2011-02-02,21.26692008972168,21.39631801272397,21.22124920974091,21.25930827639155,45824000
2011-02-03,21.04618263244629,21.28975486074694,20.962455586346064,21.28975486074694,60340100
2011-02-04,21.13752555847168,21.190806808527203,20.93962273554746,21.084244308416153,40412200
2011-02-07,21.464824676513672,21.57138716843998,21.152747562896568,21.16035792505839,68980900
2011-02-08,21.525707244873047,21.57137665461017,21.35063851257276,21.388697563857328,34904200
2011-02-09,21.289743423461914,21.510481544152476,21.24407401814133,21.457200329311092,52905100
2011-02-10,20.9320011138916,21.266913538219125,20.772157438615316,21.2593017272339,76672400
2011-02-11,20.74171257019043,21.16796387154959,20.60470286037382,21.12990626406927,83939700
2011-02-14,20.72649574279785,20.756943000209645,20.513370748135856,20.711272114091955,56766200
2011-02-15,20.642271041870117,20.925566956875326,20.634615698025133,20.703525475718667,44116500
2011-02-16,20.68821144104004,20.726494001020605,20.3666329718907,20.71118039287396,70817900
2011-02-17,20.833681106567383,20.956188480596612,20.60398288358216,20.649922236102064,57207300
2011-02-18,20.718835830688477,20.833684963442753,20.665239666095548,20.77243199528141,68667800
2011-02-22,20.35896873474121,20.749456837596888,20.305372586181996,20.504445038248743,60889000
2011-02-23,20.35896873474121,20.565697988085777,20.23646283506714,20.313029387459814,60234100
2011-02-24,20.496788024902344,20.718829418119697,20.29005877369669,20.397251069706066,64494200
2011-02-25,20.328351974487305,20.634618341419927,20.290069408813864,20.603991120572157,53006300
2011-02-28,20.351314544677734,20.565700626807338,20.29771838924176,20.435537909154668,51379900
2011-03-01,20.029741287231445,20.50445292638078,20.022084483008026,20.36663337113142,60055000
2011-03-02,19.968481063842773,20.1905239245462,19.93785531845452,19.991451468173125,48658200
2011-03-03,20.060365676879883,20.213497358608095,20.045052070591296,20.106305035359757,68271500
2011-03-04,19.868947982788086,20.090989410115977,19.754097407550987,20.075675805366267,70437200
2011-03-07,19.692848205566406,20.11396365420151,19.56268546113534,20.00676986089086,64980400
2011-03-08,19.838314056396484,19.922537393617677,19.63924164320973,19.73112178021332,50549800
2011-03-09,19.823009490966797,19.89191926002811,19.646907396870507,19.761756525177397,39789100
2011-03-10,19.455490112304688,19.68518835021809,19.409550756799163,19.616280047152696,66549500
2011-03-11,19.66221809387207,19.792380809461786,19.41720626697041,19.455488817279164,49905800
2011-03-14,19.66986846923828,19.723464606313243,19.409543123115434,19.516735397265357,54473400
2011-03-15,19.44017219543457,19.501425142652103,19.14156426029728,19.202817207514812,76067300
2011-03-16,18.980777740478516,19.355952262664747,18.896554381894763,19.310011452317827,100725400
2011-03-17,18.973127365112305,19.3100179927838,18.950156952158572,19.18751204446942,62497000
2011-03-18,18.98843765258789,19.279390346612175,18.98843765258789,19.18751016418715,85486700
2011-03-21,19.394241333007812,19.585657059334533,19.2564217763908,19.279392189289,46878100
2011-03-22,19.37126922607422,19.493775163379176,19.317673061051547,19.37126922607422,30895600
2011-03-23,19.555023193359375,19.608619340843592,19.27938419442855,19.31766673966428,43969000
2011-03-24,19.761754989624023,19.807695805685746,19.524399948181603,19.600966514565354,38696700
2011-03-25,19.61627960205078,19.86894824217668,19.59330919462634,19.85363463722705,57029800
2011-03-28,19.455490112304688,19.692845152866642,19.432519704359034,19.646905797361118,48973200
2011-03-29,19.51674461364746,19.539715023406266,19.371268272613484,19.401895485625225,40763500
2011-03-30,19.608627319335938,19.692849245200435,19.524403933085356,19.60097051509624,41999300
2011-03-31,19.44017219543457,19.662215041839037,19.401889651068156,19.600962094621504,63233700
2011-04-01,19.50908088684082,19.54736488951893,19.37891819850599,19.54736488951893,63114200
2011-04-04,19.56268310546875,19.6469064771311,19.455490785451815,19.4861179971057,35433700
2011-04-05,19.738788604736328,20.045053449649007,19.708161390052073,19.769414359034606,73651100
2011-04-06,20.022075653076172,20.144581545852393,19.80003427006381,19.891912959453258,65581400
2011-04-07,20.060365676879883,20.106305035359757,19.88426212533292,20.05270887373559,46134700
2011-04-08,19.96082305908203,20.121612958930353,19.876599708666937,20.03738960851526,39887600
2011-04-11,19.89192008972168,20.098649405528317,19.754100545850587,20.052710044366606,34286300
2011-04-12,19.631587982177734,19.79237788254523,19.562678233503878,19.77706428053205,36920400
2011-04-13,19.623931884765625,19.80769219474142,19.570335736183317,19.639245487327862,38144700
2011-04-14,19.463151931762695,19.478465541007022,19.210483220775917,19.463151931762695,55239900
2011-04-15,19.424869537353516,19.57034444527669,19.27939316904417,19.49377785877776,65080400
2011-04-18,19.202823638916016,19.355956788439865,18.927184553927468,19.21813724594559,58045100
2011-04-19,19.256418228149414,19.271731833926484,19.042033588813702,19.14156910559302,38892400
2011-04-20,19.723472595214844,19.90723147978192,19.532056907909247,19.555027316124807,61608600
2011-04-21,19.539716720581055,19.823011163616478,19.4172107786653,19.746446045208646,46892300
2011-04-25,19.608627319335938,19.616284123575635,19.401897986022373,19.570343298137452,33525100
2011-04-26,20.052705764770508,20.244121432543157,19.654560825310845,19.708156978625485,69200000
2011-04-27,20.198177337646484,20.205834138359076,20.006761700987877,20.136924392331146,52689000
2011-04-28,20.45085334777832,20.573360743291538,20.213498281017472,20.259437641593713,80200000
2011-04-29,19.845975875854492,20.39725245615565,19.417205202286926,20.328342701069804,319317900
2011-05-02,19.646907806396484,19.907233281524213,19.509088265401104,19.861293921321064,89825600
2011-05-03,19.761754989624023,19.79238220033184,19.51674314550465,19.600966514565354,71892900
2011-05-04,19.953168869018555,20.09864518593905,19.746441056999135,19.792380408516156,73292300
2011-05-05,19.746442794799805,19.968484230327704,19.662219425951747,19.94551382235484,55600000
2011-05-06,19.80769920349121,20.075680041224995,19.715819015992455,19.960830902141083,55993000
2011-05-09,19.777069091796875,19.87660460832613,19.65456316665972,19.754098683188975,38696400
2011-05-10,19.65456199645996,19.792381519130174,19.332983597024715,19.43251910762779,120798700
2011-05-11,19.417205810546875,19.64690402777144,19.30235524154894,19.639247225812536,78600000
2011-05-12,19.38658332824707,19.44017949463798,19.21813802524907,19.40955373972289,77400000
2011-05-13,19.164533615112305,19.38657498898871,19.103280671244466,19.35594924724748,66812300
2011-05-16,18.81233024597168,19.195161554063528,18.758734096500508,19.110938198959946,91350900
2011-05-17,18.89710807800293,19.03583096370758,18.7044377300705,18.8046256642138,82882100
2011-05-18,19.028125762939453,19.06665924816667,18.689025507098634,18.90481684626247,53931100
2011-05-19,19.051244735717773,19.17455364896191,18.88169534749663,19.15143414645251,37783600
2011-05-20,18.873985290527344,19.166845014374704,18.835451812632776,19.051241640775086,45451500
2011-05-23,18.62737274169922,18.689027205641143,18.519477797290445,18.658199238690997,52692500
2011-05-24,18.61195182800293,18.71984820219451,18.52717789037262,18.650486772342003,47691800
2011-05-25,18.642780303955078,18.735261233035143,18.61965933670613,18.62736632578911,34904200
2011-05-26,19.01270866394043,19.290154415958572,18.7429699016959,18.766090871016747,78016600
2011-05-27,19.082075119018555,19.189970064300987,18.99729967917757,19.020420654577396,50251000
2011-05-31,19.27474021911621,19.313273697591878,19.035829418659517,19.236205270682564,60196300
2011-06-01,18.8277530670166,19.3441098346697,18.781512579304586,19.259334382232165,74033500
2011-06-02,18.665895462036133,18.997288565777023,18.635068982828216,18.8739797090303,51487800
2011-06-03,18.42699432373047,18.60425071378888,18.37304685457863,18.53488926203415,60697700
2011-06-06,18.504058837890625,18.689022179977925,18.319095495803328,18.41157643186799,54778700
2011-06-07,18.54258918762207,18.627364589675754,18.419280313702743,18.56571015271609,41112600
2011-06-08,18.450115203857422,18.511769663997335,18.38846074371751,18.419287238808327,42205000
2011-06-09,18.46552848815918,18.527184420834175,18.35763354589462,18.50406344608105,42878700
2011-06-10,18.272855758666992,18.511768057185176,18.257443247438523,18.511768057185176,49327200
2011-06-13,18.527183532714844,18.642785461022285,18.265151711240236,18.334513162216354,47572500
2011-06-14,18.665895462036133,18.84315322982238,18.642775970119576,18.727549890409495,42894500
2011-06-15,18.295976638793945,18.504060973896497,18.242029174869167,18.49635398334179,49410200
2011-06-16,18.496349334716797,18.57341775093634,18.22661061292729,18.30367902914683,57184100
2011-06-17,18.696731567382812,18.727558060038348,18.48094023896141,18.665903604769113,83320400
2011-06-20,18.85857582092285,19.005005717861422,18.619664966939727,18.62737195835316,54338400
2011-06-21,19.082075119018555,19.1591435670596,18.80462929405415,18.897111725695076,49708700
2011-06-22,18.99730110168457,19.12061003980019,18.951060617380833,18.95876760975787,44287300
2011-06-23,18.981882095336914,18.997296076013274,18.65049033054383,18.83545368878582,59470400
2011-06-24,18.727558135986328,18.912522972502302,18.64278417837119,18.889402000448264,101387200
2011-06-27,19.42117691040039,19.621552832861852,18.673614817533917,18.673614817533917,92044200
2011-06-28,19.88357925415039,19.976061667639552,19.39034363542979,19.498238559535398,81032100
2011-06-29,19.74485969543457,19.814219674625644,19.54448233899861,19.814219674625644,66051000
2011-06-30,20.0377197265625,20.0377197265625,19.77568788946463,19.83734235290187,52535400
2011-07-01,20.05313491821289,20.16873686037852,19.914411999630758,19.983773458921824,52906200
2011-07-05,20.060836791992188,20.153317734145553,19.960647389708296,20.11478425324133,37805300
2011-07-06,20.29203987121582,20.322867830772143,20.006887125151906,20.014594115040985,48744200
2011-07-07,20.631139755249023,20.71591370279266,20.315160524507665,20.415348451589413,51946500
2011-07-08,20.746740341186523,20.792980806899322,20.43076113055956,20.45388209839491,58320700
2011-07-11,20.523252487182617,20.654268431552648,20.415357522392704,20.515546963947894,43999800
2011-07-12,20.45388412475586,20.646554465931217,20.299747263832355,20.46158964483979,47319300
2011-07-13,20.523252487182617,20.777577382729305,20.430771508779447,20.50013297756115,40861800
2011-07-14,20.399938583374023,20.81610729502812,20.315164618745378,20.515541983250134,46382300
2011-07-15,20.638843536376953,20.754445425024638,20.399931300552932,20.399931300552932,49132400
2011-07-18,20.492420196533203,20.73133103821569,20.238095372817465,20.523246690641475,44501900
2011-07-19,21.224573135375977,21.301640123642215,20.638854910809386,20.661974419305825,86730600
2011-07-20,20.854644775390625,21.07814315666268,20.792990302963602,21.02419567703386,49795400
2011-07-21,20.88547134399414,21.04731377201188,20.538664041158313,20.839230860268856,81737400
2011-07-22,21.216859817504883,21.23227232858829,20.561780322820482,20.700503212278136,76380600
2011-07-25,21.509716033935547,21.64843891002011,20.954825999555283,21.008773458041947,108482400
2011-07-26,21.640729904174805,21.694677357635683,21.409526112211655,21.440352598493075,74636500
2011-07-27,21.06271743774414,21.571366919405406,20.962529527095967,21.486591515809277,71488700
2011-07-28,21.3632869720459,21.6330257445884,20.970239298333915,21.031895218876706,83761400
2011-07-29,21.116670608520508,21.355581437070136,21.008775680135155,21.20915302567806,104394800
2011-08-01,21.016477584838867,21.340163761622534,20.615722990733797,21.20144090443556,61838400
2011-08-02,20.654258728027344,21.15520276053874,20.623432239695017,20.7929816004177,63883100
2011-08-03,20.746740341186523,20.808394785456223,20.407640162724206,20.67737890763837,64581200
2011-08-04,19.991477966308594,20.708211976594047,19.983770975127666,20.44618015627553,92949500
2011-08-05,19.791091918945312,20.114778056683488,19.444284817812406,20.014588685263927,112071700
2011-08-08,18.866281509399414,19.729445378634132,18.79692006142706,19.28245019723353,134257200
2011-08-09,19.714031219482422,19.744859182729723,18.519475572855256,19.043537718435598,126268900
2011-08-10,18.650487899780273,19.336393780943304,18.5734194764011,19.22849887018721,127819900
2011-08-11,19.413461685180664,19.5598900687317,18.80462277372006,18.88169119503832,90690100
2011-08-12,19.34410285949707,19.529066213608928,18.997295651813545,19.36722236003726,64787100
2011-08-15,19.660079956054688,19.71402741135833,19.382634220255476,19.451995654205277,56529400
2011-08-16,19.660083770751953,19.84621456105338,19.42741917344815,19.55926200148283,54251500
2011-08-17,19.582529067993164,19.931525227235973,19.334354678858737,19.582529067993164,50923700
2011-08-18,19.132705688476562,19.458434826053317,18.636357089973124,19.055150850151524,105714200
2011-08-19,18.651870727539062,19.09393295354675,18.54329481899462,18.931067611494274,77397900
2011-08-22,18.597583770751953,18.993112217824144,18.45023116674858,18.938824260640178,54721000
2011-08-23,19.171480178833008,19.19474707144433,18.63635496189067,18.63635496189067,59670600
2011-08-24,19.311092376708984,19.334359285948008,18.938830704302948,19.11720590409296,45329700
2011-08-25,19.05515480041504,19.512726814231506,19.0008668461039,19.450683226556517,48192000
2011-08-26,19.582529067993164,19.652328299841724,18.938826191462233,19.008625423310797,71957000
2011-08-29,20.04010581970215,20.055617092444397,19.675599785677683,19.79968700914288,38863200
2011-08-30,20.342561721801758,20.49767144103572,19.931523480532803,19.95478890295276,57341400
2011-08-31,20.6295166015625,20.71482562551763,20.36583093645883,20.389097840757184,59300800
2011-09-01,20.32705307006836,20.831158982837863,20.32705307006836,20.520939504445522,60510800
2011-09-02,20.009077072143555,20.164186793014963,19.900501155075126,19.993567283445156,43894400
2011-09-06,19.784170150756836,19.846213744972733,19.473952179677358,19.543751408074737,54929300
2011-09-07,20.164188385009766,20.164188385009766,19.83070349427222,19.923769629989973,41961000
2011-09-08,20.334806442260742,20.676046942980204,20.12541024065274,20.16418693151898,65811900
2011-09-09,19.96254539489746,20.303785904338334,19.776414611357705,20.16418744687452,64529200
2011-09-12,20.078876495361328,20.109899031533963,19.59803901857299,19.729881838834814,55046100
2011-09-13,20.19521141052246,20.311542973549027,20.016834769363236,20.102145272559557,48792300
2011-09-14,20.551959991455078,20.78462309777717,20.07887666546608,20.2960299828064,66739200
2011-09-15,20.931976318359375,20.962998853506893,20.40460505473869,20.730334277608176,67808300
2011-09-16,21.032804489135742,21.149136072924932,20.80789547847181,20.9785150360802,89681500
2011-09-19,21.102596282958984,21.180151143278763,20.629514445556605,20.784622686960233,52324900
2011-09-20,20.924224853515625,21.327509015368367,20.88544815609125,21.1801549025306,49211900
2011-09-21,20.156436920166016,20.986270761768754,20.140925647798255,20.978515125584874,72750700
2011-09-22,19.43517303466797,19.892745073789914,19.07842275561609,19.621303807986674,96278300
2011-09-23,19.43517303466797,19.50497225956697,19.14822198051509,19.3110858524555,64768100
2011-09-26,19.729881286621094,19.791924877993907,19.179243118855968,19.53599487867657,51057600
2011-09-27,19.908262252807617,20.1021487174905,19.737642696411765,19.900506616711944,55620700
2011-09-28,19.838462829589844,20.451144762536483,19.784174856642434,20.109904173563212,60736200
2011-09-29,19.737640380859375,20.296032801112304,19.45844343111483,20.148678691054222,63407300
2011-09-30,19.30333137512207,19.776414710171892,19.295575740864663,19.543751599393673,54060500
2011-10-03,19.024139404296875,19.652331101245466,19.01638376862637,19.171492044327763,64592500
2011-10-04,19.65233039855957,19.69110709628936,18.81474100616476,18.845762068501354,83485400
2011-10-05,20.078876495361328,20.288274176818803,19.512728523334182,19.714370570748496,94061300
2011-10-06,20.42787742614746,20.474409762092982,19.931528564765127,20.08663684432896,55111400
2011-10-07,20.358074188232422,20.559716243414663,20.319297495758757,20.427873418073812,52741600
2011-10-10,20.893198013305664,20.916463433631648,20.52869064968362,20.614001135507635,41815300
2011-10-11,20.939735412597656,20.994023378841423,20.722582068386448,20.83115948011012,38826200
2011-10-12,20.908706665039062,21.180147894909766,20.862174347678163,21.079327627421865,52489800
2011-10-13,21.079334259033203,21.094845529445287,20.64502904214799,20.75360497656025,43823500
2011-10-14,21.149133682250977,21.327508855846833,20.955247238106917,21.180154744111217,50947700
2011-10-17,20.924224853515625,21.265465411947652,20.823404552670535,21.025046633596904,39453300
2011-10-18,21.18015480041504,21.249954038831344,20.784626275801365,20.893203690691276,52487900
2011-10-19,21.040552139282227,21.30423776991928,20.947487492725553,21.226684390867344,42880000
2011-10-20,20.970754623413086,21.203417721586106,20.47440441248226,21.14137413012424,76300200
2011-10-21,21.063823699951172,21.087090606355027,20.784626740049767,21.05606806448322,76620600
2011-10-24,21.087093353271484,21.249957281605347,20.970761764570668,20.986271558290746,56897800
2011-10-25,20.79237937927246,21.118108625806787,20.72258014935539,21.00177706902367,53554600
2011-10-26,20.62175178527832,20.986257581578748,20.241734726351808,20.962992166875043,63029900
2011-10-27,21.13361930847168,21.249950862028918,20.668291615006762,21.040553178084313,74512400
2011-10-28,20.924224853515625,21.08709023701762,20.776872219914043,21.048312060357055,57712100
2011-10-31,20.652780532836914,20.939733081484043,20.645026377867726,20.753602298268056,46799000
2011-11-01,20.156436920166016,20.412366997288697,20.05561660824826,20.31154668537094,61182600
2011-11-02,20.17194366455078,20.319297760495346,19.931524913762505,20.241742895301574,53533100
2011-11-03,20.575231552124023,20.62176388807642,20.148680454978805,20.350322549754242,65836100
2011-11-04,20.358074188232422,20.474405744889406,20.16418776739211,20.458894476205543,36549200
2011-11-07,20.784626007080078,20.800137277468977,20.26501028294127,20.327053885260703,42589700
2011-11-08,21.063823699951172,21.094846241822978,20.699317708374725,20.947492126404324,47822500
2011-11-09,20.319303512573242,20.745853173034515,20.210726078870977,20.62176594529173,62950900
2011-11-10,20.381336212158203,20.551955689128018,20.257249050864583,20.5286887916721,32514400
2011-11-11,20.86994743347168,21.001790342280987,20.606261615853068,20.61401725510502,37903000
2011-11-14,20.753599166870117,20.939729922001845,20.668288682721336,20.846663804818107,34199200
2011-11-15,20.89425277709961,21.050530508297772,20.628581528287675,20.753603117096244,43874200
2011-11-16,20.370718002319336,20.71452801018585,20.347277393166134,20.683271877482333,53262800
2011-11-17,19.956586837768555,20.34727959662503,19.87844798792234,20.323837494558784,70977500
2011-11-18,19.76905632019043,19.92533404611381,19.65184877093532,19.909705975446503,47626200
2011-11-21,19.534637451171875,19.729983825683593,19.456498603292275,19.722169791858178,61882500
2011-11-22,19.37055015563965,19.503384279734398,19.261155155833993,19.448687525018965,49204500
2011-11-23,19.12050437927246,19.37054901382139,19.12050437927246,19.22989937262971,49099700
2011-11-25,18.9876708984375,19.27678424774143,18.9876708984375,19.050181691479583,26164600
2011-11-28,19.43305778503418,19.511195141706274,19.292408158425136,19.487754530854463,46766700
2011-11-29,19.409616470336914,19.56589417076298,19.339291654182645,19.393988402219385,40917100
2011-11-30,19.98784637451172,19.995660410445893,19.644036245282734,19.823756091018886,81350900
2011-12-01,19.7534236907959,20.02690739185047,19.690912917644223,19.972210651639557,48545400
2011-12-02,19.706546783447266,20.019102255207684,19.65966405883318,19.99566014771317,52293800
2011-12-05,20.08161163330078,20.159749005347802,19.925333908457066,20.1441224251633,56818400
2011-12-06,20.05035972595215,20.214451520724634,20.011291031679015,20.167567299146693,46175300
2011-12-07,20.00347900390625,20.128500626587673,19.800318494455116,20.05817577753246,62667000
2011-12-08,19.847192764282227,20.097235902985833,19.82375215151293,19.909703548958127,60522200
2011-12-09,20.08161163330078,20.214447252305487,19.925333908457066,19.940961979016404,53788500
2011-12-12,19.933151245117188,19.980033974185208,19.761246911617725,19.855012369753766,38945900
2011-12-13,20.128496170043945,20.39416743201492,20.04254326459011,20.120682134059507,54581100
2011-12-14,19.995656967163086,20.20663142993086,19.98002889798591,20.097236436065323,47926400
2011-12-15,19.972211837768555,20.22225494522505,19.956585261333384,20.0972333914968,46213900
2011-12-16,20.31602668762207,20.44886230634844,20.026913344379444,20.05816948543263,101408100
2011-12-19,19.948776245117188,20.409793899328122,19.894077997526605,20.331655036002143,52258300
2011-12-20,20.339466094970703,20.394162844182315,20.16756032273463,20.206630493867664,60767600
2011-12-21,20.128496170043945,20.464492265499885,19.878452980041843,20.32384259852996,64132500
2011-12-22,20.16756248474121,20.206632660062652,19.909705289118882,20.1753765198055,35794100
2011-12-23,20.339466094970703,20.347280129197312,20.10504953929641,20.245699174626058,23205800
2011-12-27,20.34728240966797,20.425419779942196,20.261329513916554,20.2847701288489,21287200
2011-12-28,20.17537498474121,20.433232160744208,20.128492268297396,20.401977513239896,29822500
2011-12-29,20.331653594970703,20.355094209044715,20.20663201866014,20.276956841631677,22616900
2011-12-30,20.284765243530273,20.409788284683454,20.245696567802337,20.31602137641218,27395700
2012-01-03,20.917692184448242,21.06615437051495,20.62076483156541,20.74578640423985,64731500
2012-01-04,21.409971237182617,21.464668006294417,20.925512861870832,20.956767519773923,80516100
2012-01-05,21.62875747680664,21.667826167575612,21.324017515758612,21.394340861067757,56081400
2012-01-06,21.96474838256836,22.027259167224162,21.511544821220127,21.511544821220127,99455500
2012-01-09,21.67563819885254,21.956937515569585,21.660010127840508,21.917867338039503,59706800
2012-01-10,21.7537841796875,21.996013398113064,21.683459327503403,21.824109031871593,60014400
2012-01-11,21.660003662109375,21.863164053495705,21.38651995291089,21.43340266157714,65582400
2012-01-12,21.878799438476562,21.894427510051173,21.605314147420618,21.777219953991462,49370800
2012-01-13,22.074142456054688,22.074142456054688,21.714705807548345,21.82409931094163,60196100
2012-01-17,22.08196258544922,22.38670256636979,22.01163774517907,22.191356119036065,72395300
2012-01-18,22.058515548706055,22.19135116284061,21.85535511000763,22.121026338276742,64860600
2012-01-19,21.972566604614258,22.222609790892236,21.902241772176705,22.00382125771153,74053500
2012-01-20,23.214962005615234,23.23840410666134,22.464832656634353,22.51952940203406,165902900
2012-01-23,23.230594635009766,23.402500429024357,22.933668748654746,23.089944981861397,76078100
2012-01-24,22.92584800720215,23.105566293487534,22.80082646105802,23.027427454553855,51703300
2012-01-25,23.097755432128906,23.168080247788136,22.71487670819231,22.71487670819231,59231700
2012-01-26,23.050878524780273,23.207156263471145,22.972739655434836,23.13683143009775,49102800
2012-01-27,22.83989906311035,23.074315620223956,22.79301634783749,23.011804836401925,44187700
2012-01-30,23.136823654174805,23.14463768752067,22.527342466567422,22.63673595266062,51114800
2012-01-31,23.074325561523438,23.207161220672756,22.839908903414198,23.175905070108072,50572400
2012-02-01,23.355613708496094,23.480635277779555,23.25403424234378,23.27747634547493,67409900
2012-02-02,23.40250015258789,23.57440445419708,23.214966290355385,23.363429976966614,52223300
2012-02-03,23.629106521606445,23.754128130950253,23.51189894914352,23.550967643172783,41838500
2012-02-06,23.597843170166016,23.61346974779524,23.418123368871264,23.472821606884636,28039700
2012-02-07,23.715055465698242,23.824448982961712,23.48063886965166,23.558777735000522,39242400
2012-02-08,23.95728874206543,23.96510277898654,23.61347856941238,23.644734717096814,49659100
2012-02-09,24.043237686157227,24.066678302673285,23.816635124002637,23.972912855859246,50481600
2012-02-10,23.83226203918457,24.066677135223337,23.722868526416455,23.94165555195268,44605300
2012-02-13,23.894775390625,24.043239095554117,23.777567830049378,23.933844080691877,33319800
2012-02-14,23.792526245117188,23.95769678160533,23.477914627863687,23.855448568567887,59644000
2012-02-15,23.635221481323242,23.902641751344007,23.619492024405922,23.855450380218763,43311300
2012-02-16,24.61051368713379,24.81501007778584,23.83184800655524,23.839713483147438,94705100
2012-02-17,24.579055786132812,24.63411263106391,24.343097450660544,24.539729896949606,70036500
2012-02-21,24.728496551513672,24.862206673300662,24.500402196623778,24.523998629946128,50829900
2012-02-22,24.59478187561035,24.917258903704884,24.523994088937286,24.73635744895648,49253200
2012-02-23,24.673433303833008,24.846469269396398,24.382416702463654,24.53972321674754,35034700
2012-02-24,24.759960174560547,24.775691132149575,24.571193184052287,24.759960174560547,35575400
2012-02-27,24.657711029052734,24.77569020618773,24.461078567098863,24.57119226573331,34568400
2012-02-28,25.06669807434082,25.113889428523276,24.681297264594782,24.704893691779063,45230600
2012-02-29,24.964452743530273,25.168950647564095,24.862204541606545,25.082431899653457,59323600
2012-03-01,25.397048950195312,25.475700733106134,25.05097540467863,25.11389773111925,77344100
2012-03-02,25.23186683654785,25.515014925421713,25.168943038772447,25.41276825459441,47314200
2012-03-05,25.01165008544922,25.208282559392018,24.87007596436725,25.176820643471544,45240000
2012-03-06,24.822874069213867,25.153216565390252,24.76781723654883,24.80714461715684,51932900
2012-03-07,25.043106079101562,25.106028395875732,24.79928228912495,24.909395968433156,34340400
2012-03-08,25.17681121826172,25.33411773860126,25.090293982242518,25.20040914655466,36747400
2012-03-09,25.161087036132812,25.294797156369917,25.106030192538675,25.247604290272253,34628400
2012-03-12,25.20041275024414,25.32625738443724,25.02737525308884,25.14535441012158,34073600
2012-03-13,25.6959285736084,25.711659530539496,25.28693569489279,25.357723500896117,48951700
2012-03-14,25.774574279785156,25.861093012245423,25.55434696106607,25.585805863474377,41986900
2012-03-15,25.837505340576172,25.90829314974378,25.62514491344673,25.790315468046686,49068300
2012-03-16,25.6408748626709,25.916162142097125,25.562223068762613,25.884700224384368,65626400
2012-03-19,25.326261520385742,25.648738635691544,25.286935628348104,25.593681786764204,44789200
2012-03-20,25.161087036132812,25.286933178873447,24.964454594618626,25.247604290272253,41566800
2012-03-21,25.09815788269043,25.286926295322022,25.0273701030001,25.137483760213474,37928600
2012-03-22,25.168954849243164,25.23974265477159,25.00378430313458,25.01951375977353,31749500
2012-03-23,25.17681121826172,25.25546597861765,24.948718413974163,25.247599002395898,35912200
2012-03-26,25.63300323486328,25.648734189025742,25.2869312444073,25.318390152359502,36758300
2012-03-27,25.57794189453125,25.719517456707628,25.483559186537725,25.68019157840801,36274900
2012-03-28,25.31839370727539,25.71952559380864,25.200416035050953,25.577949986840803,41344800
2012-03-29,25.26333236694336,25.318389204263905,25.019508587301104,25.216142506595812,37038500
2012-03-30,25.373451232910156,25.4914319086627,25.20041670894583,25.48356793045337,31749400
2012-04-02,25.397048950195312,25.530757581218346,25.12962868777605,25.3419921020831,35853600
2012-04-03,25.121763229370117,25.3183941869897,24.901534336560015,25.294799252172382,42752100
2012-04-04,24.547595977783203,24.925131447145777,24.421751321391223,24.90153501150229,49455900
2012-04-05,24.791419982910156,24.877937241924005,24.421750011916814,24.500403292991134,50368600
2012-04-09,24.461076736450195,24.697035073061244,24.358827023781963,24.555459471020008,31056400
2012-04-10,23.965560913085938,24.531863292511797,23.831850795742216,24.429613585032598,54131300
2012-04-11,23.871177673339844,24.012753265171792,23.77679344538974,23.934099991911108,43014000
2012-04-12,24.36668586730957,24.413878721931667,23.926229725472773,23.97342107990876,38304000
2012-04-13,24.232986450195312,24.508272222630808,24.162198637277992,24.295908783878847,39749200
2012-04-16,24.44534683227539,24.53186559284189,24.201523007263038,24.37455902820945,38124800
2012-04-17,24.728496551513672,24.862206673300662,24.53972958549436,24.594786429726682,34361500
2012-04-18,24.492534637451172,24.62624474787535,24.413882866766894,24.602649816744613,40552900
2012-04-19,24.390295028686523,24.917270178942463,24.33523816973524,24.48467778683532,54781200
2012-04-20,25.49929428100586,25.868964241401507,25.208279099616217,25.28693387862222,106045000
2012-04-23,25.26333236694336,25.562214484092465,25.192544576049432,25.412774925704216,61398200
2012-04-24,25.106037139892578,25.57795543015336,25.035249321344114,25.33413005507004,40871100
2012-04-25,25.326261520385742,25.420644261350716,25.06670673245213,25.106032624489767,62495500
2012-04-26,25.25546646118164,25.349849175039836,25.106025414022277,25.26333043718133,40308100
2012-04-27,25.153213500976562,25.34198190452501,25.07456024952904,25.263327152891495,41419100
2012-04-30,25.184680938720703,25.25546873056824,25.106027669980516,25.1532190311501,35697200
2012-05-01,25.17681121826172,25.436367426877812,25.129621362420483,25.20827312240409,43832300
2012-05-02,25.01165008544922,25.113899812004036,24.885805422140766,25.05097748034981,37385300
2012-05-03,24.980180740356445,25.09029440634368,24.86220159820067,25.074563454006594,31501300
2012-05-04,24.36668586730957,24.830738436457416,24.319494512873582,24.73635572758544,57927200
2012-05-07,24.10713768005371,24.272309715479217,24.044215357078876,24.14646506952955,48641400
2012-05-08,23.989152908325195,24.209381737386675,23.7295981991606,23.97342195620948,46328300
2012-05-09,24.19365692138672,24.248713767569342,23.674547371398376,23.745335173686474,50309300
2012-05-10,24.177921295166016,24.398150137544476,23.949828476440334,24.27230551338143,43839200
2012-05-11,24.508270263671875,24.80715244991892,24.138601770352267,24.138601770352267,43459300
2012-05-14,24.1307315826416,24.413882756421582,24.099269674361,24.24084526125099,40528900
2012-05-15,23.91697883605957,24.38407653848781,23.869477809889183,24.257406128679854,61822800
2012-05-16,23.671545028686523,24.00405509038841,23.544874672802923,23.996138004391966,60083700
2012-05-17,23.5290470123291,23.916975273333104,23.52112992414165,23.742803863299727,48484000
2012-05-18,23.17278289794922,23.60029501226195,23.09361354047504,23.584462348791032,56205300
2012-05-21,23.552797317504883,23.58446566896472,23.006530335063566,23.038198686523405,38787900
2012-05-22,23.56071662902832,23.655718672313895,23.354876855202566,23.50529851877336,39504900
2012-05-23,23.04611587524414,23.275705384212266,22.674020294113213,23.23612145474435,65171000
2012-05-24,23.014446258544922,23.196534740136148,22.769022587268488,23.085698535694537,52575000
2012-05-25,23.006526947021484,23.244035017903453,22.966943023556098,23.11736465077836,29507200
2012-05-29,23.402372360229492,23.529042728103892,23.13319745098891,23.259867818863313,37758800
2012-05-30,23.22819709777832,23.33903327362734,23.054025748582763,23.236114183200343,41585500
2012-05-31,23.109451293945312,23.29153978732299,22.91152862461389,23.196536241630646,39134000
2012-06-01,22.523605346679688,22.927366352431452,22.515688256954885,22.769029088026763,56634300
2012-06-04,22.602767944335938,22.784857945413115,22.420679453288873,22.658187559464714,47926300
2012-06-05,22.571104049682617,22.76110965341181,22.476100492802868,22.571104049682617,45715400
2012-06-06,23.236120223999023,23.251954398959548,22.808606560245043,22.864024662576846,46860500
2012-06-07,23.1411190032959,23.513214602006716,23.093617983684158,23.465712072364788,37792800
2012-06-08,23.473634719848633,23.497385990294557,22.998619881143945,23.125290303461124,42551100
2012-06-11,22.879850387573242,23.600288471875277,22.816515221152056,23.53695330545409,46361900
2012-06-12,23.188615798950195,23.19653137523633,22.832354464881558,23.03819417900679,35337900
2012-06-13,23.061952590942383,23.307377828839172,22.998617386653297,23.1332048845214,32984600
2012-06-14,23.22819709777832,23.323199102783295,22.86401871851352,23.220280012356298,39458900
2012-06-15,23.766557693481445,23.814058717703745,23.34696103443184,23.426130414822563,62314400
2012-06-18,23.62405776977539,23.774479471179973,23.521137101960967,23.742811108766112,58679900
2012-06-19,24.304903030395508,24.629496069033408,23.79030291106368,23.90114062647348,75725800
2012-06-20,24.486995697021484,24.58199774356908,24.25740464947591,24.486995697021484,36257100
2012-06-21,23.861553192138672,24.65324375867312,23.798218007217113,24.510739215092133,48456600
2012-06-22,24.304903030395508,24.328652782959715,23.77447024603089,23.988225569258983,45098100
2012-06-25,23.647804260253906,24.004064205194137,23.449881565277,23.988230027188706,42217200
2012-06-26,23.766557693481445,23.96448038944309,23.70322249117493,23.750723515397233,38421300
2012-06-27,23.88530921936035,24.14656709805283,23.774473001136336,23.90114339625813,33781700
2012-06-28,23.679462432861328,23.790298618241334,23.29153427400154,23.734880525551333,45328400
2012-06-29,24.21782112121582,24.296990501353346,23.861559665612123,24.10698489504148,55227200
2012-07-02,24.194063186645508,24.24156570765524,23.916971187541723,24.24156570765524,30589100
2012-07-03,24.352405548095703,24.352405548095703,23.885307925132487,23.932808943221758,20938100
2012-07-05,24.304903030395508,24.368238220616806,24.05156075948028,24.21781657757996,28801900
2012-07-06,23.901142120361328,24.30490454951963,23.711136537821563,24.23365226731345,38294800
2012-07-09,23.750720977783203,23.932809476205634,23.576549567556988,23.845724526107613,30680800
2012-07-10,23.54487419128418,23.92488525116333,23.362785747179135,23.81404906953934,37534100
2012-07-11,23.196535110473633,23.544879414318693,23.04611497633854,23.521128151546282,39184900
2012-07-12,22.666105270385742,23.10153608433751,22.5948544928608,23.077784818475696,63523600
2012-07-13,23.267784118652344,23.339036386925557,22.737351404857225,22.769019750769697,39085000
2012-07-16,23.307374954223633,23.378627239014747,22.990698971835442,23.339041797447354,27900600
2012-07-17,23.481548309326172,23.63988706863249,23.117371276964086,23.465714131389475,33771300
2012-07-18,24.106983184814453,24.106983184814453,23.32320803808985,23.43404576643133,41090400
2012-07-19,24.281156539916992,24.38407567799262,24.051565486473162,24.154486134579134,46663200
2012-07-20,23.845720291137695,24.581991242262834,23.79030068360664,24.542407318341986,64021700
2012-07-23,23.180702209472656,23.418208794660043,22.966945376785983,23.410291707149792,55151900
2012-07-24,23.077783584594727,23.244039416677868,22.879860909752527,23.149035868340334,47723300
2012-07-25,22.824443817138672,23.22028918442171,22.784859884422463,23.149036897508342,45579500
2012-07-26,23.08570098876953,23.35487595104158,23.030282880660028,23.141119096879038,45301400
2012-07-27,23.56071662902832,23.631968916507628,23.10153605973402,23.339042677978217,44242600
2012-07-30,23.465713500976562,23.608218078517762,23.323208923435363,23.55279996725847,28905000
2012-07-31,23.331125259399414,23.52113085331362,23.22028904045702,23.339042347899618,37620900
2012-08-01,23.283632278442383,23.473637937966974,23.12529347382318,23.426136900593512,31721800
2012-08-02,23.109451293945312,23.378626245038458,22.935278378514376,23.125283959868927,39520500
2012-08-03,23.552797317504883,23.70321896687889,23.33904047524131,23.378625914566108,35859400
2012-08-06,23.711137771606445,23.837808166557455,23.60030004350165,23.750721703767304,27471800
2012-08-07,23.956562042236328,24.02781432984288,23.647803135961453,23.80614037839692,28002900
2012-08-08,24.011980056762695,24.12281627702822,23.837808637769694,23.916976503656354,26257600
2012-08-09,24.14656639099121,24.265319694186772,23.988227646710346,24.059479930633717,24920800
2012-08-10,24.083232879638672,24.241571634993566,23.94864539059609,24.14656807977457,27810300
2012-08-13,24.05948257446289,24.11490068804188,23.87739405555182,24.027815728145043,23049100
2012-08-14,24.011661529541016,24.218864903832614,23.916030138350163,24.147140600422695,34551400
2012-08-15,24.06744956970215,24.131204340587395,23.924000955201933,23.99572526245204,24351000
2012-08-16,24.5296688079834,24.65717833296043,24.11526209179132,24.194955924910325,35787200
2012-08-17,24.625308990478516,24.64124806680414,24.378259387567304,24.64124806680414,32589900
2012-08-20,24.497793197631836,24.58545657512274,24.370283659481572,24.56154796670697,23737700
2012-08-21,24.54561424255371,24.673123808486412,24.394197583029833,24.5137376110875,28822700
2012-08-22,24.338411331176758,24.513736597073386,24.282624568359143,24.378257498869765,33437400
2012-08-23,24.115266799926758,24.226837276055726,23.971818176313096,24.21886773918455,28355600
2012-08-24,24.354339599609375,24.4101248211215,24.051504888529283,24.10729011004141,22943300
2012-08-27,24.457948684692383,24.67312009479595,24.378254837971134,24.649213004803162,34691100
2012-08-28,24.410131454467773,24.545610537827336,24.322469591141257,24.46591821117299,23947900
2012-08-29,24.426069259643555,24.505763102194,24.25871355831788,24.426069259643555,23346800
2012-08-30,24.163076400756836,24.39418835157169,24.08338257219884,24.330433592731964,23982100
2012-08-31,24.56155014038086,24.67312061612782,24.210898119418463,24.386224889916527,36590100
2012-09-04,24.218862533569336,24.434035422740454,24.02759824987281,24.266679744518523,48556700
2012-09-05,24.218862533569336,24.3304345057507,24.07541394078859,24.08338347594679,33650000
2012-09-06,24.98392677307129,24.991896310010926,24.274653185781116,24.306531333539663,48371700
2012-09-07,24.66515350341797,24.760784908982526,24.48982672649331,24.736877817608278,42649100
2012-09-10,24.481849670410156,24.625298254734368,24.314494002054122,24.569513031949022,40524000
2012-09-11,24.537643432617188,24.63327483616802,24.394194807257186,24.457949582968993,25191800
2012-09-12,24.5296688079834,24.84844262042598,24.489821131407176,24.65717833296043,32775800
2012-09-13,24.65717887878418,24.848443170483655,24.226833082435263,24.61733120132587,45047300
2012-09-14,24.872352600097656,24.90423074506748,24.553578750567517,24.712966435349394,51422800
2012-09-17,24.872352600097656,24.912200281309936,24.73687504407676,24.85641504764636,36488500
2012-09-18,24.84844970703125,24.872356799761683,24.728909683277475,24.784694926360313,34542700
2012-09-19,24.744844436645508,24.856416430212136,24.736876419993468,24.77672258338846,48871900
2012-09-20,25.063617706298828,25.087524794302414,24.63327188183139,24.665150025880937,45543000
2012-09-21,24.856416702270508,25.19112964656649,24.776722854574565,25.04768102472054,102348900
2012-09-24,24.5296688079834,24.760779251991732,24.418096833603414,24.704994024818458,46825900
2012-09-25,24.218862533569336,24.704993537985548,24.194955448128148,24.665147382227968,54266400
2012-09-26,24.043540954589844,24.386223418024894,23.93994002193986,24.131204334547732,54672000
2012-09-27,24.035564422607422,24.226828679547285,23.82039156353763,24.043533956650734,47129900
2012-09-28,23.716798782348633,24.11526650076168,23.70085970880402,24.051511726616944,54229300
2012-10-01,23.501619338989258,23.89211741245107,23.4458341170709,23.756638364920786,54042700
2012-10-02,23.637104034423828,23.82039881310483,23.50959449099064,23.65304310736139,43338900
2012-10-03,23.796497344970703,23.900098303470298,23.645079156362975,23.708833943139805,46655900
2012-10-04,23.931968688964844,23.931968688964844,23.56537764396179,23.884151474377365,43634900
2012-10-05,23.788516998291016,24.107290787340087,23.700853636290024,24.091351717879302,41133900
2012-10-08,23.732728958129883,23.844299391045283,23.549432721154822,23.621157005181335,29752000
2012-10-09,23.334270477294922,23.70086005395735,23.254576628444994,23.65304435266089,45121100
2012-10-10,23.095184326171875,23.358172910919997,23.07127724030696,23.230663386195662,47227100
2012-10-11,23.07128143310547,23.310361455403818,23.007526659156994,23.2864528451605,41488500
2012-10-12,23.270511627197266,23.36614301304366,22.951736287620022,23.08721535093031,46464700
2012-10-15,23.517560958862305,23.68491664276899,23.31035759781108,23.405990502924514,42440200
2012-10-16,23.501619338989258,23.700853143002426,23.366140291458972,23.469742720764465,47739400
2012-10-17,23.581317901611328,23.621164062404933,23.18285021354089,23.350205912914344,44206100
2012-10-18,23.509597778320312,23.69289258263129,23.31833343642618,23.629137801999914,59238500
2012-10-19,22.824228286743164,23.17488027171666,22.71265782244715,23.150971663638842,90470800
2012-10-22,22.314191818237305,22.97564815776228,22.178712735682375,22.89595431154755,83374000
2012-10-23,22.354034423828125,22.473575934142804,22.1229239786222,22.13089351397874,64414800
2012-10-24,22.234498977661133,22.473580527118674,22.210591886739007,22.4417023791775,53320400
2012-10-25,22.21856117248535,22.473581810476478,22.202623617638405,22.465612273036083,54084300
2012-10-26,22.481544494628906,22.585146936742795,22.186679279453802,22.202618350553397,57790000
2012-10-31,22.744539260864258,23.01549592482365,22.712661112143273,22.75250727801071,69464100
2012-11-01,23.525537490844727,23.55741412200709,22.967682005181242,22.98362108077938,72047900
2012-11-02,23.509597778320312,23.724770732963915,23.3741186794744,23.581322096534848,57131600
2012-11-05,23.613197326660156,23.700860714842893,23.374117293477497,23.605229309583343,38070800
2012-11-06,23.796497344970703,24.067455568780737,23.597263446288856,23.76461919156528,43401500
2012-11-07,23.17487907409668,23.7725805648523,23.150970467254396,23.53350057656345,57871800
2012-11-08,22.959707260131836,23.405992155458993,22.951737724140255,23.20675831577016,49841800
2012-11-09,22.97565269470215,23.262549989714525,22.95971361830502,23.015498865660984,43291200
2012-11-12,22.489513397216797,23.11909300763011,22.4815438618913,23.06330778038507,61112300
2012-11-13,21.766380310058594,21.9351112038072,21.49319564468313,21.71013667880906,131689200
2012-11-14,21.56551170349121,21.927080133617135,21.53337160635816,21.88690501220082,76086100
2012-11-15,21.420881271362305,21.66996085846448,21.396776201956044,21.597647182769663,50955600
2012-11-16,21.30839729309082,21.453024666746852,21.163769919434788,21.42891959362945,64083300
2012-11-19,21.47712516784668,21.533368797970027,21.26821916129997,21.533368797970027,57179300
2012-11-20,21.461057662963867,21.533371348121836,21.26018665586376,21.501232783898384,47070400
2012-11-21,21.653898239135742,21.83066419866065,21.42892212767501,21.46106069644118,66360300
2012-11-23,22.256505966186523,22.312749597326448,21.854763992302463,21.87886752992014,57845700
2012-11-26,22.007421493530273,22.160083849506158,21.83065560360078,22.127945293393424,85198700
2012-11-27,21.758344650268555,21.999389215009,21.72620609014768,21.983320701210545,45018600
2012-11-28,21.983322143554688,22.007425682095807,21.509266473607855,21.702102444557134,53018400
2012-11-29,21.653898239135742,21.98332661474202,21.581584543756378,21.7824555792492,69551400
2012-11-30,21.38874626159668,21.79852178185275,21.284292476022216,21.734243118623933,83690200
2012-12-03,21.236087799072266,21.549446148846364,21.211982721195604,21.517307577535316,53173800
2012-12-04,21.1878719329834,21.39677640640458,21.16376686334681,21.29232416969399,49777500
2012-12-05,21.428918838500977,21.637824867250966,21.09949051345941,21.19590773748301,68283800
2012-12-06,21.47712516784668,21.67799615115806,21.380707954070648,21.54140382120536,39182300
2012-12-07,21.26018714904785,21.549441896389737,21.18787499473658,21.549441896389737,46162100
2012-12-10,21.645856857299805,21.669960393665107,21.308393555470225,21.340532114798602,47031100
2012-12-11,21.9511775970459,22.08776990699921,21.73423659902763,21.73423659902763,52282800
2012-12-12,21.88690757751465,22.19223240596833,21.758350238962898,22.119918711467424,43966300
2012-12-13,21.78244972229004,22.111878009318215,21.65389241674363,21.951180611123217,45080100
2012-12-14,21.541400909423828,21.798515488104012,21.453018730829875,21.782446976329332,42077500
2012-12-17,21.774410247802734,21.87082744099007,21.436947006599752,21.525330710791188,42046100
2012-12-18,22.144018173217773,22.20026180690226,21.806554838586756,21.89493856724757,50486900
2012-12-19,21.943145751953125,22.280609064665477,21.894937145143924,22.24847050430067,53519900
2012-12-20,22.24044418334961,22.24044418334961,21.814596981091007,21.98332946973105,52607300
2012-12-21,22.05564308166504,22.087781654469794,21.694074559332993,22.05564308166504,98776500
2012-12-24,21.742273330688477,21.894935696763422,21.694064727068344,21.854762115833957,20842400
2012-12-26,21.581581115722656,21.85476580320199,21.45302379602934,21.718173459462324,31631100
2012-12-27,21.661922454833984,21.766376206769745,21.348564264074156,21.605678834187216,39394000
2012-12-28,21.332496643066406,21.613716310762396,21.332496643066406,21.461053942723332,28239900
2012-12-31,21.461057662963867,21.50926780808529,21.18787450322995,21.364640437769346,42749500
2013-01-02,22.192232131958008,22.280614343293344,21.814593613666172,21.89494233240003,52899300
2013-01-03,21.894941329956055,22.21633465765239,21.822627639658844,22.200264608136504,48294400
2013-01-04,21.48516082763672,21.967251508372033,21.47712580416333,21.911007876582318,52521100
2013-01-07,21.44498062133789,21.597641422623965,21.404805516375593,21.509259256754014,37110400
2013-01-08,21.332496643066406,21.525334125075695,21.2601829704439,21.493194033899513,44703100
2013-01-09,21.453031539916992,21.493205142126044,21.340542695187207,21.4691000612858,49047900
2013-01-10,21.26018714904785,21.677999221314085,21.123596332274403,21.41284954709209,71431300
2013-01-11,21.557476043701172,21.637824751640967,21.1155604488185,21.284291356220347,55512100
2013-01-14,21.60567855834961,21.758340907101612,21.501226340271106,21.613713580128525,48324400
2013-01-15,21.8627986907959,21.927078881391047,21.557475448089416,21.557475448089416,48244500
2013-01-16,21.726219177246094,21.878880111694684,21.70211409324242,21.81460142020978,41077400
2013-01-17,21.894941329956055,22.07170727705797,21.742278924603692,21.84673271393267,51685900
2013-01-18,21.894941329956055,21.927081428987822,21.72621040761208,21.774419023635463,52167700
2013-01-22,21.814594268798828,22.055640432239468,21.6940719533407,21.935116584256953,58650600
2013-01-23,22.18419075012207,22.208294286068504,21.854762476980305,21.854762476980305,50387700
2013-01-24,22.20026206970215,22.55379545600635,22.071704753323182,22.256507236576528,101739300
2013-01-25,22.401132583618164,22.682352281811465,22.007425619157168,22.16008800375194,81847700
2013-01-28,22.425235748291016,22.682350353631282,22.304713468603257,22.50558444559083,56056500
2013-01-29,22.505586624145508,22.60200384421939,22.176158312598936,22.352924237750436,49242600
2013-01-30,22.377033233642578,22.650217959304737,22.30471953964234,22.505590571304257,43580500
2013-01-31,22.05564308166504,22.47345372327426,22.015467950003384,22.328827846866012,50530000
2013-02-01,22.441308975219727,22.53772619962711,22.135984188706665,22.2324029456382,55565900
2013-02-04,22.047595977783203,22.513616522102968,22.03152593392162,22.393094258188565,50540000
2013-02-05,22.095806121826172,22.224363416660342,21.98331887197723,22.19222485921372,35410400
2013-02-06,21.967252731323242,22.127950144689297,21.89493904856093,21.999391294481985,41889600
2013-02-07,21.919044494628906,22.007426694217816,21.774417126634514,21.97528813051025,38028300
2013-02-08,22.135982513427734,22.264539824590965,21.94314654668289,21.975286640735714,33318500
2013-02-11,22.38506507873535,22.433273690378762,22.095810343826628,22.21633263919722,32247700
2013-02-12,22.401132583618164,22.49755133507909,22.296680341015882,22.401132583618164,35990900
2013-02-13,22.521657943725586,22.585936604913428,22.40113411303973,22.441309234109738,41715600
2013-02-14,22.529693603515625,22.545762119872762,22.393101253072583,22.433274842751743,32663200
2013-02-15,22.505586624145508,22.6261089154999,22.401132847787377,22.52969169542602,49650900
2013-02-19,22.72432518005371,22.75673137743935,22.521791082031086,22.586601931589826,38781400
2013-02-20,22.578510284423828,22.845855330957423,22.5461040750437,22.7891444645422,44110200
2013-02-21,22.270647048950195,22.473181127109303,22.060011422239235,22.473181127109303,49078500
2013-02-22,22.48938751220703,22.48938751220703,22.26254875522808,22.424576659529134,31425900
2013-02-25,22.17343521118164,22.72432669658906,22.17343521118164,22.65951584270509,48011800
2013-02-26,22.17343521118164,22.359766222946472,22.149130561520412,22.181535215856076,49923300
2013-02-27,22.529888153076172,22.6838144696367,22.14102313301905,22.21393551743129,36394700
2013-02-28,22.52178382873535,22.65950703284453,22.47317609352389,22.586594657421315,35840200
2013-03-01,22.64330291748047,22.667606009724903,22.294944173332787,22.456970454072543,34849700
2013-03-04,22.805334091186523,22.805334091186523,22.44077372239544,22.5622938453258,38157500
2013-03-05,22.967365264892578,23.121291600254402,22.813438929530754,22.918757517751313,41432200
2013-03-06,22.756732940673828,22.87015154888958,22.505591074533523,22.853948449083717,51448500
2013-03-07,22.79723358154297,22.910653707292344,22.691916548931697,22.772930482977745,29196700
2013-03-08,22.68381690979004,22.951161832989783,22.651410715359816,22.886350989341736,37667800
2013-03-11,22.578510284423828,22.65952271744792,22.416482327949417,22.635219605625938,36627500
2013-03-12,22.610904693603516,22.643310888286084,22.392167515133423,22.554195398121436,39255200
2013-03-13,22.618999481201172,22.700013398479207,22.48127628539209,22.578493295168126,29093400
2013-03-14,22.79723358154297,22.813436677394634,22.627105710737315,22.68381500100587,55914800
2013-03-15,22.716224670410156,22.813440169978634,22.667615375413412,22.708123121244032,92710300
2013-03-18,22.764833450317383,22.91065825148127,22.529893149506105,22.5866024510226,44809400
2013-03-19,22.829647064208984,22.862051721048914,22.708126896936907,22.781039306342706,51901600
2013-03-20,22.943063735961914,23.0807869925848,22.829645128818115,22.95926683561464,35447800
2013-03-21,22.772930145263672,22.97546420476915,22.72432085842954,22.772930145263672,34233200
2013-03-22,22.8863525390625,22.959264936255273,22.764832392145376,22.837744789338153,28720900
2013-03-25,22.81344223022461,22.967368587856804,22.651414322694656,22.926860838367993,44154000
2013-03-26,22.81344223022461,22.95926703795904,22.772936025948443,22.878253084194064,27824300
2013-03-27,22.983566284179688,23.04837712291201,22.74862602801734,22.797233770763512,36047400
2013-03-28,23.17799949645996,23.21850569242954,22.89445148903591,22.943059233241872,55453800
2013-04-01,23.17799949645996,23.21850569242954,22.975465426187398,23.202302595956777,29201100
2013-04-02,23.33192253112793,23.372430269278198,23.10508537833529,23.16179466653345,28456500
2013-04-03,23.13749122619629,23.45344541934099,23.121289675306333,23.291417548743077,35062800
2013-04-04,23.169904708862305,23.1780062594626,22.902559719903664,22.999775236681653,45263200
2013-04-05,23.250913619995117,23.315724465509017,22.77293305487544,22.862047001699274,50927300
2013-04-08,23.161792755126953,23.275211322163507,23.064575736801277,23.275211322163507,34759500
2013-04-09,23.988142013549805,24.158269935103593,23.234714829039646,23.275221035539293,77733800
2013-04-10,24.530929565429688,24.563334216356655,23.915225745692553,23.955731945654378,71116700
2013-04-11,23.445341110229492,23.655976699116184,23.275211711615885,23.5749627733579,130923200
2013-04-12,23.32382583618164,23.510156822459187,23.218507247268295,23.372433583642646,62886300
2013-04-15,23.24281120300293,23.47774992976086,23.096986419740304,23.210405008850177,56332900
2013-04-16,23.469648361206055,23.607371595813035,23.250912731711054,23.412939066699487,52797300
2013-04-17,23.356229782104492,23.526359210908783,23.16989880144315,23.372432879173925,52840700
2013-04-18,23.32382583618164,23.477750627343564,23.08888555723066,23.453447526219275,56906600
2013-04-19,24.117753982543945,24.4985174234962,23.988132319870324,23.99623386693894,99790700
2013-04-22,24.976505279541016,25.260053330051978,24.522829325851013,24.54713242904084,137904000
2013-04-23,24.79016876220703,25.03320901131003,24.611937804000092,24.871182693645437,59126900
2013-04-24,25.729930877685547,25.85955257115802,24.790172827403875,24.806375925391055,90946600
2013-04-25,25.875755310058594,26.6048777120261,25.55170108087442,25.689422776216798,110700200
2013-04-26,25.754234313964844,25.908159101969638,25.478787841981404,25.843348258280145,47799300
2013-04-29,26.418542861938477,26.475252150605257,25.73802830751269,25.762331405391468,59116400
2013-04-30,26.81551170349121,26.823614797555027,26.15120014980308,26.378040427216632,75165200
2013-05-01,26.50765609741211,26.799305608965906,26.410437533278053,26.677783949010426,54330900
2013-05-02,26.864120483398438,26.872220486882625,26.240315140671647,26.43474921896532,46059500
2013-05-03,27.131467819213867,27.15577092086561,26.799312038131998,26.920830636815648,46784600
2013-05-06,27.342098236083984,27.471719911512142,26.937030114067923,27.074751792149616,40978300
2013-05-07,26.985645294189453,27.37451040539143,26.928935991957406,27.261091800927336,43078300
2013-05-08,26.726394653320312,26.928928703741146,26.450948221131,26.791203942434315,51595700
2013-05-09,26.45905113220215,26.734497594673346,26.402341839083785,26.612975914891315,46417800
2013-05-10,26.48335838317871,26.507664577199858,26.183608773936097,26.467155283973003,36394900
2013-05-13,26.758804321289062,26.79121051901316,26.369939219875224,26.41854851646137,36027600
2013-05-14,27.354354858398438,27.354354858398438,26.758808563981912,26.807758725531187,56870100
2013-05-15,27.615413665771484,27.656207019422553,27.27277190219331,27.289088621234548,46303900
2013-05-16,27.803037643432617,27.860144569655052,27.370652629341787,27.444076264784073,59382900
2013-05-17,28.44754981994629,28.447549819946286,27.81937009368928,27.843846730153857,60666700
2013-05-20,28.61887550354004,28.6351891126773,28.292547303060285,28.333337550096164,54020800
2013-05-21,28.43122673034668,28.773871555223923,28.325172740444984,28.635181019982152,48702400
2013-05-22,28.23543357849121,28.42307115963459,28.031479280018544,28.38228092235918,66047500
2013-05-23,27.860153198242188,28.186478147423284,27.656198937968366,27.925416943240393,51102700
2013-05-24,27.958045959472656,27.966202759274495,27.65619457329193,27.672508172895608,33174400
2013-05-28,28.569915771484375,28.700446385540975,28.0722668328638,28.080423634700633,48212100
2013-05-29,28.455698013305664,28.56991189610066,28.202793621334674,28.34148413051067,38412200
2013-05-30,28.578079223632812,28.757560026762775,28.398601532598892,28.43123185963485,51131000
2013-05-31,28.472017288208008,28.782025537369986,28.382276911626057,28.406750428113796,56165700
2013-06-03,29.034929275512695,29.06756270479937,28.414909679541427,28.488330227293783,51252600
2013-06-04,28.545446395874023,29.157309321564618,28.36596560846747,29.059409012745167,65529500
2013-06-05,28.374120712280273,28.463861100609375,28.088585942229123,28.227273369940942,46025100
2013-06-06,28.520973205566406,28.643347050315345,28.137541175405612,28.42307599702494,37618500
2013-06-07,29.100202560424805,29.18994296433062,28.60255660511314,28.757560776889285,40757300
2013-06-10,28.937042236328125,29.083889607463348,28.667821018548143,28.96967256495002,35994500
2013-06-11,28.423067092895508,28.70044502361525,28.29253648503299,28.59438793219721,39435900
2013-06-12,28.553600311279297,28.773871315703477,28.431226493678487,28.66781421458914,37372700
2013-06-13,28.32516860961914,28.569913099070085,28.21911152308889,28.5454395837535,45654900
2013-06-14,28.064105987548828,28.300690551873767,27.94173219296069,28.186476670042097,53192600
2013-06-17,28.553600311279297,28.68413093107561,28.251748836518214,28.300695873882173,49670100
2013-06-18,28.53727912902832,28.692283243250206,28.472015385390936,28.52912232810926,28616500
2013-06-19,28.2191162109375,28.62702479848381,28.2191162109375,28.520967694335017,30816200
2013-06-20,27.321718215942383,28.007004758794707,27.22381791546669,27.94989469413613,54493700
2013-06-21,27.14223861694336,27.51751378203338,26.962757837076115,27.4604068270021,85338500
2013-06-24,27.50936508178711,27.900957079665293,26.571173780637583,26.873025362150578,56109000
2013-06-25,27.468557357788086,28.04778980271387,27.297236531811908,27.803045321020054,44073400
2013-06-26,28.0233154296875,28.12937252138531,27.648040320104702,27.8356778748961,48665900
2013-06-27,28.24359893798828,28.374129604073456,28.145701716448542,28.162018438721258,28993100
2013-06-28,28.178327560424805,28.38228186567612,28.015163493804607,28.04779692954779,65545500
2013-07-01,28.031471252441406,28.54543680879123,28.006997739503944,28.34963936900734,31055400
2013-07-02,27.688833236694336,28.096741815908373,27.435931909322743,28.072268297026085,37630000
2013-07-03,27.745941162109375,28.0396358473812,27.411456239904375,27.460406391481545,15994400
2013-07-05,27.909101486206055,27.933578114766153,27.395138967871652,27.811204308251195,26085900
2013-07-08,28.007003784179688,28.21911487030476,27.721465919205265,28.02331738826243,32396900
2013-07-09,28.0233154296875,28.22726969951665,27.851994589933852,28.21095609657408,25318500
2013-07-10,28.308853149414062,28.39859352567694,27.99884178925917,28.01515850422471,29658800
2013-07-11,29.11650276184082,29.181769604779642,28.472009804338956,28.55359024591812,53638300
2013-07-12,29.100202560424805,29.14915272039965,28.782034300828645,29.026781988606732,35501200
2013-07-15,29.508102416992188,29.54889576084418,29.026773325328744,29.092037073720576,34142600
2013-07-16,29.589683532714844,29.720214130742274,29.336779137495167,29.377569365860936,36378500
2013-07-17,29.15730094909668,29.687580131835656,28.95334669909825,29.64678990425495,37285100
2013-07-18,28.91255760192871,29.279675928214235,28.733079951818823,29.140988511670447,49547100
2013-07-19,25.616662979125977,26.652749770374268,25.30665308893591,26.432481837413977,248428500
2013-07-22,26.114301681518555,26.114301681518555,25.779818380767605,25.86140039472887,79040700
2013-07-23,25.95930290222168,26.138783681035765,25.86956251281464,26.032726574273294,65810400
2013-07-24,26.07351303100586,26.261150585242767,26.016406084590066,26.138779890964003,52803100
2013-07-25,25.608505249023438,25.82061793954689,25.494291321836986,25.79614441574868,63213000
2013-07-26,25.79613494873047,25.79613494873047,25.461648537778153,25.502440322551596,38633600
2013-07-29,25.730873107910156,25.779821700170526,25.616657651239038,25.67376460155075,28870700
2013-07-30,25.983776092529297,26.20404553665067,25.739030018103318,25.926669141977545,45799500
2013-07-31,25.975616455078125,26.14693729829539,25.869559361236142,26.081671992872486,43898400
2013-08-01,25.836929321289062,26.179572588103117,25.779822369494674,26.15509906936137,42557900
2013-08-02,26.016414642333984,26.024573002512334,25.755353340819205,25.853252106911295,29199900
2013-08-05,25.861404418945312,26.106148942865584,25.812454269323073,26.024566916209583,30984000
2013-08-06,25.763505935668945,25.836929604795323,25.600341880710825,25.7390308606109,36331500
2013-08-07,26.15509605407715,26.187726371272547,25.494283115372458,25.73087080958594,38078600
2013-08-08,26.832223892211914,26.97907121902163,26.146937404464996,26.301944645039285,59034400
2013-08-09,26.677221298217773,26.84038534984664,26.489583728077978,26.73432824947356,26800700
2013-08-12,26.815908432006836,26.89749201299512,26.48142353019338,26.48142353019338,25493700
2013-08-13,26.47907257080078,26.741973447692843,26.46264087424182,26.709110054574918,39464100
2013-08-14,26.57765769958496,27.407441078834786,26.04364170304267,26.405129599195547,48519600
2013-08-15,26.117578506469727,26.437988678953968,25.337090340608793,26.290106578726636,33338000
2013-08-16,26.125791549682617,26.28188948887164,26.0107728402867,26.117577270736387,32866300
2013-08-19,25.788957595825195,26.265465838223246,25.78074174735126,26.09293772130925,27902500
2013-08-20,25.9779109954834,26.207948414027456,25.772519547776266,25.83002890241228,22979600
2013-08-21,25.969697952270508,26.298322423653307,25.912188591427892,25.969697952270508,37409100
2013-08-22,26.610515594482422,26.692674054384565,26.372260761803393,26.446201808702927,31169900
2013-08-23,28.549419403076172,28.919124741575818,27.933244883585317,28.894475629658725,225493800
2013-08-26,28.056476593017578,28.483688100858494,27.95788642903105,28.261868066951745,72786800
2013-08-27,27.325279235839844,28.01539468640954,27.23490962345308,27.53888811536323,58522300
2013-08-28,27.12810516357422,27.604611734267166,27.111673470236525,27.432083655258946,44257400
2013-08-29,27.56353187561035,27.60460953867486,26.94735752756828,27.05416195875585,45284700
2013-08-30,27.4403076171875,27.506031272197266,27.185621010713394,27.415658504286267,42790200
2013-09-03,26.191526412963867,26.347624409740842,25.70680385867962,26.08472351012465,154507000
2013-09-04,25.632848739624023,25.854670272748063,25.558907706245307,25.788945083857218,142320600
2013-09-05,25.65750503540039,25.830034705079278,25.427467565178862,25.550702148085072,71644900
2013-09-06,25.591773986816406,25.788949587925885,25.575342294970856,25.72322438755606,75434900
2013-09-09,26.010778427124023,26.117582880514163,25.632858833928694,25.64928896236256,49628500
2013-09-10,26.610515594482422,26.618733007485034,26.117577371168725,26.20794854303629,56881200
2013-09-11,26.898067474365234,27.054163858581862,26.725536262938938,26.758399649308235,39087500
2013-09-12,26.856990814208984,26.93093187792489,26.77483546964709,26.881639924797955,32860200
2013-09-13,27.136323928833008,27.16918732094068,26.709109233510006,26.92271814818429,40899000
2013-09-16,26.947364807128906,27.522461647463114,26.88985543649805,27.423874602671024,52839700
2013-09-17,27.054153442382812,27.497799585483747,27.029507479107362,27.45671880132625,84716500
2013-09-18,27.374576568603516,27.440303347411835,26.972011017491138,27.103461441082466,64099900
2013-09-19,27.637470245361328,27.670333626239223,27.37456946638716,27.506019855874243,42026600
2013-09-20,26.93914794921875,27.506027320084183,26.85698947472897,27.44851795495401,102904900
2013-09-23,26.898067474365234,27.08702724495116,26.700890290174474,26.73375367654377,39826100
2013-09-24,26.659814834594727,27.00487101800594,26.413345684440248,27.00487101800594,40685000
2013-09-25,26.7091064453125,26.947361312183027,26.61873682748856,26.692677884999235,28907500
2013-09-26,26.922714233398438,27.111674009502867,26.774832124442774,26.815909791591544,28504000
2013-09-27,27.3335018157959,27.72785312865367,27.004874154734928,27.013091569975558,55348000
2013-09-30,27.341712951660156,27.3663620605208,26.865206345366587,27.11167549579604,39839500
2013-10-01,27.588180541992188,27.61282651263404,27.358139991244133,27.399217653655473,36718700
2013-10-02,27.86751365661621,27.9578864065185,27.349929399217004,27.40743876115025,46946800
2013-10-03,27.818222045898438,27.933240771159177,27.4567310419073,27.834653740082146,38703800
2013-10-04,27.83465576171875,27.92502851928033,27.62104685584131,27.6785562226486,33008100
2013-10-07,27.358152389526367,27.694994388390423,27.275997027472176,27.60462160971511,35069300
2013-10-08,27.119890213012695,27.382794196268588,26.947362118334894,27.366362501438513,41017600
2013-10-09,27.169185638427734,27.3992231008847,27.078812882740966,27.169185638427734,35878600
2013-10-10,27.736059188842773,27.842863617134377,27.32527630128629,27.366357097261712,42875100
2013-10-11,28.0400447845459,28.04825906449865,27.670339506168684,27.670339506168684,30033300
2013-10-14,28.30294418334961,28.344021849079507,27.752493433688976,27.851083592270736,27757900
2013-10-15,28.3358154296875,28.746598468984633,28.31938373203251,28.483694440530662,47097800
2013-10-16,28.45905113220215,28.672660087740294,28.3933274694393,28.42618773380764,35111600
2013-10-17,28.689083099365234,28.74659560243561,28.237222428002145,28.30294921206797,31359200
2013-10-18,28.721948623657227,28.746597736524592,28.20436426382946,28.606929877028833,41811700
2013-10-21,28.74659538269043,28.91912348850604,28.680868599127034,28.738377967732237,27433500
2013-10-22,28.40976333618164,28.836975041875032,28.360468231358574,28.771251369470907,40438500
2013-10-23,27.736059188842773,28.335804962616987,27.662118143721617,28.22078312152041,58600500
2013-10-24,27.703214645385742,28.015407560421338,27.57997845564304,27.78537001586322,53209700
2013-10-25,29.354541778564453,29.81461969401174,29.140936077764454,29.4777778858881,113494000
2013-10-28,29.223100662231445,29.35455108919184,28.976631503433882,29.255964052477893,38383600
2013-10-29,29.182022094726562,29.346335906884345,28.968413198713858,29.272394848114608,31702200
2013-10-30,29.19846534729004,29.40385691028331,29.108092558128753,29.190247929715447,36997700
2013-10-31,29.091644287109375,29.321681703749604,29.03413493294932,29.29703573311665,41682300
2013-11-01,29.190242767333984,29.32169321904121,29.075224013843407,29.305261520824562,40264600
2013-11-04,29.527069091796875,29.559932470807503,29.206658981504045,29.239522360514673,28060700
2013-11-05,30.1021671295166,30.159676478526283,29.38740583895023,29.403837529242207,51681900
2013-11-06,31.36739158630371,31.400254979994852,30.447238501131817,30.595120638716228,88948800
2013-11-07,30.808719635009766,31.227716843074887,30.751210275746416,31.18663917703321,60437400
2013-11-08,31.03875732421875,31.03875732421875,30.67726947248029,30.948384577777873,36737800
2013-11-11,30.882671356201172,31.03876779469451,30.68549410344938,30.964826716665854,26872500
2013-11-12,30.693696975708008,30.89087100100281,30.5622465808366,30.71012866682001,31651600
2013-11-13,31.3509521484375,31.3509521484375,30.315780574971733,30.381504212100143,44957600
2013-11-14,31.23594856262207,31.326321349719098,30.989479319465193,31.112712374030398,46183700
2013-11-15,31.088050842285156,31.23593294102634,30.989463821132663,31.178423584185314,50601300
2013-11-18,30.56226348876953,30.87445952456429,30.45545900446647,30.685496539248735,53277500
2013-11-19,30.413251876831055,30.81887048785758,30.35530320317634,30.504306860474106,44275000
2013-11-20,30.694705963134766,30.96787725710233,30.512589661960327,30.562255447521284,32229900
2013-11-21,30.959598541259766,31.06720984107487,30.84370434809954,30.85198408365078,23064700
2013-11-22,31.10032081604004,31.191378955504575,30.90165138247534,31.06720819118135,27982000
2013-11-25,31.158262252807617,31.41488032518698,31.100316745785392,31.398324014924444,30646800
2013-11-26,30.918203353881836,31.166544873024332,30.918203353881836,31.100319625841376,34465300
2013-11-27,31.125146865844727,31.25759417837965,31.034091904183793,31.100313981554745,26002100
