Price,Close,High,Low,Open,Volume
Ticker,SONY,SONY,SONY,SONY,SONY
Date,,,,,
2000-01-03,22.929903030395508,24.189390080994453,22.147259087156645,23.6555328831406,12935000
2000-01-04,22.390857696533203,23.84211699167887,22.390857696533203,23.303078141259903,15098000
2000-01-05,20.732280731201172,21.426811819346913,19.410597834587097,21.395713081900613,15434000
2000-01-06,17.912691116333008,18.824911797496487,17.290722685778025,18.783446286410978,19613000
2000-01-07,19.436508178710938,19.436508178710938,18.373979064941405,18.57611843365058,11220000
2000-01-10,20.732280731201172,20.960335502894885,19.695666694641112,20.960335502894885,11488000
2000-01-11,19.281023025512695,20.317637166669293,19.239559092565493,20.317637166669293,8536000
2000-01-12,18.71088218688965,19.89262148178372,18.16147646560657,19.757862930877167,10951000
2000-01-13,19.0996036529541,19.31210973586276,18.866365616486547,19.31210973586276,4826000
2000-01-14,18.824905395507812,19.358760817481194,18.47245578900615,19.11515596566015,6416000
2000-01-18,19.166990280151367,19.213639170810318,18.690148837641534,18.72124757083174,4615000
2000-01-19,18.690143585205078,18.71605892528946,18.306596868305604,18.405074844276886,2603000
2000-01-20,18.907833099365234,19.073691922696163,18.710877130688353,18.710877130688353,2263000
2000-01-21,19.48833465576172,19.55053210119157,19.02185856027806,19.249913223942944,2584000
2000-01-24,19.353580474853516,20.224337067426784,19.34321528528846,20.037746256036282,3171000
2000-01-25,19.840791702270508,19.840791702270508,19.374315393454612,19.612736934310007,2686000
2000-01-26,20.33836555480957,20.566420309390523,20.08439545125925,20.442026950687037,3777000
2000-01-27,20.462757110595703,20.690813426830612,20.260617722794063,20.524954575341084,2213000
2000-01-28,20.156957626342773,21.250585642848595,20.04811284694457,20.77892598662127,3442000
2000-01-31,20.981063842773438,21.058809882084724,20.421292992431066,20.659714496001786,3141000
2000-02-01,21.012161254882812,21.0588085591898,20.742642617916268,20.975880721198322,2039000
2000-02-02,21.514921188354492,21.520104574053978,21.10545902605099,21.10545902605099,2741000
2000-02-03,21.78962516784668,21.882921373487765,21.52010648673854,21.810357130740016,2981000
2000-02-04,22.333843231201172,22.453054763121003,21.893282381458356,21.893282381458356,5152000
2000-02-07,23.043930053710938,23.0491134401768,22.618917671469973,22.800325125542766,2553000
2000-02-08,22.681114196777344,22.774408822270267,22.15244043432435,22.31829930380889,4203000
2000-02-09,22.193904876708984,22.515254245999824,22.15243937045552,22.463423549493495,2394000
2000-02-10,22.142072677612305,22.173169828007943,21.89328440221663,22.033227905985896,1605000
2000-02-11,21.654865264892578,22.05914566344129,21.56157064001455,21.9762162292456,1125000
2000-02-14,21.255773544311523,21.395715506054184,21.12101338794077,21.395715506054184,1942000
2000-02-15,21.39570426940918,21.431986378443856,20.89813100219949,21.224663656524204,1949000
2000-02-16,20.7789249420166,21.126191225079815,20.73227763369025,21.126191225079815,2569000
2000-02-17,21.727434158325195,21.929573609986004,21.561575254438115,21.561575254438115,3034000
2000-02-18,22.17317008972168,22.74330771933044,22.17317008972168,22.287198248342328,4365000
2000-02-22,22.727758407592773,23.03355917358039,22.515252254365045,22.63964559862729,4230000
2000-02-23,23.292713165283203,23.292713165283203,22.55671827223278,22.55671827223278,2993000
2000-02-24,23.059473037719727,23.22014848870078,22.313111438360906,22.681109643705355,4620000
2000-02-25,22.878061294555664,23.199412135654043,22.815865429074773,23.05946867026515,2383000
2000-02-28,23.9820556640625,24.35523560160578,23.137214652314558,23.137214652314558,6513000
2000-02-29,25.998271942138672,26.10193331225745,25.293374308981594,25.625090377012285,8046000
2000-03-01,25.873884201049805,25.956812049653074,24.894282776513663,24.96166363068797,7833000
2000-03-02,24.873550415039062,25.25191544064326,24.55220105249209,25.127520506240767,3434000
2000-03-03,24.83208656311035,24.83208656311035,24.137555558844916,24.17383609669433,3408000
2000-03-06,22.546354293823242,23.297899436950683,22.432326122167005,23.106125216005402,6061000
2000-03-07,22.183534622192383,22.883248915182097,22.05914128645474,22.56708139977807,5044000
2000-03-08,22.903987884521484,23.06466338399546,22.30793478583396,22.44269493319109,4257000
2000-03-09,21.48381996154785,22.380490222298434,20.799654254078387,22.380490222298434,10166000
2000-03-10,20.213972091674805,20.96033382178717,19.882255942930126,20.58715374760467,9135000
2000-03-13,18.700510025024414,19.64382909999193,17.995613992902463,18.078541821330738,10939000
2000-03-14,20.011837005615234,20.51977731970404,19.98592165118728,20.094766456134227,8488000
2000-03-15,21.141738891601562,21.198752968992302,20.65453070450717,21.001796972639415,6601000
2000-03-16,20.732280731201172,21.1987570476532,20.359099045340553,21.188390274588603,6578000
2000-03-17,20.571596145629883,20.892946987611218,20.405738922144995,20.70117284292126,2285000
2000-03-20,20.51458740234375,20.690813021756533,20.343546750263346,20.55086951969278,1553000
2000-03-21,20.33836555480957,20.33836555480957,20.001466018207804,20.16214149816735,2124000
2000-03-22,20.607887268066406,20.644167810130092,20.421296425997138,20.421296425997138,2585000
2000-03-23,20.027376174926758,20.17768484363094,19.866700736623546,20.151769501380322,2106000
2000-03-24,20.05329132080078,20.11548877429196,19.89261588407102,20.02219259405519,1592000
2000-03-27,20.587156295776367,20.80484430389028,20.442029375286197,20.442029375286197,2132000
2000-03-28,20.48717498779297,20.679129403376702,20.39379269997225,20.39898095668088,1530000
2000-03-29,21.203105926513672,21.581824815218198,21.088970642755285,21.581824815218198,5862000
2000-03-30,22.287385940551758,22.60903720399215,22.03836392218825,22.03836392218825,5412000
2000-03-31,23.252342224121094,23.38204069350322,22.91512620372756,23.075951039174786,3549000
2000-04-03,22.837305068969727,23.449481156123962,22.75429773938107,23.449481156123962,3701000
2000-04-04,22.30812644958496,23.190075634801108,21.74782995344654,22.941055321680153,9000000
2000-04-05,22.147310256958008,22.235505849199846,22.002048604924322,22.15249851236634,3678000
2000-04-06,22.531217575073242,22.61941316796642,22.183626625413723,22.28738540141357,2161000
2000-04-07,22.57790756225586,22.629786943986012,22.245878252596412,22.245878252596412,2209000
2000-04-10,22.437829971313477,22.77504591307888,22.411890283485366,22.71279002899826,2018000
2000-04-11,21.830848693847656,22.121373621311818,21.758217857789987,22.121373621311818,2422000
2000-04-12,21.348371505737305,21.991675701049633,21.312055295155886,21.893105165057456,4084000
2000-04-13,20.88145637512207,21.32243123024887,20.876268119003292,21.16679304608647,2614000
2000-04-14,19.382144927978516,20.741384312130617,19.382144927978516,20.689504910066024,5469000
2000-04-17,20.461225509643555,20.461225509643555,18.52093717034883,19.029354420163283,6907000
2000-04-18,20.284841537475586,20.290029793134394,19.683040295420433,19.952813757345158,6646000
2000-04-19,19.68304443359375,20.08251645480723,19.68304443359375,20.025448797029064,2123000
2000-04-20,19.631162643432617,19.999506662554374,19.548155295242246,19.838680222291806,1940000
2000-04-24,19.034549713134766,19.485901083029685,18.593574855535575,19.319886385698947,4123000
2000-04-25,19.84905242919922,19.999502324592324,19.672662842075123,19.85942735595173,6438000
2000-04-26,19.548158645629883,19.79199247587386,19.506655756038196,19.75567626005582,1984000
2000-04-27,19.3665714263916,19.371759680905782,18.96710116052756,18.96710116052756,2475000
2000-04-28,18.72846031188965,19.465148303711622,18.583198649135102,19.340636497655293,4079000
2000-05-01,19.205751419067383,19.491088073096982,18.84259567757517,18.84259567757517,3350000
2000-05-02,18.68177032470703,19.081240713456378,18.68177032470703,19.081240713456378,1694000
2000-05-03,18.240787506103516,18.769956150397235,18.095524314609577,18.609131363834102,3546000
2000-05-04,18.240787506103516,18.386049114364663,18.214847820111682,18.386049114364663,2049000
2000-05-05,18.391239166259766,18.55725380613131,18.095526083748872,18.220037855269002,4574000
2000-05-08,18.204479217529297,18.323802774846424,17.981398454422127,18.282298309296934,3260000
2000-05-09,17.711620330810547,17.908762928261623,17.61823807844055,17.908762928261623,2361000
2000-05-10,17.53523063659668,17.971017116835906,17.431471875433388,17.815378975090965,3754000
2000-05-11,18.04884147644043,18.069592918107134,17.524859262380158,17.65974600806402,3036000
2000-05-12,18.178539276123047,18.188915788179425,17.929518819104512,18.069592232464892,1497000
2000-05-15,17.89838981628418,17.929517767393953,17.68568399747297,17.70124876464454,1530000
2000-05-16,18.04364585876465,18.09033856250693,17.89838424312806,18.04364585876465,1988000
2000-05-17,17.722002029418945,17.919143101361293,17.638994678988762,17.763504913017275,1252000
2000-05-18,17.26545524597168,17.64936388487336,17.187636184015858,17.64936388487336,2124000
2000-05-19,16.554712295532227,16.917867995476442,16.21749628844117,16.808920968846536,4493000
2000-05-22,15.75577163696289,15.916596482036969,15.449681964312155,15.792086260623691,6392000
2000-05-23,15.475616455078125,15.771329516811473,15.397797394962279,15.63644282929744,3011000
2000-05-24,15.148785591125488,15.190288479999465,14.790818029077828,14.816757730432496,4964000
2000-05-25,15.273294448852539,15.66757819015209,15.273294448852539,15.480812040775083,2507500
2000-05-26,15.055395126342773,15.14877736723119,14.733742370868692,15.107274500888087,1035000
2000-05-30,16.082605361938477,16.09298186965865,15.511932268450337,15.522308776170512,4228500
2000-05-31,15.138401985168457,15.356296007760962,15.055396246307488,15.128027059427328,2389500
2000-06-01,15.190281867980957,15.221409812703946,14.775246826962537,15.107276126363702,2811500
2000-06-02,16.435392379760742,16.725917320375583,16.10336455472959,16.414640937552587,5243500
2000-06-05,16.871177673339844,17.182454002491994,16.601404221448,16.601404221448,4069000
2000-06-06,17.006065368652344,17.421100536485064,16.954185972673255,17.182456581568065,3069000
2000-06-07,17.286211013793945,17.338090396688603,17.037189025959705,17.037189025959705,938500
2000-06-08,16.91268539428711,17.172082409536912,16.829678032760427,17.057947089533503,1294000
2000-06-09,16.69478416442871,16.84004738109826,16.559899040480428,16.746663545403607,972000
2000-06-12,16.435392379760742,16.50802480233962,16.35238661092812,16.497648289618763,800000
2000-06-13,16.19674301147461,16.23824588203324,15.968472473703056,16.22786937277707,1086500
2000-06-14,15.034648895263672,15.709081068732416,15.034648895263672,15.667578183658541,2314500
2000-06-15,15.096899032592773,15.231785732348445,14.993140276355023,15.065771089074854,1725500
2000-06-16,14.982763290405273,15.262913189913952,14.941260422524763,15.262913189913952,1572500
2000-06-19,15.231786727905273,15.366673436477205,15.055397147418786,15.107276528928521,3364500
2000-06-20,15.439303398132324,15.657195838455433,15.356296075671287,15.418551963325312,3381000
2000-06-21,15.65719985961914,15.719455763262053,15.56381758738817,15.688327811440596,3833000
2000-06-22,15.709074974060059,16.09298363659892,15.709074974060059,16.061855693253477,2354500
2000-06-23,15.615690231323242,15.92696644855892,15.532682923413851,15.91658994135798,873000
2000-06-26,15.626077651977539,15.626077651977539,15.397806999991381,15.605324623081474,1490000
2000-06-27,15.44968318939209,15.594946445254006,15.418556818995633,15.584569932966195,1725500
2000-06-28,15.553442001342773,15.594946467319255,15.439308282182802,15.511939118599782,1894000
2000-06-29,15.719453811645508,15.906219916153283,15.584567092654716,15.77133319716249,2374000
2000-06-30,15.65719985961914,15.843965987314478,15.60532046766118,15.709079251577101,760500
2000-07-03,16.352380752563477,16.414635056884865,16.07223084180177,16.17598959890374,889500
2000-07-05,16.144868850708008,16.425017275623123,16.124115825486967,16.425017275623123,1005000
2000-07-06,17.192834854125977,17.192834854125977,16.68441730795791,16.68441730795791,2612000
2000-07-07,17.037193298339844,17.286215348620807,16.995690414909777,17.223959440242187,2175000
2000-07-10,17.223955154418945,17.504103505946606,17.172075771423707,17.265458027521888,1519000
2000-07-11,17.089073181152344,17.140952578534854,16.725917399474767,16.725917399474767,1657500
2000-07-12,16.798540115356445,17.08906491684685,16.601399133934095,17.08906491684685,1698000
2000-07-13,16.47689437866211,16.622156035588063,16.269376821205995,16.290128260304943,2199000
2000-07-14,16.871177673339844,16.98531137742233,16.601404221448,16.684411559201898,1327000
2000-07-17,17.26545524597168,17.338087637050073,17.00605837278561,17.016434881006198,1366500
2000-07-18,16.33163070678711,17.037190700133554,16.31087926823671,17.016439261583155,1965000
2000-07-19,16.497650146484375,16.76742367525497,16.497650146484375,16.642911841524707,980000
2000-07-20,17.006065368652344,17.140952114844684,16.601406713308847,16.601406713308847,1698000
2000-07-21,16.165618896484375,16.38351139338425,16.103362992665325,16.165618896484375,1730500
2000-07-24,15.714266777038574,15.968475469170574,15.626072764749235,15.812837300530576,1654000
2000-07-25,15.895851135253906,16.020361404392236,15.833596792301728,15.93735561378933,881500
2000-07-26,16.041112899780273,16.186374602664504,15.937354088224732,16.144871711335814,1449000
2000-07-27,15.646825790405273,15.78171253354989,15.480811093729827,15.750584580019057,877500
2000-07-28,15.01388931274414,15.43930077865991,15.01388931274414,15.43930077865991,862000
2000-07-31,15.594943046569824,15.605317973363087,15.356297565060766,15.356297565060766,1016000
2000-08-01,15.42892837524414,15.470432832088912,15.304418171176117,15.356297554807222,771500
2000-08-02,15.750578880310059,15.916591933676383,15.698699504276911,15.709074429543795,795000
2000-08-03,15.107278823852539,15.304419870243706,15.034646412118963,15.107278823852539,1880000
2000-08-04,15.377047538757324,15.428926917486757,15.190281458684767,15.314793234221801,1568000
2000-08-07,15.563813209533691,15.594941152599349,15.356295700073243,15.366672208839447,1980500
2000-08-08,15.553442001342773,15.594946467319255,15.480811164925793,15.522315630902275,446500
2000-08-09,15.439303398132324,15.584565025014395,15.314793206057262,15.52231072059336,898000
2000-08-10,15.42892837524414,15.563815089331644,15.387425501632514,15.418553448457807,1253500
2000-08-11,15.77133560180664,15.802463554509526,15.605320909546878,15.72983272035842,842000
2000-08-14,15.792084693908691,15.823212641982183,15.48080837964019,15.60531858870095,832000
2000-08-15,16.165618896484375,16.217498288589116,16.020355648651055,16.103362992665325,1195000
2000-08-16,16.310882568359375,16.414641365337786,16.269379682861448,16.352387037090896,946000
2000-08-17,16.227869033813477,16.290124921584066,16.07223089762,16.227869033813477,732500
2000-08-18,16.248620986938477,16.310875287395852,16.165613669762422,16.29012385391006,600000
2000-08-21,16.009981155395508,16.35238546924162,15.96847669064339,16.35238546924162,724000
2000-08-22,16.124107360839844,16.16561180625986,15.947717821694711,16.051476560395695,1047500
2000-08-23,16.653287887573242,16.663664401170504,16.082614470865124,16.082614470865124,1132500
2000-08-24,17.057945251464844,17.057945251464844,16.767421892277223,16.788173334614402,1497000
2000-08-25,17.38997459411621,17.38997459411621,17.02681881331144,17.03719374282287,856500
2000-08-28,18.707700729370117,18.821834390933528,18.220034978685536,18.220034978685536,3683500
2000-08-29,19.17462158203125,19.17462158203125,18.42755873249408,18.510564484372363,2404000
2000-08-30,18.28230094909668,18.406811197256363,17.93989657923227,18.157790700936996,3444500
2000-08-31,18.967105865478516,19.12274404011335,18.500191341574013,18.531319293147657,2332500
2000-09-01,19.070863723754883,19.216125379743126,18.977479873562466,19.008607823626605,1743000
2000-09-05,18.126659393310547,18.26154613023739,17.991772656383702,18.19929022604549,1620500
2000-09-06,17.670122146606445,17.9295191200351,17.59749131069312,17.888014654346424,1363000
2000-09-07,18.20966148376465,18.251164352428766,17.867257275970346,18.033271917092723,1168500
2000-09-08,18.14741325378418,18.292676521859907,18.095533854450053,18.20966916627858,1303000
2000-09-11,18.25116729736328,18.334174631318195,18.054026264549417,18.13703359850433,2089000
2000-09-12,18.126659393310547,18.240794689917895,18.0747800008951,18.240794689917895,1014500
2000-09-13,18.16815948486328,18.16815948486328,17.960641965142322,18.05402421572354,819000
2000-09-14,17.74275016784668,17.950267713669447,17.690870781390988,17.950267713669447,793500
2000-09-15,17.524852752685547,17.7738747098861,17.514477827322768,17.742746767331916,514500
2000-09-18,18.08515739440918,18.209667625630036,17.939894138623604,18.012526558133136,1631000
2000-09-19,18.707700729370117,18.780331529134596,18.3030407022834,18.3030407022834,1468000
2000-09-20,18.998233795166016,19.029360163470418,18.7907162292253,18.967105843628232,1767500
2000-09-21,19.299137115478516,19.309513628941595,19.09161951208627,19.195378313782395,1532500
2000-09-22,18.59357261657715,18.59357261657715,18.14740955655514,18.178537506460547,1777500
2000-09-25,18.16815948486328,18.500187199770213,18.15778297558402,18.489810690490952,1152000
2000-09-26,18.115062713623047,18.312418139132213,17.980031972678464,18.26048275109437,657500
2000-09-27,16.515451431274414,17.855383649268905,15.632549939665404,17.82422368810695,8106000
2000-09-28,17.35680389404297,17.52299615203116,16.55699780800138,16.61932089533567,8587000
2000-09-29,16.77512550354004,16.868608541100073,16.62970709290403,16.85822241744996,1702000
2000-10-02,16.276548385620117,16.775128369312558,16.23500071403828,16.775128369312558,1518000
2000-10-03,16.131134033203125,16.411584849722548,16.120746320207324,16.286940218485302,2063000
2000-10-04,16.401201248168945,16.453136656282137,16.235008893172456,16.30771814754235,1911000
2000-10-05,16.214235305786133,16.31810612367088,16.12075061872412,16.286944561316876,751000
2000-10-06,16.255779266357422,16.473908567806326,16.099973075306075,16.349262347011216,901000
2000-10-09,16.183069229125977,16.297326145961215,15.788359914280473,16.245390751506346,1007500
2000-10-10,16.110353469848633,16.33886879592228,16.048030387764083,16.286933422499096,1245500
2000-10-11,15.53906536102295,15.788354535501467,15.435194607499913,15.788354535501467,2197000
2000-10-12,15.414421081542969,15.746808801583338,15.331325736474987,15.705259544107236,1780500
2000-10-13,15.809135437011719,15.829909280015311,15.41442608017299,15.41442608017299,1559500
2000-10-16,15.559837341308594,15.580611172550315,15.310546611582751,15.539063510066871,884000
2000-10-17,15.258613586425781,15.50790435447038,15.061259781881366,15.476742810347059,1432500
2000-10-18,14.895071983337402,14.90545969724284,14.46920265723889,14.780815055090656,1764500
2000-10-19,15.653326034545898,15.923390693167738,15.24823063155544,15.58061680643765,2135500
2000-10-20,16.120742797851562,16.141516634361643,15.622162796899014,15.622162796899014,1679000
2000-10-23,15.861075401306152,15.871463118268515,15.632559892621892,15.715656873491554,821000
2000-10-24,16.16230010986328,16.35965403246827,15.881847629923774,15.944170755453202,1789000
2000-10-25,15.798748970031738,16.048038250627556,15.726038143660581,15.97532900919899,1889500
2000-10-26,15.082033157348633,15.487130048740195,14.739259352307133,15.455968505565163,8018000
2000-10-27,14.469197273254395,14.895066440887101,14.375712637718904,14.874292605748778,2205500
2000-10-30,13.887521743774414,14.126424833685473,13.742103298580997,14.001780225670803,3747000
2000-10-31,13.794038772583008,13.825200321022336,13.482426458074094,13.544747970010562,3800000
2000-11-01,13.86674976348877,14.074491332979239,13.86674976348877,14.001782100646054,2519500
2000-11-02,14.303009986877441,14.334171546358077,13.90830059832251,13.981011432091572,2182500
2000-11-03,14.34455394744873,14.625004709000297,14.271843140614257,14.521133939170667,2096000
2000-11-06,14.541908264160156,14.718488261807941,14.406875941861653,14.718488261807941,1486000
2000-11-07,14.15758991241455,14.282234551511957,14.095266800394558,14.2718468378611,1666000
2000-11-08,13.949844360351562,14.344553592937753,13.939456649648456,14.334165882234647,1344000
2000-11-09,13.918686866760254,14.022557664273391,13.7524929567622,13.929074580488605,1827500
2000-11-10,13.420101165771484,13.710939595389341,13.357779664030328,13.710939595389341,1850500
2000-11-13,13.139653205871582,13.212362432314828,12.796879326990826,13.004620879652828,2408000
2000-11-14,13.440876007080078,13.534360644111393,13.264296028165887,13.295457573842992,1996500
2000-11-15,13.129266738891602,13.212362887335471,13.015009039486806,13.170815209349115,1539000
2000-11-16,12.60991382598877,12.81765540205952,12.599526905679477,12.693009980934336,1643000
2000-11-17,12.56836223602295,12.828039141725903,12.51642685488236,12.641071452631367,2412000
2000-11-20,12.184040069580078,12.464490795490216,12.15287852560296,12.464490795490216,1294500
2000-11-21,12.121719360351562,12.184042460535878,12.028236295017368,12.04901013343138,1748000
2000-11-22,11.997074127197266,12.163267203365518,11.976300289852894,12.028235675684918,1468500
2000-11-24,12.58913516998291,12.796876679668905,12.422942120728308,12.443716747179488,1395000
2000-11-27,13.368165969848633,13.627842859647332,13.326618301457623,13.627842859647332,3549500
2000-11-28,13.222748756408691,13.544747178280845,13.181200291741911,13.295457975222268,2170000
2000-11-29,12.828043937683105,12.952688582032387,12.703399293333822,12.900753181474967,2768000
2000-11-30,12.381397247314453,12.516429584718988,12.1840433899141,12.506042664719685,1901000
2000-12-01,12.391782760620117,12.568362746684285,12.298298912274536,12.46449198018276,2459000
2000-12-04,12.713780403137207,12.786489613691716,12.609909649504502,12.609909649504502,2463000
2000-12-05,13.326620101928711,13.378555486905096,12.609911630760388,12.641072386263568,3678000
2000-12-06,12.900749206542969,13.253909980013084,12.848813821987688,13.087716907930405,2948000
2000-12-07,13.004622459411621,13.056557853886062,12.828042435187012,12.828042435187012,903000
2000-12-08,13.06694221496582,13.19158681274349,12.900748361300893,13.118877596118354,1388500
2000-12-11,13.575906753540039,13.617456004644497,13.39932679493623,13.544745211447163,1262500
2000-12-12,13.326620101928711,13.357781649902975,13.212361621003797,13.295458553954447,920500
2000-12-13,13.129266738891602,13.37855676916553,13.087718268434086,13.337007506236855,1289000
2000-12-14,12.682621002197266,13.108491005528068,12.568363312396967,13.108491005528068,1453000
2000-12-15,12.308682441711426,12.526810832817208,12.15287633485432,12.526810832817208,1389000
2000-12-18,12.298299789428711,12.54758980530674,12.25675132137052,12.50604133724855,712500
2000-12-19,12.1632661819458,12.402169253699475,12.132105428545994,12.21520156341651,1559500
2000-12-20,11.602365493774414,11.830881679048309,11.477720878149482,11.820494759824754,2355500
2000-12-21,11.560819625854492,11.675077340134296,11.13494873881054,11.13494873881054,2695500
2000-12-22,11.55042839050293,11.612751481534556,11.384235330184309,11.602363771381937,1581000
2000-12-26,11.540040969848633,11.675073271237078,11.321912538158132,11.550427887077516,1076500
2000-12-27,11.529656410217285,11.560817960746872,11.342688691982058,11.384237161864458,1363500
2000-12-28,11.55042839050293,11.571203018337146,11.321913031623703,11.446557628744914,1618000
2000-12-29,11.55042839050293,11.59197685370034,11.238816105228882,11.405009958018525,2341000
2001-01-02,11.238818168640137,11.581592062362192,11.197270490285726,11.508882832770807,1640000
2001-01-03,12.391782760620117,12.506040445277582,11.197268945852603,11.197268945852603,4401500
2001-01-04,12.194429397583008,12.371009401773861,12.090558620418708,12.152880928223059,3109000
2001-01-05,12.526814460754395,12.547589089834464,12.246363704177554,12.422943692767259,3085000
2001-01-08,12.48526382446289,12.547586908396962,12.31907078307087,12.48526382446289,1582500
2001-01-09,12.526814460754395,12.589136763052462,12.464492158456327,12.547589089834464,1647000
2001-01-10,12.620302200317383,12.713786078813996,12.298302878803547,12.40217367880616,2121500
2001-01-11,12.433332443237305,12.495655547190323,12.194430117145084,12.2152039568153,1722000
2001-01-12,12.58913516998291,12.630683630414302,12.381393660296915,12.454103664169594,2751000
2001-01-16,12.713780403137207,12.744941153744442,12.49565197900272,12.49565197900272,1212000
2001-01-17,12.661847114562988,13.025394812235184,12.630685566345507,12.69300787030938,3665000
2001-01-18,12.58913516998291,12.58913516998291,12.4644905811597,12.547587502022486,2293000
2001-01-19,12.74494457244873,12.86958998572544,12.713783813482932,12.713783813482932,1669000
2001-01-22,12.724173545837402,12.744947389740027,12.44372269079524,12.6306896633329,1370500
2001-01-23,12.661847114562988,12.661847114562988,12.46449249161815,12.48526632878241,2651000
2001-01-24,12.111332893371582,12.246365225518073,12.069784422521034,12.235978305923227,1748500
2001-01-25,12.298299789428711,12.40217056333863,12.069783611344219,12.069783611344219,1770000
2001-01-26,12.225590705871582,12.308687648334038,12.049010693727833,12.298300728644024,1318000
2001-01-29,12.215205192565918,12.26506352227801,12.073940849598133,12.248443814883558,1246000
2001-01-30,12.132104873657227,12.165343484579397,11.975882689099128,12.132104873657227,1186500
2001-01-31,12.223509788513184,12.238466884757619,12.080583694777612,12.132103814574329,1370000
2001-02-01,12.11715030670166,12.223514207810751,11.924366627471544,12.198585440900287,1049000
2001-02-02,11.709975242614746,11.847915930774173,11.709975242614746,11.79971942390038,1876500
2001-02-05,11.663439750671387,11.714959081813241,11.586990867314361,11.714959081813241,1877000
2001-02-06,11.856226921081543,11.957605386979477,11.81800286420441,11.81800286420441,1063500
2001-02-07,11.906083106994629,11.91605477057625,11.841267689949618,11.882816156127868,1388000
2001-02-08,12.05066967010498,12.103851605670021,12.000812150336559,12.035712572668652,1460500
2001-02-09,11.9841890335083,12.113819815917553,11.974217373902146,12.068947743925238,1173000
2001-02-12,12.216864585876465,12.329876513357132,11.975884423669743,11.975884423669743,1949500
2001-02-13,12.181962966918945,12.268383517876538,12.158696017425905,12.25841185488366,1063500
2001-02-14,11.994168281555176,11.999153718277045,11.816341692268255,11.965915096050786,942500
2001-02-15,12.236808776855469,12.294976160378855,12.075601122552177,12.075601122552177,1130500
2001-02-16,11.907743453979492,11.939320252691605,11.79971777219358,11.924363155394701,2684500
2001-02-20,11.814678192138672,11.965913386555803,11.801382111170685,11.965913386555803,1530000
2001-02-21,11.528825759887695,11.700005085096493,11.525502135699934,11.675076318745898,1478000
2001-02-22,11.575358390808105,11.666764379394616,11.510542975910782,11.591977301246084,1722000
2001-02-23,11.957601547241211,11.965910605325995,11.763155323579873,11.857885717985107,1464500
2001-02-26,12.231822967529297,12.231822967529297,12.049010177428123,12.049010177428123,1613000
2001-02-27,12.132104873657227,12.228496290601825,12.022417378366963,12.223510855575446,1405000
2001-02-28,11.884476661682129,12.132104827210423,11.836280953394343,12.132104827210423,1383500
2001-03-01,11.731578826904297,11.749860340102522,11.500570364320922,11.641834657514796,1791000
2001-03-02,11.437419891357422,11.517192420113412,11.334380408067235,11.425786414090323,2326000
2001-03-05,11.497244834899902,11.600284272954994,11.34434709296599,11.409161699302174,1235000
2001-03-06,11.995828628540039,12.032390870781573,11.79972054361777,11.79972054361777,1789500
2001-03-07,11.866194725036621,11.907743185165717,11.768140707819176,11.841265965947548,1112000
2001-03-08,11.891124725341797,11.940982245401456,11.84791445197223,11.907743634538019,750500
2001-03-09,11.74155330657959,11.799720690979175,11.675076069416871,11.799720690979175,1713000
2001-03-12,11.3593111038208,11.467336834268862,11.237990081734058,11.467336834268862,3341000
2001-03-13,11.3676176071167,11.38423651864799,11.178156785350684,11.218043440979551,1469000
2001-03-14,10.972076416015625,11.13494505619625,10.903936589442587,10.968752000165304,2482000
2001-03-15,11.1133394241333,11.208069818462173,11.056833866847487,11.101705950353015,1253500
2001-03-16,11.251283645629883,11.384238126542952,11.218045025401615,11.384238126542952,1254000
2001-03-19,11.134950637817383,11.211399561160299,11.086754904774166,11.209737748637624,1241500
2001-03-20,10.960441589355469,11.29282847690909,10.869035611325478,11.176492947394678,1441000
2001-03-21,11.43409538269043,11.53381123404009,11.267902297107662,11.301140914224215,2924000
2001-03-22,11.71828556060791,11.76648127692771,11.301140648247914,11.713299332298652,3223000
2001-03-23,12.115487098693848,12.155373755132048,12.02075668588868,12.02075668588868,1690500
2001-03-26,12.504379272460938,12.547589551572289,12.441225665687254,12.506041084354282,2115500
2001-03-27,12.797948837280273,12.91444540540214,12.548313787629386,12.561627477068699,2981500
2001-03-28,12.398534774780273,12.6048997747897,12.368579166677293,12.598243325685965,2041500
2001-03-29,12.007437705993652,12.097306095666223,11.924225763812151,12.082328295243425,2199000
2001-03-30,12.024081230163574,12.024081230163574,11.816052140390614,11.915906008253474,1464500
2001-04-02,11.546446800231934,11.684577625388288,11.539789558358379,11.649628891080102,1263500
2001-04-03,11.251877784729004,11.649629148213412,11.220257273875665,11.624665879380569,2075000
2001-04-04,11.401659965515137,11.584725817101694,11.366711224997154,11.466565109434876,2329000
2001-04-05,12.163878440856934,12.182185263272059,11.882622829710096,11.882622829710096,1870500
2001-04-06,11.782764434814453,11.920896019011742,11.716195206990355,11.919231907351309,1543000
2001-04-09,11.508166313171387,11.624662860080086,11.408312470207273,11.483203050822308,1136000
2001-04-10,11.6462984085083,11.649626632015682,11.441597585015403,11.464896736702752,2734000
2001-04-11,11.686241149902344,11.732840253538333,11.57806593469586,11.649628305358592,2251500
2001-04-12,11.937541007995605,11.937541007995605,11.651293095812212,11.686241830398325,1174000
2001-04-16,11.644638061523438,11.741162922987176,11.591382500348354,11.649630398398557,1192000
2001-04-17,11.874297142028809,11.874297142028809,11.649625413849195,11.807727123867338,748500
2001-04-18,12.804604530334473,12.981013880885147,12.155554074360586,12.157218186246402,3708000
2001-04-19,12.782971382141113,12.797949183970088,12.52667908404377,12.714737233976308,3063500
2001-04-20,12.45844841003418,12.515032199034737,12.340287701303764,12.506710843531325,1600000
2001-04-23,12.228781700134277,12.315321874862716,12.157219327351925,12.315321874862716,864500
2001-04-24,12.024081230163574,12.366913716084198,11.99079660754262,12.257073588510252,1395000
2001-04-25,12.466766357421875,12.481744158378934,12.215467203608585,12.215467203608585,1683500
2001-04-26,12.49838924407959,12.531673869762079,12.450126021020735,12.468432842894927,1808500
2001-04-27,12.723060607910156,12.731381962944429,12.549980232324167,12.614885373168914,1269000
2001-04-30,12.756341934204102,12.852867564351838,12.663145321349658,12.847874435195841,2094500
2001-05-01,13.310535430908203,13.310535430908203,12.814593451065994,12.814593451065994,3671000
2001-05-02,13.709952354431152,13.72160193552658,13.209017986623103,13.31053678504238,3596500
2001-05-03,13.295554161071777,13.530211411594573,13.250619962794635,13.513568704456693,2754500
2001-05-04,13.308868408203125,13.37210863092895,13.122474376831143,13.27225477057624,2663500
2001-05-07,13.613423347473145,13.704955062374449,13.515233597441343,13.515233597441343,2347000
2001-05-08,13.788167953491211,13.813132015881479,13.563496153386842,13.809803791656647,2815500
2001-05-09,13.25561237335205,13.398735520421173,13.247291020234478,13.397072202079151,2493500
2001-05-10,13.343816757202148,13.37876549036549,13.31552605926225,13.343816757202148,1228500
2001-05-11,13.413717269897461,13.488606286868736,13.397074560732245,13.397074560732245,1671000
2001-05-14,12.827906608581543,13.00431519487165,12.731380961057061,12.981016037463677,2704500
2001-05-15,13.189044952392578,13.21400822161618,13.040927862054097,13.147438974641227,1102000
2001-05-16,13.438676834106445,13.480283598002554,12.98267765304181,13.059232352761319,1421500
2001-05-17,13.605101585388184,13.6450434464282,13.438677693433398,13.438677693433398,1536000
2001-05-18,13.505247116088867,13.546853883210202,13.437014557427284,13.480284642951945,892500
2001-05-21,14.22918701171875,14.270792185912123,13.706617834229988,13.706617834229988,2884500
2001-05-22,13.869717597961426,13.889688534184383,13.77319272883072,13.889688534184383,1923000
2001-05-23,13.846417427062988,13.97622770947692,13.829776304037765,13.912986680572477,1961000
2001-05-24,13.854736328125,13.854736328125,13.734912327886214,13.771524379192998,991500
2001-05-25,13.764871597290039,13.90965969691198,13.763208278407223,13.90965969691198,812500
2001-05-29,13.521892547607422,13.660024185439285,13.443673714221221,13.660024185439285,1643000
2001-05-30,12.987669944763184,13.060896420551174,12.98101349741656,13.035933155865584,1644500
2001-05-31,12.997657775878906,12.997657775878906,12.842884236939502,12.842884236939502,2038000
2001-06-01,13.179059982299805,13.247293343983527,12.981016346055995,12.99765826164244,1138000
2001-06-04,13.09751033782959,13.127466734054416,13.064225717657985,13.080868424527758,3027500
2001-06-05,13.039262771606445,13.04592001323167,12.897802934006103,12.972693529626044,1510500
2001-06-06,12.698095321655273,12.79462096146071,12.669803036454933,12.781306478091157,1898500
2001-06-07,12.714736938476562,12.746357446996598,12.683116429956529,12.698095025005358,1018500
2001-06-08,12.579933166503906,12.723057100653623,12.556634013685102,12.723057100653623,675000
2001-06-11,12.358591079711914,12.523350063625475,12.340284261421102,12.498386797641944,1199000
2001-06-12,12.032402038574219,12.044051616284877,11.802737914833878,11.940869528909346,1558500
2001-06-13,12.030738830566406,12.245424375119235,11.990796964804009,12.148899522140146,971000
2001-06-14,11.94919204711914,12.069016861470077,11.929221906034064,12.029075785731829,895500
2001-06-15,11.817716598510742,11.96916191361922,11.799410571352414,11.907585796429899,567000
2001-06-18,11.578064918518066,11.716196518173946,11.571408471131395,11.657948635701167,1751500
2001-06-19,11.78609848022461,11.99912074934456,11.78609848022461,11.882624146321575,1493500
2001-06-20,11.649628639221191,11.679585036652563,11.566416688656709,11.632985931681105,1398500
2001-06-21,11.616345405578613,11.697892460277592,11.524812883876159,11.629659097060559,1149000
2001-06-22,11.546446800231934,11.746154533622704,11.524811756102867,11.69955622121179,1206000
2001-06-25,11.275176048278809,11.336752159426567,11.233570074474573,11.316782022083043,1754500
2001-06-26,11.01722240447998,11.04551469595084,10.93733945439776,10.992259131373313,145900000
2001-06-27,10.983938217163086,11.013894622235657,10.967296298945998,11.013894622235657,978000
2001-06-28,10.965632438659668,11.183646254369474,10.84247859060741,10.84247859060741,2100000
2001-06-29,10.950651168823242,11.013892189932045,10.907381080019114,10.965629764835748,977500
2001-07-02,10.942327499389648,10.983933467292632,10.900722325054497,10.967291556272139,1128000
2001-07-03,10.707673072814941,10.76425685053256,10.662738873051893,10.76425685053256,978500
2001-07-05,10.060287475585938,10.098564436652472,9.885542998581911,10.08857896994641,3950500
2001-07-06,9.344664573669434,9.685832883309939,9.319701309792077,9.685832883309939,4285000
2001-07-09,9.526067733764648,9.566009597049657,9.436199334941353,9.436199334941353,4065500
2001-07-10,9.394596099853516,9.566012387288174,9.369632824803022,9.552697899930918,5371500
2001-07-11,9.386274337768555,9.419558967585997,9.338011902282124,9.352989707951112,3156500
2001-07-12,10.135177612304688,10.168462235269235,9.835615212055757,9.90218445798485,3151000
2001-07-13,9.868900299072266,9.948784032797851,9.802331050012976,9.848930159208916,1523500
2001-07-16,9.652549743652344,9.843936118604526,9.652549743652344,9.835614764849744,1229000
2001-07-17,9.702474594116211,9.744080562096874,9.61260621116139,9.635905362774283,1114000
2001-07-18,9.442852973937988,9.472809362489961,9.336342692810536,9.336342692810536,1735500
2001-07-19,9.769046783447266,9.852258744604509,9.685835615858098,9.685835615858098,1169500
2001-07-20,9.765719413757324,9.765719413757324,9.652551835017576,9.652551835017576,556000
2001-07-23,9.391266822814941,9.794011371404768,9.361310419969056,9.794011371404768,1593000
2001-07-24,9.585983276367188,9.585983276367188,9.364639646380649,9.46116531460837,1558000
2001-07-25,9.620930671691895,9.632580251261954,9.536054596561398,9.585981932981717,1489000
2001-07-26,8.63071346282959,8.953575121289248,8.587443360016817,8.887005854433943,7752500
2001-07-27,8.63736343383789,8.63736343383789,8.467611390799041,8.487582312752739,3350000
2001-07-30,7.722039222717285,7.903440923188619,7.697075955331456,7.821893085828565,6452000
2001-07-31,8.241279602050781,8.304519821450468,8.04323600373221,8.104812111248734,4035500
2001-08-01,8.321165084838867,8.354449713435498,8.264581295581412,8.304522373756482,1717500
2001-08-02,8.629048347473145,8.773836446380225,8.629048347473145,8.697281719035677,2611000
2001-08-03,8.48259449005127,8.6124047582152,8.48259449005127,8.600755179808285,1568500
2001-08-06,8.346124649047852,8.469278434339696,8.324489610395803,8.445978490464745,1054000
2001-08-07,8.557486534118652,8.6440259339263,8.529194242604202,8.529194242604202,868000
2001-08-08,8.547496795654297,8.687291690277323,8.54583268408513,8.60075233370639,1202000
2001-08-09,8.359440803527832,8.379411736420103,8.232959551156824,8.35777669138148,938500
2001-08-10,8.28787899017334,8.317835388681669,8.171382413908509,8.317835388681669,1373000
2001-08-13,8.18136978149414,8.212990299451572,8.154742394565876,8.174713331546167,958500
2001-08-14,8.33780574798584,8.43765960924958,8.33780574798584,8.364433126895658,1148000
2001-08-15,8.595763206481934,8.65234699401029,8.562478578902423,8.620726478774538,1917000
2001-08-16,8.401042938232422,8.419349750603521,8.289539539756081,8.35278053379473,839000
2001-08-17,7.971675395965576,7.983324975284977,7.920083948369332,7.9383907702575645,2320000
2001-08-20,8.029922485351562,8.069864349613235,7.936725860164985,7.946711326230402,928500
2001-08-21,7.838538646697998,7.886801087022611,7.7703052677672515,7.771969380389721,3091500
2001-08-22,8.079848289489746,8.104811553154025,7.971673088854075,8.023264521519051,1388000
2001-08-23,7.7370195388793945,7.796931552644673,7.613865699438974,7.722040940261971,1371000
2001-08-24,7.973336696624756,7.99497173538433,7.7553221973656274,7.7553221973656274,1052000
2001-08-27,7.941718101501465,7.955032585141562,7.878477875266931,7.9350616532494005,1356500
2001-08-28,7.946710109710693,8.02160069695273,7.908432363391662,7.950038333367001,1957000
2001-08-29,7.876811981201172,7.975001722709479,7.866827310076018,7.946710234052441,951000
2001-08-30,7.642157077789307,7.780288705777854,7.6055442289491815,7.780288705777854,1585000
2001-08-31,7.472403049468994,7.489045754279959,7.405833817360822,7.414155169766304,1480000
2001-09-04,7.322623252868652,7.437454909584037,7.242740326737606,7.322623252868652,3120000
2001-09-05,7.106274127960205,7.1512083316848605,7.034712541868365,7.147880107280975,1787500
2001-09-06,7.023061752319336,7.107937818123242,7.013077079700527,7.107937818123242,1371500
2001-09-07,6.903237342834473,6.9398509854502555,6.823354402381212,6.898245006242165,2197500
2001-09-10,6.723499298095703,6.898243743938918,6.656930060971421,6.656930060971421,4327500
2001-09-17,6.157660484313965,6.2907989606935235,5.82481389658111,5.82481389658111,3423000
2001-09-18,6.0494866371154785,6.154333250569962,6.027851590149947,6.154333250569962,1807000
2001-09-19,6.199267387390137,6.319092200506317,6.057807924334687,6.249194723508581,3666500
2001-09-20,6.250859260559082,6.30744304962639,6.165983180174051,6.30744304962639,2358500
2001-09-21,6.116056442260742,6.116056442260742,5.8747426792729796,5.991238882870913,2956500
2001-09-24,6.440582275390625,6.507151936501653,6.240874482409883,6.240874482409883,4310500
2001-09-25,6.182435035705566,6.312591680031969,6.130706327183479,6.274212187308241,1568000
2001-09-26,6.0489420890808105,6.257526299049115,6.0489420890808105,6.174092694630355,1264000
2001-09-27,6.2057976722717285,6.2057976722717285,6.057285734932968,6.090659177176994,2018500
2001-09-28,5.539997100830078,5.731894610540779,5.509961159148027,5.681834442508794,8125500
2001-10-01,5.630105018615723,5.673490571728448,5.51997258312736,5.623430012103919,3037000
2001-10-02,5.626768112182617,5.673491173507089,5.551677662623893,5.593394667454927,2044500
2001-10-03,5.740238189697266,5.873731971555343,5.473250228138259,5.508292624366,5333000
2001-10-04,5.89041805267334,5.987201272684038,5.815327609635978,5.940478215417312,4483500
2001-10-05,5.882074356079102,6.040597991426962,5.882074356079102,5.973851113839911,2583000
2001-10-08,5.957164287567139,5.982194565134607,5.8820742505502635,5.89542346669107,1258000
2001-10-09,5.725220203399658,5.925461280448086,5.725220203399658,5.923792329631368,1961500
2001-10-10,6.174094200134277,6.199124088641842,5.923792928001209,5.957166377906564,2653500
2001-10-11,6.668021202087402,6.671358308104918,6.552882689782772,6.607948917500514,6414500
2001-10-12,6.676364898681641,6.714744803694141,6.479461305564334,6.668021735128027,3585000
2001-10-15,6.604610919952393,6.654671087059043,6.547876143466758,6.653002534175007,1465000
2001-10-16,6.799845218658447,6.821537996523031,6.724755568221639,6.724755568221639,1530000
2001-10-17,6.691383361816406,6.986737951104984,6.691383361816406,6.986737951104984,2405500
2001-10-18,6.7581305503845215,6.8248774519850635,6.699726414719673,6.8248774519850635,1627500
2001-10-19,6.841564655303955,6.871601003574783,6.791504870538508,6.839896101903231,1729500
2001-10-22,6.965043544769287,6.98840566999605,6.783158566619345,6.819869113657496,1282500
2001-10-23,6.95836877822876,7.091862533910325,6.94168166092579,7.091862533910325,1809500
2001-10-24,6.814865589141846,6.84156403249485,6.708070224358109,6.71140733085577,1948000
2001-10-25,6.746448993682861,6.746448993682861,6.424394400414187,6.484466683509972,2459000
2001-10-26,6.729762554168701,6.77815377786514,6.674696322241184,6.678033428513819,1173000
2001-10-29,6.441082000732422,6.674696555215861,6.426064226295574,6.674696555215861,1573000
2001-10-30,6.360985279083252,6.444418898604538,6.3576477751652485,6.427732174700282,1013000
2001-10-31,6.37433385848999,6.48279775188918,6.317599082485571,6.391020580717339,2046500
2001-11-01,6.531191349029541,6.5328599024061145,6.325944165678568,6.39102252148044,1927000
2001-11-02,6.6279730796813965,6.654671918375456,6.464443339174977,6.507828902322464,1520000
2001-11-05,6.874936580657959,6.904972922245505,6.766472676885507,6.8098582383944875,1435500
2001-11-06,6.975056171417236,6.980062625651483,6.7698098485835345,6.816532511112929,990500
2001-11-07,6.557888507843018,6.624635399877188,6.50282228213054,6.5812498404864055,2126000
2001-11-08,6.639653205871582,6.82320754674374,6.594598698160378,6.594598698160378,2218000
2001-11-09,6.641324043273926,6.641324043273926,6.52785405529943,6.52785405529943,1156500
2001-11-12,6.666352272033691,6.673027279775294,6.517840312033331,6.6413223854527415,1348000
2001-11-13,6.7581305503845215,6.7915040011847925,6.6830400871624525,6.6830400871624525,3390000
2001-11-14,6.813197612762451,6.839896058375997,6.7247579175994305,6.838227504985891,1931000
2001-11-15,7.55909538269043,7.597474499233182,7.2787577142703155,7.308794063533747,5872000
2001-11-16,7.709271430969238,7.76767554492884,7.659211671215906,7.76767554492884,2700000
2001-11-19,8.032999992370605,8.041342760910448,7.896168244398154,7.926204598199825,3214000
2001-11-20,7.609152317047119,7.740977538881156,7.609152317047118,7.717616207883435,4368500
2001-11-21,7.757665157318115,7.757665157318116,7.689248917071088,7.709273143695305,1342500
2001-11-23,7.7676777839660645,7.77602054920607,7.679238106935894,7.709273653171442,1025000
2001-11-26,8.101409912109375,8.15147046744447,8.001289597124714,8.009633155628153,2749000
2001-11-27,8.051351547241211,8.10641777524848,7.976261887337821,8.098075010160825,1996500
2001-11-28,7.694257736206055,7.8527814536089044,7.692589182755534,7.851112900158384,1725500
2001-11-29,7.84276819229126,7.872804537073637,7.735973625874765,7.735973625874765,880000
2001-11-30,7.9595746994018555,7.97626182080948,7.76100256962843,7.801051024458135,1118500
2001-12-03,7.674232482910156,7.759335063057438,7.642527584508506,7.709274487769081,1672000
2001-12-04,7.809394836425781,7.901172425100195,7.567437113377887,7.809394836425781,4185000
2001-12-05,8.293310165405273,8.376744191079077,8.017978994641899,8.017978994641899,2654500
2001-12-06,8.32000732421875,8.385085657014026,8.259934649783585,8.32501298257886,3404000
2001-12-07,8.093067169189453,8.299982825950675,8.026320285806557,8.299982825950675,1818500
2001-12-10,7.777685165405273,8.059691175603692,7.76099884768565,7.951227325527378,2266000
2001-12-11,7.834428310394287,7.9145244636144225,7.7426506890535425,7.7426506890535425,1485500
2001-12-12,7.892829895019531,7.967920369864937,7.796046634011805,7.937884020789584,1266000
2001-12-13,7.555757999420166,7.737643865272164,7.554089445849617,7.719288184624105,1217500
2001-12-14,7.709271430969238,7.709271430969238,7.5557534552040915,7.5557534552040915,970000
2001-12-17,7.600809097290039,7.657544670178048,7.554086433204099,7.589128431268555,1959500
2001-12-18,7.84276819229126,7.84276819229126,7.709274387506261,7.784364851619283,1401500
2001-12-19,7.801048755645752,7.834422193069119,7.675897768543993,7.824410082273558,2027000
2001-12-20,7.592467784881592,7.759335042592934,7.567437099460505,7.759335042592934,1466500
2001-12-21,7.402237415313721,7.455635089851529,7.275418634511453,7.300448520934077,1472000
2001-12-24,7.402237415313721,7.412249529019919,7.362189756174673,7.402237415313721,370000
2001-12-26,7.360523700714111,7.425602071078741,7.203668508613461,7.215349180549207,2007500
2001-12-27,7.342164039611816,7.4389472553514935,7.317134158265797,7.377206032633359,1338500
2001-12-28,7.717619895935059,7.729300567015811,7.475662114808861,7.560764715315797,1936000
2001-12-31,7.5257182121276855,7.712609633603792,7.499018982953633,7.712609633603792,1274500
2002-01-02,7.6675567626953125,7.6675567626953125,7.542406529618202,7.567436417096469,1452500
2002-01-03,7.884484767913818,7.921196119173674,7.612490718122674,7.612490718122674,3948000
2002-01-04,8.271618843078613,8.2899745229329,8.051353867571095,8.051353867571095,3196500
2002-01-07,8.228232383728027,8.276623608037225,8.168159695945077,8.24992437046064,2548500
2002-01-08,7.979598522186279,8.05468897334141,7.961242848705822,8.00629696026176,2147000
2002-01-09,8.009636878967285,8.15147425671776,7.979600531803608,8.109757240493638,2320000
2002-01-10,8.163153648376465,8.221556984539516,8.134785858991108,8.221556984539516,2591000
2002-01-11,7.934543609619141,8.121435044337472,7.926200050180716,8.121435044337472,1808500
2002-01-14,7.846103191375732,7.892825846626187,7.846103191375732,7.892825846626187,2171000
2002-01-15,7.660882472991943,7.75099070355184,7.614159804655074,7.675900246190003,2266500
2002-01-16,7.42559814453125,7.592466162266434,7.4155860316397115,7.530724932049561,2469500
2002-01-17,7.594136714935303,7.614160945991458,7.405576664580636,7.560763261737007,2202000
2002-01-18,7.458969593048096,7.557421347066145,7.428934058096157,7.550747137381477,1057000
2002-01-22,7.268743515014648,7.35050897641004,7.267074962036903,7.340496862857835,1795500
2002-01-23,7.494011878967285,7.584120069210071,7.4039028930390876,7.450626336156254,1195500
2002-01-24,7.6525397300720215,7.715949527128098,7.6108227164464,7.625841286935701,1529000
2002-01-25,7.7426438331604,7.839427030265923,7.714276851946037,7.784360824495505,1992500
2002-01-28,7.542407035827637,7.592467609829768,7.475660134282016,7.559094159056957,1404500
2002-01-29,7.2921037673950195,7.445621758196717,7.225356884062595,7.425597534059867,1500000
2002-01-30,7.400568962097168,7.407243969886551,7.133581381493901,7.19865972361881,1312000
2002-01-31,7.468984127044678,7.482334142117202,7.293773334996463,7.293773334996463,948500
2002-02-01,7.258729457855225,7.3004464538715945,7.208669699183996,7.258729457855225,1444000
2002-02-04,7.217016220092773,7.248721121748089,7.0918659625573115,7.200329890408146,1872500
2002-02-05,6.966713905334473,7.0518156765452895,6.891623451936683,7.050147123576452,1402000
2002-02-06,6.841564655303955,6.919992234939506,6.774817745159404,6.883281673065783,2075000
2002-02-07,7.091865539550781,7.218685138607672,7.035130748909604,7.075178415175555,1450000
2002-02-08,7.0751752853393555,7.096868060019414,7.018440519795863,7.063494621718211,1035500
2002-02-11,7.250389099121094,7.250389099121094,7.141925975573338,7.141925975573338,775500
2002-02-12,7.303783893585205,7.3421637862981575,7.2203506934151624,7.260398343049983,1515000
2002-02-13,7.484001159667969,7.497350376316055,7.400567163167702,7.412247827195472,1128500
2002-02-14,7.600809097290039,7.672562442009758,7.575779212341956,7.600809097290039,1728500
2002-02-15,7.484001159667969,7.557422249075221,7.47565760088083,7.5424044798068195,744000
2002-02-19,7.48734188079834,7.570775917591715,7.484004773946108,7.534064559473377,1751500
2002-02-20,7.575778961181641,7.592466081050931,7.44228518497,7.484002188957556,932500
2002-02-21,7.55909538269043,7.727631217022095,7.55909538269043,7.710944091091536,1446000
2002-02-22,7.794378757476807,7.884487016842454,7.675902700017595,7.675902700017595,1808500
2002-02-25,7.884484767913818,7.909514656001323,7.730966741788414,7.79103942802138,857000
2002-02-26,7.634182453155518,7.759333467803483,7.634182453155517,7.755995566346604,1041500
2002-02-27,7.879477024078369,7.984603003646598,7.750988920031616,7.750988920031616,1085500
2002-02-28,7.709271430969238,7.83442242172364,7.680904445958493,7.7426448693666385,1022500
2002-03-01,7.976261138916016,8.027989460348744,7.867797246096301,7.874471457540175,1452000
2002-03-04,8.460179328918457,8.468522096033897,8.15481177328694,8.174836005735884,2781500
2002-03-05,8.393430709838867,8.41846059746356,8.301653129072026,8.355050806174276,2310000
2002-03-06,8.910717010498047,8.962445324013423,8.638723043648712,8.638723043648712,3109500
2002-03-07,9.35291862487793,9.503099552713195,9.069243892605023,9.503099552713195,3650000
2002-03-08,9.44302749633789,9.528130080861962,9.394636267475281,9.469726736426761,2298000
2002-03-11,9.377948760986328,9.38462376965814,9.269484843106016,9.382955216411652,1749500
2002-03-12,8.99415397644043,9.044214553996204,8.925738516852444,9.002497538647374,1447500
2002-03-13,8.743853569030762,8.83229406431879,8.71214946165558,8.83229406431879,2124000
2002-03-14,9.192723274230957,9.192723274230957,9.07925372808361,9.135988501157284,2194500
2002-03-15,9.219426155090332,9.299522290210865,9.13599211739556,9.176040582798803,1248500
2002-03-18,8.954103469848633,9.085928687297137,8.897367901386595,8.927404238392562,1799500
2002-03-19,9.212750434875488,9.292846563816703,9.102617959199108,9.169364865931103,2019000
2002-03-20,8.678773880004883,8.8256168936652,8.677104531253823,8.775556323277723,1961000
2002-03-21,8.870671272277832,8.877346280422737,8.678774137419943,8.70880968485752,1092000
2002-03-22,8.727165222167969,8.793912119815902,8.645400551039275,8.77722579324681,1099500
2002-03-25,8.485204696655273,8.558626577918401,8.443487700581098,8.468517579951396,2207500
2002-03-26,8.49422836303711,8.599466130952024,8.435762936417714,8.469171865419039,1712500
2002-03-27,8.594452857971191,8.70303204740125,8.53598744694404,8.53598744694404,1005000
2002-03-28,8.636215209960938,8.703033057901978,8.611158716115941,8.691339974338874,707000
2002-04-01,8.53598690032959,8.584429552574065,8.393998799900507,8.432418697106222,866500
2002-04-02,8.544337272644043,8.708041185432068,8.520951113178798,8.601133141666855,1107500
2002-04-03,8.76317024230957,8.816624688751798,8.669625558434452,8.816624688751798,1587000
2002-04-04,8.804927825927734,8.891791164565266,8.769848584523663,8.769848584523663,1461000
2002-04-05,8.602807998657227,8.693012031682498,8.56939906803558,8.65793277400953,814500
2002-04-08,8.744796752929688,8.768182926316237,8.564387877969203,8.586103724189826,1094000
2002-04-09,8.57106876373291,8.65793213625709,8.564386659488097,8.65292035894056,742500
2002-04-10,8.806597709655762,8.809939158572545,8.7047006431174,8.706370969310129,960000
2002-04-11,8.636215209960938,8.729759878465762,8.524295354486275,8.728089551746972,879500
2002-04-12,8.495901107788086,8.577753524880665,8.479197036799594,8.527639718851338,968000
2002-04-15,8.714723587036133,8.721405688484234,8.586098909012431,8.586098909012431,1096000
2002-04-16,8.970306396484375,9.013738086725153,8.758159723056135,8.761500377218733,1354000
2002-04-17,8.987008094787598,9.037121075701833,8.970303236795205,9.00371215624852,1882000
2002-04-18,8.998698234558105,9.052152647512264,8.906823138702343,9.020414064929133,1091000
2002-04-19,8.895136833190918,8.965296152094094,8.88010309169186,8.910171371221793,825000
2002-04-22,9.008726119995117,9.067191544103665,8.987010277250276,9.067191544103665,1025500
2002-04-23,9.007058143615723,9.162409737167959,9.005387019749378,9.05048984043952,746500
2002-04-24,9.01707935333252,9.120647604724978,9.01707935333252,9.04547730523866,1218000
2002-04-25,9.35450553894043,9.428005475087312,9.187460953635163,9.35450553894043,4068500
2002-04-26,9.27098560333252,9.384575786033215,9.25762139645937,9.337803451571938,656500
2002-04-29,9.267644882202148,9.411303346868072,9.229224974882161,9.39626960861793,1235000
2002-04-30,9.053825378417969,9.06050668397998,8.936893769237116,8.995359972093253,1941500
2002-05-01,9.154059410095215,9.18412769862935,8.89681062116642,8.995367125362709,1293000
2002-05-02,8.928543090820312,8.987009305136302,8.895134166867566,8.920191457230809,900500
2002-05-03,9.023757934570312,9.053826201928558,8.853372679269913,8.970303502555042,757000
2002-05-06,9.02042007446289,9.087237936037807,8.978658711845632,9.078885504208007,1945000
2002-05-07,8.794912338256836,8.976991593883866,8.794912338256836,8.945252978810089,1074500
2002-05-08,9.210846900939941,9.210846900939941,8.945245897024089,8.945245897024089,1844500
2002-05-09,9.120645523071289,9.229224731266378,9.082224820233815,9.13400893411108,1444500
2002-05-10,9.14570140838623,9.23757654578709,9.140690428279864,9.162406268470594,856500
2002-05-13,9.187463760375977,9.187463760375977,9.077214220740478,9.145702402158847,1593500
2002-05-14,9.287690162658691,9.324439742191622,9.154054459049902,9.217531657223564,1546500
2002-05-15,9.37956714630127,9.436363053178482,9.237579768703782,9.287692773377755,1474500
2002-05-16,9.434688568115234,9.48647267815709,9.387916234674366,9.396268664654968,1656000
2002-05-17,9.82390308380127,9.835596166830383,9.630130855702326,9.646835715190512,3433500
2002-05-20,9.630131721496582,9.67523373102541,9.593382142462769,9.663540646945032,2074000
2002-05-21,9.696948051452637,9.747061830030905,9.671891560429247,9.700289501045514,2069000
2002-05-22,9.949182510375977,9.96922801542557,9.73035387389186,9.73035387389186,3409000
2002-05-23,9.972569465637207,10.014330805077934,9.792161498813325,9.9642178349741,1846000
2002-05-24,9.922463417053223,9.964224785625037,9.855645545951061,9.964224785625037,832000
2002-05-28,9.727019309997559,9.82891642849022,9.705303465357177,9.82891642849022,1988500
2002-05-29,9.655190467834473,9.705303465292415,9.556634003431224,9.705303465292415,1320000
2002-05-30,9.803857803344727,9.825573643275032,9.663540007138787,9.688597296964835,1401500
2002-05-31,9.706974029541016,9.762098806010847,9.671894771156897,9.722008566371176,2230000
2002-06-03,9.404621124267578,9.690267698945355,9.391257714175447,9.60507466524423,2254500
2002-06-04,9.339475631713867,9.384577648399375,9.270987443156743,9.279339078445364,1692000
2002-06-05,9.471440315246582,9.471440315246582,9.339474929231477,9.346156236959828,1847000
2002-06-06,9.27098560333252,9.387916439485712,9.27098560333252,9.362859945528825,1253000
2002-06-07,9.27098560333252,9.29103032057908,8.9870093500492,8.9870093500492,1260500
2002-06-10,9.080556869506836,9.187465778862991,9.07220523325388,9.187465778862991,1182000
2002-06-11,9.022089958190918,9.18746427694236,9.020419631213384,9.087237489504973,1771500
2002-06-12,9.072203636169434,9.095589806624437,8.930215489951175,9.022089844814646,2649500
2002-06-13,8.898475646972656,8.945247981358596,8.819964715244376,8.920191487442068,1332000
2002-06-14,8.761497497558594,8.76650927368701,8.604475652080682,8.76650927368701,1884500
2002-06-17,8.816621780395508,8.843349393065786,8.674633677895777,8.686326759522947,1354500
2002-06-18,8.652921676635742,8.753148476380735,8.636217608277477,8.728091975577437,1047000
2002-06-19,8.362264633178711,8.561047919657415,8.355582527439953,8.477525182316308,1829000
2002-06-20,8.39066219329834,8.469173952504471,8.335537407034991,8.41906014838693,1146000
2002-06-21,8.12338924407959,8.283752592072943,8.106685176712727,8.268718055257839,1396500
2002-06-24,8.36894416809082,8.39734131656064,8.255353184616709,8.295444213670114,1669000
2002-06-25,8.253682136535645,8.432419831804168,8.24700003343349,8.410703992386598,1391500
2002-06-26,8.176841735839844,8.226955519006486,8.003115016237569,8.01814954945334,1477000
2002-06-27,8.402351379394531,8.429078195623507,8.310476255978093,8.360590032071737,1364500
2002-06-28,8.870080947875977,8.953603686860285,8.778206572218732,8.803263075301277,1984000
2002-07-01,8.611161231994629,8.853376200680493,8.561047433131568,8.703035600623124,1358000
2002-07-02,8.352237701416016,8.607815971167293,8.320499108939112,8.607815971167293,1814000
2002-07-03,8.644566535949707,8.651247841971488,8.482532916949399,8.569396267484349,2161500
2002-07-05,8.881771087646484,8.885111741206805,8.6779768828981,8.6779768828981,1463500
2002-07-08,8.682989120483398,8.828317926310906,8.661273276133787,8.771522824903858,883500
2002-07-09,8.811614990234375,8.935227967573852,8.789899143098262,8.853376357270257,1372000
2002-07-10,8.430749893188477,8.686328201502867,8.40235274589331,8.686328201502867,1596000
2002-07-11,8.552692413330078,8.552692413330078,8.310477517915528,8.40235265528311,2385500
2002-07-12,8.502580642700195,8.639557010201916,8.460819283060804,8.611159859149941,981500
2002-07-15,8.402351379394531,8.460816787727573,8.198556418655649,8.460816787727573,1973000
2002-07-16,8.28375244140625,8.388990214539135,8.203570370602066,8.268717904864596,1634500
2002-07-17,7.988081932067871,8.16848997314147,7.953002679251519,8.101672121148905,3635500
2002-07-18,8.176841735839844,8.302124998959107,8.118376319255063,8.201898229157385,1572500
2002-07-19,7.734177112579346,7.912914900262739,7.642301930946273,7.851108003338596,2606500
2002-07-22,7.512005805969238,7.717470377101999,7.36667619663993,7.600539514635816,2829500
2002-07-23,7.552094459533691,7.700764691835827,7.503651797621531,7.602208244728679,2039000
2002-07-24,7.8678083419799805,7.867808341979981,7.316560755661759,7.433491579104111,5224500
2002-07-25,7.598867893218994,7.851105589346525,7.500311431864109,7.750878800998936,3031000
2002-07-26,7.466900825500488,7.5754800209586195,7.388389898753424,7.558775958251269,1558000
2002-07-29,7.70744514465332,7.717467900581533,7.4836054541634125,7.4836054541634125,1531000
2002-07-30,7.792637348175049,7.849432428077924,7.685728493927625,7.685728493927625,1154500
2002-07-31,7.572141170501709,7.612232204994686,7.458550968147232,7.6005391193561875,1570500
2002-08-01,7.441847324371338,7.572142411292279,7.42013147655118,7.475256259746052,1023500
2002-08-02,7.134481906890869,7.358322400000629,7.082697799275185,7.349969970411353,2377500
2002-08-05,7.017553329467773,7.17624555990287,7.017553329467773,7.137824849388653,1166500
2002-08-06,7.099404335021973,7.174574626014339,7.030916148585354,7.030916148585354,1239500
2002-08-07,7.324915409088135,7.353312562033281,7.14951832413472,7.28315404666461,2078000
2002-08-08,7.349972248077393,7.366676315900804,7.182927587184405,7.241393019364008,3629500
2002-08-09,7.423469543457031,7.458549590424355,7.304868381964475,7.308209035377907,2104000
2002-08-12,7.15954065322876,7.194620709241981,7.1227910666098815,7.1227910666098815,1138500
2002-08-13,7.049290180206299,7.179585238364931,7.029245460631772,7.141165329604441,2156000
2002-08-14,7.303197860717773,7.358322623228868,7.050960214496517,7.050960214496517,1745000
2002-08-15,7.2998576164245605,7.366675473137652,7.201301158292998,7.283153550512129,1225000
2002-08-16,7.349972248077393,7.471914890355862,7.266449519365012,7.29985845154361,1072500
2002-08-19,7.446857452392578,7.478596053444405,7.299857532096575,7.34997132231832,1490500
2002-08-20,7.349972248077393,7.433494180257999,7.321574297286286,7.433494180257999,1230000
2002-08-21,7.572141170501709,7.645641134894927,7.496970879093237,7.5170163963397245,1601000
2002-08-22,7.720809459686279,7.759229360846103,7.667355026155273,7.680718435405145,1143500
2002-08-23,7.595526695251465,7.724151422858198,7.592186041505311,7.724151422858198,844500
2002-08-26,7.6840596199035645,7.722480320251526,7.635616959323862,7.690741723256297,1300500
2002-08-27,7.602206707000732,7.630603849090897,7.5287067690924,7.585501849804162,1264000
2002-08-28,7.343287467956543,7.518684497132067,7.3315943857802734,7.517014170611384,812500
2002-08-29,7.2831525802612305,7.346628978110257,7.233038796136655,7.274800150151871,1537500
2002-08-30,7.268117427825928,7.333264943374311,7.249743038987941,7.249743038987941,1272000
2002-09-03,7.01588249206543,7.0676666184025505,6.934030882787105,7.06599629118713,1367000
2002-09-04,6.907301902770996,6.945721806353981,6.857188119258878,6.920665312863705,2285500
2002-09-05,6.8304619789123535,6.9039611400034415,6.822109548073752,6.9039611400034415,1874500
2002-09-06,6.984144687652588,7.04093979568268,6.895610176376138,6.895610176376138,2135500
2002-09-09,7.0292439460754395,7.032584599196121,6.8605282189769845,6.942380592685701,1735500
2002-09-10,7.149515628814697,7.182924546852229,7.101072179914843,7.116106710777166,1476000
2002-09-11,7.236381530761719,7.299858743398461,7.202972597247403,7.26979126080784,908500
2002-09-12,7.201301097869873,7.3048693324783445,7.182926705173538,7.3048693324783445,2583500
2002-09-13,7.142834186553955,7.157867922273877,7.035925320343477,7.0576411589008705,2030500
2002-09-16,7.149515628814697,7.166219689567745,7.082696996208198,7.082696996208198,1387500
2002-09-17,7.218005657196045,7.39173239451286,7.2029711224472335,7.349971037037603,1822500
2002-09-18,7.518686771392822,7.547084720428739,7.336608381059288,7.349971793798421,2945500
2002-09-19,7.233039855957031,7.408436931295717,7.1829268610212305,7.383380433827817,1196500
2002-09-20,7.01588249206543,7.142836918819192,7.01588249206543,7.049291425969291,1926500
2002-09-23,6.932357311248779,6.962425576649939,6.823778127743015,6.934027637682492,1141500
2002-09-24,6.7669854164123535,6.868882533340328,6.7152012961731415,6.756962657768257,1629000
2002-09-25,6.916879177093506,6.950374927161202,6.787920179962121,6.866635152691124,1282500
2002-09-26,7.10110330581665,7.147997980942176,7.032437158249034,7.050860094855541,1306500
2002-09-27,7.087705135345459,7.258533968434279,7.054209395332162,7.201591290271818,1520000
2002-09-30,6.883382320404053,6.968795950253884,6.833138304079259,6.950373809769414,2083000
2002-10-01,7.11785364151001,7.11785364151001,6.866635117971676,6.967122367666675,1743000
2002-10-02,6.809690952301025,6.983869133595388,6.782894677610277,6.950373390931204,1720500
2002-10-03,6.858259677886963,6.908503692489738,6.787918856044596,6.849886340954433,1393000
2002-10-04,6.900129318237305,7.000616545364859,6.866633575861454,7.000616545364859,2098500
2002-10-07,6.75442361831665,6.881707932441055,6.75442361831665,6.799642835544642,2108500
2002-10-08,6.947025299072266,6.973822380239009,6.782896670808543,6.891757267505414,2489000
2002-10-09,6.679058074951172,6.777870646824075,6.663985268550813,6.76614717549011,2030000
2002-10-10,6.844862937927246,6.858261078356739,6.675709518325908,6.715904738216067,1341000
2002-10-11,7.075982093811035,7.111152503159824,6.8951052465307,6.941999125662418,2619000
2002-10-14,7.064258575439453,7.072632710541514,6.88673106400344,6.900129201005851,1702000
2002-10-15,7.285330295562744,7.305427899441517,7.1345998636748345,7.1345998636748345,3089500
2002-10-16,7.069283962249756,7.158047725329604,7.050861023217565,7.1496735895330135,2010000
2002-10-17,7.353998184204102,7.367397122362802,7.302080293595254,7.335576041788743,2350000
2002-10-18,7.347301483154297,7.4226671364416505,7.276959834071905,7.342276680347489,1384500
2002-10-21,7.469559669494629,7.516453561231289,7.335576665331771,7.364047614485444,1024500
2002-10-22,7.119527816772461,7.1798206415801396,7.099430208503234,7.147999561587468,1855500
2002-10-23,7.275284290313721,7.278634424648968,7.176471698759765,7.201594112566252,760000
2002-10-24,7.126226425170898,7.243461128248172,7.101104018567323,7.218339520246117,1241000
2002-10-25,7.335573673248291,7.360695276631632,7.208289392050131,7.233410995433473,1667000
2002-10-28,7.541574478149414,7.677232936143239,7.536550475328203,7.536550475328203,3075500
2002-10-29,7.422663688659668,7.431037025111909,7.270257784808251,7.360696207304243,2440000
2002-10-30,7.432714462280273,7.451136605962528,7.285332521212118,7.359023491746195,1211500
2002-10-31,7.241785526275635,7.318825806327519,7.241785526275635,7.250159660729439,1822000
2002-11-01,7.4444355964660645,7.449459598091641,7.231736888954622,7.268582761947923,981500
2002-11-04,7.523151397705078,7.667183175772958,7.521476730306845,7.603541023030946,1871000
2002-11-05,7.585121154785156,7.591820625691454,7.519804308205679,7.536552586170501,1608000
2002-11-06,7.581768989562988,7.583443657014214,7.424339068726117,7.503054029144553,1253500
2002-11-07,7.209967136383057,7.307105055819389,7.1932196598467035,7.255186361213438,1816000
2002-11-08,7.151350498199463,7.260211901867587,7.101106466275024,7.2099678699431475,1250500
2002-11-11,6.881707668304443,6.965446630897087,6.881707668304443,6.950373825266813,2546500
2002-11-12,6.993917942047119,7.017364882071318,6.868308308001271,6.881707243959241,3731000
2002-11-13,6.863284111022949,6.925251592613559,6.786243825159627,6.848211306750236,2038000
2002-11-14,7.05756139755249,7.06593473582242,6.9336264079377665,6.9336264079377665,1894500
2002-11-15,7.22336483001709,7.22671416502631,7.079333042800136,7.116178123706286,1569500
2002-11-18,6.9905686378479,7.032438520829009,6.928601945749326,6.995593439078463,3810500
2002-11-19,6.988893985748291,7.107804166180821,6.942000100034593,6.950374236369639,1166000
2002-11-20,7.22336483001709,7.233412835044751,7.002292747377041,7.002292747377041,1974500
2002-11-21,7.235085964202881,7.23676063116657,7.147996893280503,7.191541428741692,3074500
2002-11-22,7.230063438415527,7.302079730711015,7.134601002653747,7.1597226122119455,1902000
2002-11-25,7.4109392166137695,7.419312551933425,7.30542720557246,7.335573608527315,1999000
2002-11-26,7.288682460784912,7.380795572543211,7.28533232680343,7.377446237163394,1495000
2002-11-27,7.504727840423584,7.526500112008736,7.380793678554819,7.427687556245466,2171500
2002-11-29,7.4276885986328125,7.493005422554704,7.41429046006971,7.486305953972367,987000
2002-12-02,7.484633922576904,7.544926765248455,7.447788828901081,7.519804348167717,1878000
2002-12-03,7.335573673248291,7.385816880014974,7.313801404022362,7.360695276631632,2489000
2002-12-04,7.164746284484863,7.184843890645821,7.117852402510317,7.151348146578069,2098500
2002-12-05,7.201592445373535,7.235088190759393,7.151348427993966,7.2317380571997125,1428000
2002-12-06,7.27025842666626,7.323851777699483,7.146324251615298,7.1597223897232185,1260000
2002-12-09,7.132927417755127,7.228390677295354,7.132927417755127,7.226716009363351,1369000
2002-12-10,7.137950420379639,7.14129975539914,7.0676087947590664,7.117852813059475,2309000
2002-12-11,7.10110330581665,7.134599844592643,7.059234229549539,7.084355835030094,771500
2002-12-12,7.102781772613525,7.136277526940278,7.075984689991058,7.1145052466978,1075500
2002-12-13,6.96879768371582,7.017367044678156,6.953724874369851,7.017367044678156,1574500
2002-12-16,7.065934181213379,7.072633649905125,6.95037413614225,6.95037413614225,1962500
2002-12-17,6.9905686378479,7.092731343986188,6.967121695042862,7.065934267493577,1220000
2002-12-18,6.908503532409668,6.931950472480491,6.846536048935707,6.908503532409668,2403000
2002-12-19,6.886731147766113,6.941999162349573,6.861609540755856,6.866633542717312,1582000
2002-12-20,6.933626651763916,6.965447734113602,6.895106898562723,6.895106898562723,2039500
2002-12-23,6.901803493499756,6.940324033716473,6.868307753511994,6.921901097212701,1793500
2002-12-24,7.007316589355469,7.025739528687268,6.970471509293429,6.97549551169216,2078000
2002-12-26,7.045836925506592,7.117853222782367,7.02574011563118,7.06928466779755,829500
2002-12-27,6.9671220779418945,7.032438907317722,6.926927658896365,7.029089572047671,1391000
2002-12-30,6.901803493499756,6.933624566278346,6.8750072209501205,6.916877095585182,819500
2002-12-31,6.918553352355957,6.933626159302977,6.8632853287480575,6.908504548190737,1285000
2003-01-02,7.10110330581665,7.114502240767623,6.933624604943888,6.936974737982351,846500
2003-01-03,7.05756139755249,7.086032344873545,7.037463788501365,7.062585400514449,748500
2003-01-06,7.1664204597473145,7.20159166741439,7.065933234444974,7.065933234444974,1048500
2003-01-07,7.022388935089111,7.097754556343498,7.0089907976353665,7.050860675954637,1239500
2003-01-08,6.960424423217773,6.987220706492154,6.920229199704448,6.972147896975534,1409000
2003-01-09,7.253509521484375,7.2685831243154535,7.146323627382186,7.179819369026896,3786000
2003-01-10,7.181495189666748,7.226714408219238,7.117853030740428,7.127901834707826,1099000
2003-01-13,7.203268051147461,7.255185944167328,7.16809763370126,7.233413666900394,798000
2003-01-14,7.193220615386963,7.2350905101923715,7.144651249916034,7.198244619434739,1063500
2003-01-15,7.097753524780273,7.124550594394674,7.07598125510668,7.117851127340726,1599000
2003-01-16,7.099428653717041,7.146323328942432,7.067607580693234,7.0776563826271435,812000
2003-01-17,7.124553680419922,7.129577683935505,7.077658987932467,7.101105934875327,1045500
2003-01-21,7.13627815246582,7.164749106908184,7.092733588163996,7.151350963723433,1369500
2003-01-22,7.060910224914551,7.117852914061979,7.04416195237623,7.0458366199097435,1246500
2003-01-23,7.189870357513428,7.201593830723611,7.139626330468558,7.179821552104453,3121500
2003-01-24,6.99726676940918,7.09105532130747,6.983868633024121,7.0877051882601245,1252500
2003-01-27,6.875007152557373,6.941998631866466,6.846535414480367,6.86663301799338,1585500
2003-01-28,6.891758441925049,6.89845791300882,6.791271167279694,6.8750109621184246,1845500
2003-01-29,6.834814071655273,6.843188208824232,6.757773766624541,6.782896178131416,1963000
2003-01-30,6.680734157562256,6.7795463451583355,6.670685352233609,6.766148204254044,1285000
2003-01-31,6.690781593322754,6.690781593322754,6.586945018120268,6.603692891472359,1521000
2003-02-03,6.699155330657959,6.724276939539493,6.6606351843122695,6.690781194830265,1152000
2003-02-04,6.596992492675781,6.60704129513056,6.498180333339108,6.60704129513056,1718000
2003-02-05,6.5819196701049805,6.6304886156350245,6.566846466464469,6.573545534982227,1631000
2003-02-06,6.481434345245361,6.530003308011396,6.466361535556602,6.528328640112841,1056000
2003-02-07,6.461335182189941,6.5115787976883714,6.431188773310427,6.479757721415804,730000
2003-02-10,6.461335182189941,6.489806524375642,6.411091566691511,6.427839438524321,1179000
2003-02-11,6.42281436920166,6.481431714871096,6.370895692407908,6.449611041207996,933500
2003-02-12,6.4563117027282715,6.486457716612141,6.432864758674059,6.4563117027282715,862000
2003-02-13,6.385971546173096,6.417792632346226,6.36419926608631,6.411093561388958,940000
2003-02-14,6.560149669647217,6.561824337531388,6.436215062298298,6.436215062298298,1693000
2003-02-18,6.593645095825195,6.627140847651162,6.5484258707902265,6.560149343999229,1535500
2003-02-19,6.591970443725586,6.672360088579043,6.591970443725586,6.632165266152314,610000
2003-02-20,6.62546443939209,6.628813774114327,6.576895492212866,6.598667765110424,443000
2003-02-21,6.543402194976807,6.57019887927453,6.483109755132155,6.524979249915364,808500
2003-02-24,6.441236972808838,6.523301656891425,6.382619626536078,6.523301656891425,1188500
2003-02-25,6.3976945877075195,6.406068725313701,6.3072561376455685,6.364198835884511,1198500
2003-02-26,6.379271984100342,6.4094180007376655,6.349125568162163,6.374247581443978,882500
2003-02-27,6.382620334625244,6.401042874168951,6.337400720525798,6.380945267902531,2286500
2003-02-28,6.35917329788208,6.389319708721285,6.342425424960562,6.389319708721285,3170000
2003-03-03,6.354147911071777,6.416115390646062,6.337400040746472,6.387643651722389,2171000
2003-03-04,6.312279224395752,6.370896578215326,6.275433745351466,6.370896578215326,2518000
2003-03-05,6.344099998474121,6.344099998474121,6.2821325141121145,6.28883198220043,1280500
2003-03-06,6.161547660827637,6.1983931380032775,6.1364260531221015,6.163222727495226,1477000
2003-03-07,6.099581718444824,6.126378397837172,6.012492610244902,6.029240484952515,1586500
2003-03-10,5.977320671081543,6.045986820107331,5.952198665766787,6.045986820107331,981000
2003-03-11,5.838314056396484,5.917029017658975,5.836638989626522,5.866785399876484,1405000
2003-03-12,5.97564697265625,5.977321640181837,5.861761195599654,5.861761195599654,1265500
2003-03-13,6.029240608215332,6.037614745390756,5.891907873084914,5.891907873084914,3653000
2003-03-14,6.056036472320557,6.0845078161399915,6.002443518960766,6.035939264548429,2040500
2003-03-17,6.169921875,6.171596542388205,6.012491560786649,6.0560361072860704,2259000
2003-03-18,6.161547660827637,6.178295532398245,6.116328447517069,6.178295532398245,1387500
2003-03-19,6.173272132873535,6.19336934113951,6.099581171329247,6.099581171329247,1977000
2003-03-20,6.3055806159973145,6.3775965125950975,6.166572825524121,6.213467111306828,2072000
2003-03-21,6.392668724060059,6.401042859752463,6.255336013250612,6.263710148943016,2166500
2003-03-24,6.223516941070557,6.270410835281189,6.205093997515633,6.263711764579795,1786500
2003-03-25,6.248638153076172,6.26538602840009,6.179971984038362,6.1816466517805,1238500
2003-03-26,6.254854679107666,6.276689583218647,6.2145442409217795,6.248136339484919,2241000
2003-03-27,6.275007247924805,6.296842142117011,6.2313374595403905,6.256531321793417,1111500
2003-03-28,6.174231052398682,6.206143251503659,6.138959084304851,6.147357305429313,896000
2003-03-31,5.900456428527832,6.122164389234006,5.900456428527832,5.945805711317856,2443500
2003-04-01,5.912213325500488,5.913892809831386,5.855106853757064,5.878621236186793,2219500
2003-04-02,5.96428108215332,6.01634869816667,5.939086816050554,5.9844360945862585,3397500
2003-04-03,5.873581409454346,5.925649419577072,5.866863072794737,5.912212345808628,3109500
2003-04-04,5.843347549438477,5.855104736401642,5.797997884860222,5.834949329922417,1648500
2003-04-07,5.860144138336182,5.96259986317898,5.853425401912732,5.903813922842681,3254000
2003-04-08,5.737534523010254,5.794641399008086,5.71066117012812,5.78624317589543,2967500
2003-04-09,5.58636999130249,5.67370958764557,5.57965165322594,5.660272511043161,2700500
2003-04-10,5.541018962860107,5.542698446737746,5.485591990406205,5.519184070654075,2508500
2003-04-11,5.322669982910156,5.346184759187264,5.277320715113673,5.322669982910156,5717500
2003-04-14,5.438563823699951,5.4687969416732445,5.342826417683036,5.349544754860682,3998500
2003-04-15,5.457039833068848,5.492311404115653,5.425127230436446,5.457039833068848,2995000
2003-04-16,5.499030590057373,5.509108297754397,5.4755162057305355,5.49063276727607,3221000
2003-04-17,5.541018962860107,5.5762905269856144,5.492310326365942,5.515824702449613,2020500
2003-04-21,5.4335246086120605,5.46207824050043,5.408330745762503,5.458718871910849,1486500
2003-04-22,5.399932861328125,5.403292230127244,5.282360559648539,5.324350867615876,4541500
2003-04-23,5.262204647064209,5.307554319515735,5.191661513038047,5.201738817578058,5573000
2003-04-24,4.576927185058594,4.820470075980281,4.51142287959947,4.820470075980281,38155000
2003-04-25,4.017617702484131,4.578606322698839,3.992423835370188,4.578606322698839,46196000
2003-04-28,4.031055927276611,4.091521786208231,3.8899687896196946,3.8899687896196946,36785000
2003-04-29,4.120072364807129,4.157023409921231,4.081441435497547,4.115033513118997,30980500
2003-04-30,4.155345439910889,4.162063777792747,4.120073865694157,4.157024924269028,19962500
2003-05-01,4.089838981628418,4.10327605204939,4.039450868560306,4.091518865711743,7964500
2003-05-02,4.140227794647217,4.148626015136276,4.0478497719627295,4.064645812491654,10630500
2003-05-05,4.173821449279785,4.212452397105506,4.135190501454065,4.165423626073852,11367500
2003-05-06,4.291392803192139,4.366974789633437,4.249402499264249,4.257800720229514,16552500
2003-05-07,4.2141313552856445,4.271237821964379,4.204053649295455,4.264519484787338,8404500
2003-05-08,4.155345439910889,4.180539707529482,4.131831057099734,4.160384293434607,5782500
2003-05-09,4.120072364807129,4.125111216495261,4.056247177056885,4.0713637321212826,11994500
2003-05-12,4.219169616699219,4.232606289169308,4.106635782853122,4.138548380531083,15696000
2003-05-13,4.286353588104248,4.304829112036013,4.197334535738822,4.237644951794121,17994500
2003-05-14,4.387130260467529,4.434159417537322,4.350178808516208,4.392169113026766,14712000
2003-05-15,4.303150177001953,4.346819966818802,4.291392987504992,4.306509145172952,11533500
2003-05-16,4.219169616699219,4.274596591424437,4.210771396068513,4.232606289169308,10796500
2003-05-19,4.197335243225098,4.232606813162573,4.0327337826183784,4.123432334142887,8357000
2003-05-20,4.173821449279785,4.207413943451552,4.158705287419236,4.168782995625832,6476000
2003-05-21,4.178860187530518,4.183899041494121,4.135190386812178,4.157025287171348,15513000
2003-05-22,4.242684841156006,4.257801401041051,4.190616823923943,4.199015046232061,22790500
2003-05-23,4.368655204772949,4.382091879410516,4.204053737991798,4.333383233063122,8231000
2003-05-27,4.38377046585083,4.390489202242911,4.28467410968243,4.2930719294987565,10820000
2003-05-28,4.425760746002197,4.425760746002197,4.309867949833773,4.324984505972919,18273000
2003-05-29,4.503024578094482,4.576927106324119,4.425762680216034,4.450956951458727,24297500
2003-05-30,4.592041015625,4.6088370532649945,4.545012270412666,4.553410089008101,15446500
2003-06-02,4.676022529602051,4.749925436530771,4.63571210792681,4.702896277535291,16779500
2003-06-03,4.74320650100708,4.770080247817352,4.669303997615748,4.682741071245495,9265000
2003-06-04,4.81710958480835,4.833905627136094,4.7801581315076165,4.785196984250863,8866500
2003-06-05,4.916205883026123,4.9363608916162445,4.813749754341845,4.828866311121335,11449500
2003-06-06,4.954837799072266,5.0337791660453055,4.954837799072266,4.988429887165018,16738500
2003-06-09,4.9212446212768555,5.037137419669692,4.892691392765436,4.99850648687208,11040000
2003-06-10,4.870856285095215,4.919564519577847,4.770079647134902,4.872535768918983,10872500
2003-06-11,4.9783525466918945,4.995148591973238,4.8977312890718645,4.8977312890718645,7043500
2003-06-12,4.976673603057861,5.020343405624322,4.963236525103146,5.020343405624322,7706000
2003-06-13,4.870856285095215,4.9548364830211655,4.847341509316611,4.941399411083511,9804000
2003-06-16,4.882613182067871,4.902768188100645,4.770079363142675,4.786875401727893,11351500
2003-06-17,4.954837799072266,4.9968277089635675,4.941400723565598,4.971633843118642,6897000
2003-06-18,4.9800310134887695,4.996827055338088,4.9111673620413345,4.946438929790134,5057500
2003-06-19,4.953157424926758,5.0203419949229655,4.946439088061909,4.981711057388535,8197500
2003-06-20,4.951477527618408,5.01866169155881,4.946438675277958,4.986749494001563,3351500
2003-06-23,4.830544948577881,4.891010764650917,4.8288654649353075,4.88597191327407,5765000
2003-06-24,4.763360977172852,4.800312421847267,4.7112933782468,4.744885455060215,4722000
2003-06-25,4.721372604370117,4.793595632861108,4.681061778831501,4.686100632023828,11467500
2003-06-26,4.721372604370117,4.7264110571131726,4.6390718694944715,4.6390718694944715,10313000
2003-06-27,4.701216220855713,4.803671946895508,4.691138516551985,4.714652892961224,8942000
2003-06-30,4.702895164489746,4.78183650505155,4.670982571343776,4.766720350781685,6776000
2003-07-01,4.909487724304199,4.909487724304199,4.758322951943189,4.77008014082474,10005000
2003-07-02,5.275641441345215,5.312592890867169,5.080807290177919,5.089205110258384,25408000
2003-07-03,5.2991557121276855,5.352903201184828,5.245408223070543,5.275641335833631,10740000
2003-07-07,5.566214561462402,5.571253415118417,5.47047714289673,5.535981839975619,12418500
2003-07-08,5.564533233642578,5.58468864158956,5.495669590572353,5.54605770999063,9239500
2003-07-09,5.5477375984191895,5.566213123418512,5.509106664003002,5.551096966805069,9132000
2003-07-10,5.386495590209961,5.440243082345144,5.349544139310871,5.421767156670994,9280000
2003-07-11,5.378097057342529,5.4083301700829685,5.263884143743148,5.270602479757962,7546000
2003-07-14,5.692183494567871,5.769445361543312,5.643474856613929,5.643474856613929,15230000
2003-07-15,5.619960308074951,5.774484037303461,5.576290523688704,5.761047365391931,8431500
2003-07-16,5.621640682220459,5.660271620645359,5.569573069756135,5.638437125443608,6593000
2003-07-17,5.357942581176758,5.473835390621319,5.357942581176758,5.458718832750491,9179000
2003-07-18,5.404971599578857,5.408330968306672,5.3176320171481475,5.374738882825514,7729000
2003-07-21,5.31931209564209,5.426806693010458,5.294117830388189,5.426806693010458,4211000
2003-07-22,5.401611804962158,5.418407845133281,5.2739618195717926,5.294116827507628,7781000
2003-07-23,5.275641441345215,5.361301128322096,5.225253319514838,5.357942160469588,7346000
2003-07-24,5.30923318862915,5.383135682575598,5.206777067037159,5.218534655129003,12175500
2003-07-25,5.366341590881348,5.366341590881348,5.1983811343785336,5.240371048279579,5572000
2003-07-28,5.41001033782959,5.445282307152008,5.357942726571672,5.37473876895641,4059000
2003-07-29,5.30923318862915,5.440242537417515,5.285718813343804,5.433523801236698,5967000
2003-07-30,5.169826030731201,5.238689672905721,5.154709474967586,5.233650820984516,4607500
2003-07-31,5.2403693199157715,5.347864296983335,5.233650983961345,5.23701035216315,7004000
2003-08-01,5.163106918334961,5.2370098074950375,5.147990764121932,5.2370098074950375,4040500
2003-08-04,5.080808162689209,5.092565353090403,5.0136235882621145,5.074089424932015,7504000
2003-08-05,5.003546714782715,5.1060024688153085,4.996827976445086,5.060653187507462,3745500
2003-08-06,4.993468284606934,5.018662148152097,4.936361419702698,4.991788400041146,5215000
2003-08-07,5.000186920166016,5.00522577326585,4.961555980033466,4.993468582849325,5534000
2003-08-08,4.991787910461426,5.030418844497878,4.9649145654353735,5.015302688033024,2842000
2003-08-11,5.042175769805908,5.070728995474525,5.006903808315966,5.022020363240227,5023000
2003-08-12,5.077447891235352,5.1043216361392165,5.037137474104151,5.080807259516782,7426500
2003-08-13,5.134555339813232,5.19334169316392,5.116079811822683,5.131196371332734,6302500
2003-08-14,5.273963451385498,5.290759496753474,5.139594687992381,5.206778869464285,6069000
2003-08-15,5.257165908813477,5.257165908813477,5.208457270983432,5.248767688296589,1997500
2003-08-18,5.304194927215576,5.310913263695151,5.2706028443684865,5.277321180848062,2889000
2003-08-19,5.373059272766113,5.373059272766113,5.29243842367182,5.341147070242975,5117000
2003-08-20,5.354583263397217,5.381457010828277,5.317631810623355,5.373058789559532,2729000
2003-08-21,5.522544860839844,5.541020389598618,5.423448078457782,5.433525384767567,8919500
2003-08-22,5.443602561950684,5.609883505951018,5.426806519135981,5.502388912026769,6103500
2003-08-25,5.472156524658203,5.475515893848971,5.425127758683253,5.452001510861496,2351000
2003-08-26,5.452000617980957,5.458718954812922,5.351224364153766,5.388175416954194,3091000
2003-08-27,5.394895076751709,5.403293300188051,5.362982868861878,5.3831378843002975,2562500
2003-08-28,5.453680515289307,5.4654377057483705,5.391535194098856,5.406651753453052,2281500
2003-08-29,5.534300327301025,5.572931257539707,5.4889506610171415,5.500708248871664,4072000
2003-09-02,5.781203269958496,5.803038165538342,5.635077738346634,5.660271602200767,8096000
2003-09-03,5.803038120269775,5.870222290622365,5.7593683294507425,5.76272769814807,5666500
2003-09-04,5.720736980438232,5.727455717350169,5.619960732149766,5.651873330909211,6510500
2003-09-05,5.668669700622559,5.786241997102277,5.663630847871361,5.720737311785949,3133500
2003-09-08,6.113765716552734,6.145677918240031,6.001231866984247,6.0180279101430765,12370000
2003-09-09,6.202784061431885,6.264929373821842,6.162473242195839,6.222939070600698,8535500
2003-09-10,6.066736221313477,6.196065706468727,6.049940179079688,6.189347369665058,7657000
2003-09-11,6.075133800506592,6.113764733605897,6.01466797476641,6.066735580052781,4230000
2003-09-12,6.212861061096191,6.24141469013778,6.06337618162489,6.206142725036072,4772000
2003-09-15,6.201104640960693,6.253172652886548,6.164153587828607,6.231337757649752,2558000
2003-09-16,6.38250207901001,6.38250207901001,6.261570414303066,6.261570414303066,8634000
2003-09-17,6.301881313323975,6.399298199650549,6.264929859641899,6.399298199650549,8038500
2003-09-18,6.43289041519165,6.43289041519165,6.3237163369438365,6.357308422627664,3257000
2003-09-19,6.280045986175537,6.390899939149565,6.2598905763805455,6.382501718251914,4919500
2003-09-22,6.03818416595459,6.115446055372469,5.974358952761858,6.1137665709566535,9534000
2003-09-23,6.112086296081543,6.117125149456774,6.046581602652826,6.060018678469871,5264000
2003-09-24,6.065056800842285,6.216221182531973,6.063376916286821,6.207823361551609,8724000
2003-09-25,5.921360492706299,6.0392822073081485,5.921360492706299,6.012328592214141,7449000
2003-09-26,5.955052375793457,6.002220900698296,5.929783236280617,5.98032111366695,4806000
2003-09-29,5.961790084838867,5.9870588201935435,5.85902946324908,5.917990515142169,4349000
2003-09-30,5.862400531768799,5.955053525687628,5.811862644623826,5.955053525687628,5198500
2003-10-01,6.030860424041748,6.034229777323832,5.869139097651122,5.869139097651122,4767500
2003-10-02,5.976951599121094,6.040966077117319,5.929782677025546,5.938205856615194,4455500
2003-10-03,6.157203197479248,6.233010205909548,6.131934462428683,6.19089511197287,4599500
2003-10-06,6.111720561981201,6.157204616868872,6.083082468223756,6.157204616868872,3518500
2003-10-07,6.056128978729248,6.062867282996592,5.990429608433989,6.059497930043218,8961500
2003-10-08,5.929782867431641,5.968528611181671,5.9045141311299325,5.938206047291757,5201500
2003-10-09,6.003905296325684,6.101612098957649,5.9331525099087505,5.9331525099087505,7365500
2003-10-10,6.163942813873291,6.175734946295581,6.003905985097638,6.003905985097638,3909500
2003-10-13,6.1908955574035645,6.231325777376977,6.182472778993797,6.204372565154256,2802000
2003-10-14,6.148781776428223,6.158889031695073,6.106666673198682,6.148781776428223,5018000
2003-10-15,6.098242282867432,6.150465032649598,6.089819504875047,6.131934599754903,4088500
2003-10-16,6.238064765930176,6.295340946968761,6.182473060322328,6.187526888253892,4327000
2003-10-17,6.300394535064697,6.408208589675435,6.28354857648054,6.401470286569639,4443000
2003-10-20,6.376204013824463,6.391365101262213,6.317242935172636,6.334088900267516,4579500
2003-10-21,6.3947319984436035,6.401470301565184,6.3543017780747855,6.3846243429415654,4648000
2003-10-22,6.258279800415039,6.355986606848283,6.216165102334015,6.266702981014858,7217000
2003-10-23,5.810177803039551,5.921361637410899,5.747847782007291,5.853977385829632,17900500
2003-10-24,5.776485919952393,5.860716134629851,5.7225790805917125,5.845554647791177,6921000
2003-10-27,5.9685282707214355,6.02075061730157,5.901144442241534,5.9061982695414565,4940500
2003-10-28,6.189211368560791,6.224587762470256,5.997167111928131,5.997167111928131,8879500
2003-10-29,6.0510759353637695,6.182474693005833,6.0443376302219995,6.182474693005833,6400500
2003-10-30,5.929782867431641,6.1487807241228225,5.9045141311299325,6.098242448240764,6566500
2003-10-31,5.929782867431641,5.944944350196258,5.887667771409698,5.896090951269816,2891000
2003-11-03,5.980320930480957,6.03928198644529,5.971898151994244,6.01401284770648,4134500
2003-11-04,6.014013767242432,6.11340505874634,5.997167806053941,6.034229081324377,4080500
2003-11-05,6.194266319274902,6.216166110418724,6.133620774695043,6.15720504157626,4273500
2003-11-06,6.0510759353637695,6.088137216102687,6.014014654624852,6.047706581973157,4927000
2003-11-07,6.0915045738220215,6.133619672806404,6.072974139121356,6.089820098387238,3259000
2003-11-10,6.152150630950928,6.241434262820567,6.13867402304733,6.18078872397561,3374000
2003-11-11,6.056128978729248,6.093190254658744,6.010644922875424,6.010644922875424,2640500
2003-11-12,6.123512268066406,6.147096531678048,6.0477052474411375,6.052759075592113,3062000
2003-11-13,6.079712390899658,6.106666005824178,6.056128128455458,6.089820046701272,2796000
2003-11-14,5.904513835906982,6.032543191248372,5.902828959035609,6.007274054570788,3794000
2003-11-17,5.850606918334961,5.870821827095867,5.778169258253239,5.832076083254977,4257000
2003-11-18,5.896091938018799,5.9971677034199535,5.862400016218414,5.934837688253181,4589000
2003-11-19,5.789963722229004,5.843870970595617,5.747848609135184,5.747848609135184,4834000
2003-11-20,5.668671131134033,5.81017711902494,5.668671131134033,5.752900933645213,5694500
2003-11-21,5.707415580749512,5.778168759402606,5.688885148908652,5.75121514840908,4701000
2003-11-24,5.845553398132324,5.85229170140697,5.7562697752350696,5.7562697752350696,6726000
2003-11-25,5.702361583709717,5.776483710504313,5.695623281571895,5.7090998858475395,7089500
2003-11-26,5.788276672363281,5.793330098113533,5.720892441048945,5.720892441048945,2110500
2003-11-28,5.786592960357666,5.845554024012268,5.786592960357666,5.796700617171528,824500
2003-12-01,5.7310004234313965,5.736054251109849,5.651824459201201,5.727631472738649,15464500
2003-12-02,5.75290060043335,5.778169740542788,5.719208681380336,5.7512161249725064,4113500
2003-12-03,5.789963722229004,5.877562900414879,5.75795626840886,5.786594368591284,4445000
2003-12-04,5.7310004234313965,5.8118612646472965,5.700677859000015,5.8118612646472965,4915000
2003-12-05,5.658562660217285,5.7326851970721275,5.646770529726588,5.731000320116798,6760000
2003-12-08,5.695624351501465,5.702362654905086,5.601286898932728,5.633294342149113,3514000
2003-12-09,5.572649002075195,5.692255196977692,5.565910296797826,5.66024775264797,3540000
2003-12-10,5.490103721618652,5.518741813537212,5.4614656297000925,5.513687985358716,8194000
2003-12-11,5.591180324554443,5.60634181137491,5.4917890247970975,5.5002122069105,3184500
2003-12-12,5.604656219482422,5.650140674145427,5.542326206018955,5.6265560082181505,2403500
2003-12-15,5.6467719078063965,5.746163205214825,5.619818287975705,5.727632767298471,3436500
2003-12-16,5.643402099609375,5.6467714524312775,5.567595476690746,5.606341226765383,2124000
2003-12-17,5.618134021759033,5.643402765165523,5.574334438105721,5.587811047703924,5207000
2003-12-18,5.685516834259033,5.690570662344861,5.626555774350622,5.626555774350622,3555000
2003-12-19,5.736054420471191,5.77648464145321,5.693939724093064,5.737738895867301,3233000
2003-12-22,5.768062591552734,5.7697470671616555,5.72257853699673,5.759639410229345,2462500
2003-12-23,5.786592960357666,5.789962313175415,5.7545855143269,5.759639342733831,1381000
2003-12-24,5.779855251312256,5.810177823235715,5.773116946622535,5.795016738093699,1417000
2003-12-26,5.778169631958008,5.801753894524045,5.761323672748074,5.771431328601904,572000
2003-12-29,5.795015811920166,5.805123468159032,5.754585186964705,5.761323892216858,2390000
2003-12-30,5.847238063812256,5.850607416378891,5.795015709685237,5.803438488642788,3251500
2003-12-31,5.840498924255371,5.85397552931403,5.806807009969423,5.811860837276245,1549000
2004-01-02,5.8927226066589355,5.946629842391771,5.8640845131881765,5.877561522941081,2541000
2004-01-05,6.037598609924316,6.047705865620036,5.956737752882711,5.965160532902378,4315500
2004-01-06,5.987059116363525,6.039281868188028,5.929782938529549,6.039281868188028,3932500
2004-01-07,6.047706127166748,6.062867613825131,6.008960373466054,6.030860164759464,5733000
2004-01-08,6.110034942626953,6.128565375909685,6.076343026673267,6.11340389323873,3103500
2004-01-09,6.2094268798828125,6.265018587321254,6.123512203856477,6.125196679342683,6026500
2004-01-12,6.229642391204834,6.233011744141432,6.153835765705678,6.192581517099256,3102500
2004-01-13,6.226271629333496,6.310501411860773,6.226271629333496,6.283547801124188,6399000
2004-01-14,6.559823513031006,6.5665618170555975,6.421686473149634,6.421686473149634,7623500
2004-01-15,6.603621959686279,6.63226004811132,6.505915162340311,6.591829829254753,5434500
2004-01-16,6.662585258483887,6.696277187854667,6.628893329113105,6.628893329113105,4216000
2004-01-20,6.92874813079834,6.940540259769069,6.839464524329156,6.906848347955765,9343000
2004-01-21,6.896743297576904,6.927066270639242,6.824306021308861,6.881582212685158,4492000
2004-01-22,6.984341621398926,6.991080326805784,6.92369648585218,6.92369648585218,5841000
2004-01-23,6.9557037353515625,7.075309527552272,6.948965030134052,7.050040788724373,5697000
2004-01-26,6.965812683105469,6.974235062090589,6.839467358982191,6.90685121053639,5788000
2004-01-27,6.788928508758545,6.89000426579412,6.768713196695687,6.89000426579412,4460500
2004-01-28,6.729966163635254,6.873157001438439,6.7265972131603995,6.7889276166168395,3723500
2004-01-29,6.684481620788574,6.841149052090374,6.620467148506227,6.780503931671004,6729000
2004-01-30,6.847888946533203,6.881580864464244,6.777135356582937,6.780505110671122,3486000
2004-02-02,6.822620868682861,6.88663495664721,6.721544703475874,6.785559193079605,3860000
2004-02-03,6.7451300621032715,6.793983071695503,6.713122211556272,6.755237719825603,2828000
2004-02-04,6.677744388580322,6.736705444973593,6.657529077442209,6.665952257629536,5498500
2004-02-05,6.787242412567139,6.817565377009334,6.75523577614765,6.780504511543505,3170000
2004-02-06,6.822620868682861,6.854627511025654,6.726598531818192,6.738390664070475,2011000
2004-02-09,6.817567825317383,6.888321434424699,6.815883349456549,6.84789080064909,2443500
2004-02-10,6.9068498611450195,6.9203264681671595,6.817566235115105,6.817566235115105,1773500
2004-02-11,6.991078853607178,6.992763328784244,6.890003113476007,6.890003113476007,1807500
2004-02-12,6.959072589874268,6.984341328351964,6.940541753241976,6.974233672305143,1598000
2004-02-13,6.933805465698242,6.982658478566052,6.930435710712293,6.932120186565817,3133500
2004-02-17,7.135955810546875,7.171332207276341,7.075309870485995,7.075309870485995,2524500
2004-02-18,6.9725494384765625,7.0129800640649655,6.950649650162634,7.007925834227045,2371500
2004-02-19,7.100578784942627,7.211762195261663,7.092155604578169,7.206707965731511,3418500
2004-02-20,7.0988945960998535,7.142693368550022,7.0365641834768216,7.130901236875222,6157000
2004-02-23,7.002870559692383,7.114053947441756,6.962439944773146,7.083730986252329,2938500
2004-02-24,6.856312274932861,6.898426570797322,6.822620356274071,6.8815810131072785,4664500
2004-02-25,6.9068498611450195,6.915273041763376,6.849573678841886,6.856312383992314,2196000
2004-02-26,6.799035549163818,6.8394661744054135,6.748498070890558,6.788928696132154,2317500
2004-02-27,6.896743297576904,6.974234804328093,6.856313470105965,6.906850955264351,2866000
2004-03-01,7.066886901855469,7.075309278983058,6.996133311032847,7.0331949835090235,2883500
2004-03-02,7.009610652923584,7.050041280491391,7.004557226116998,7.01466488300895,1677500
2004-03-03,6.9489641189575195,7.011294523390626,6.910218778053769,7.0096092448481855,1845500
2004-03-04,6.937172889709473,6.9439115949184815,6.85968139456013,6.873158001699423,1818500
2004-03-05,7.075310707092285,7.075310707092285,7.00118895373629,7.00118895373629,1901000
2004-03-08,6.901796817779541,6.979288316555892,6.888320210009471,6.959073003261407,1703000
2004-03-09,6.89505672454834,6.9742326829510635,6.864733760709446,6.920325459441452,2185500
2004-03-10,6.770398139953613,6.90516582531279,6.748498350918808,6.837781982633201,2799000
2004-03-11,6.551398754119873,6.711435544772041,6.551398754119873,6.662582149489273,4249000
2004-03-12,6.738390922546387,6.75355200651552,6.625523022397033,6.625523022397033,2006000
2004-03-15,6.510970592498779,6.601938707726585,6.507601239415024,6.580038916780718,4071500
2004-03-16,6.612045764923096,6.623837897186314,6.564877235870223,6.573300015355644,1732000
2004-03-17,6.829359531402588,6.85799802907775,6.755237778500145,6.755237778500145,1947500
2004-03-18,6.81082820892334,6.859681209716389,6.716490354932903,6.814197159797701,2770500
2004-03-19,6.645737171173096,6.703013754121065,6.645737171173096,6.696275049087644,2937500
2004-03-22,6.477276802062988,6.564875940608435,6.45032319007675,6.5598221132585595,4297500
2004-03-23,6.654160499572754,6.696275197951447,6.6154147521463145,6.654160499572754,3671500
2004-03-24,6.637314319610596,6.69627497571182,6.612045180110537,6.665952409951097,1691500
2004-03-25,6.687853813171387,6.7013304230686375,6.61204677799088,6.654161886788816,5194500
2004-03-26,7.024552345275879,7.027930913445139,6.896157087982271,6.928255902305673,5725500
2004-03-29,7.034687519073486,7.120847435597497,6.9890736351658695,7.00258871084745,3537500
2004-03-30,7.0955071449279785,7.100575802778443,7.004279359337758,7.004279359337758,2055500
2004-03-31,7.063408374786377,7.0938170963247185,7.011036545692103,7.044824640623825,2607500
2004-04-01,7.048201084136963,7.080299885483368,6.968799125257535,6.968799125257535,3500500
2004-04-02,7.201940059661865,7.22897021614587,7.098886480405355,7.098886480405355,5534000
2004-04-05,7.375949382781982,7.377638666905456,7.23066047572944,7.244175554289062,2384500
2004-04-06,7.1765971183776855,7.2306582213326624,7.149566164114409,7.212074490624883,3083500
2004-04-07,7.147879123687744,7.188425165021158,7.119159682386433,7.178288654687805,1459000
2004-04-08,7.092127799987793,7.174909156047095,7.078612723153129,7.147878196806041,1125500
2004-04-12,7.147879123687744,7.16477357610061,7.095507287894056,7.119159682386433,1119500
2004-04-13,6.997521877288818,7.112401245647998,6.97049091642257,7.112401245647998,3215000
2004-04-14,6.86236572265625,6.926563320740956,6.845472084280574,6.918116098767405,4293000
2004-04-15,6.825201988220215,6.875884536132185,6.791413891469492,6.791413891469492,2365000
2004-04-16,6.8589887619018555,6.882640344507897,6.761003058554243,6.78296535748437,1409500
2004-04-19,7.0194830894470215,7.036376732487178,6.951906100571449,6.951906100571449,1130000
2004-04-20,7.134362697601318,7.272893636705804,7.112400396955809,7.272893636705804,4796000
2004-04-21,7.087059020996094,7.137740753887837,7.061717348978602,7.112399887441965,2961000
2004-04-22,7.198561668395996,7.232349767617237,7.048204103239787,7.066787839761609,3372000
2004-04-23,7.26275634765625,7.2914765860179,7.205316676504541,7.213763900207566,2742500
2004-04-26,7.212075710296631,7.277962615143152,7.196871349782708,7.264447538511697,1725000
2004-04-27,7.0194830894470215,7.129293783137161,7.004277924582067,7.087059272750945,3782000
2004-04-28,6.735662937164307,6.80154984124107,6.7204581740421645,6.799860557378339,4545500
2004-04-29,6.654571533203125,6.737352487539365,6.5532072472841705,6.735663203609809,2492500
2004-04-30,6.4873199462890625,6.583616374566264,6.441706060676621,6.571790582206434,4285500
2004-05-03,6.54813814163208,6.56672187358529,6.50421354288568,6.50421354288568,3105500
2004-05-04,6.614025115966797,6.646123923541482,6.534623141680636,6.534623141680636,2049500
2004-05-05,6.602200031280518,6.634298842292479,6.565032965751621,6.629230587775545,1309500
2004-05-06,6.431569576263428,6.4873199706178974,6.347099342815118,6.4873199706178974,3360500
2004-05-07,6.233908176422119,6.431568447729545,6.174778821990683,6.377507749480052,6964500
2004-05-10,6.026111125946045,6.026111125946045,5.870685759195461,5.924746861400651,5373500
2004-05-11,6.048074722290039,6.075105279197103,5.973740992885016,5.9838775020733985,2759000
2004-05-12,6.027801513671875,6.049763813824052,5.892648742433158,6.04807412726831,3369000
2004-05-13,5.933194637298584,5.948398996446074,5.8301406767983535,5.901095829701314,2802000
2004-05-14,5.867307186126709,5.904473841417704,5.828450844478282,5.896027020773672,2872000
2004-05-17,5.7574968338012695,5.789595644708142,5.735534531895079,5.743981756990935,1917000
2004-05-18,5.83521032333374,5.8689984227251015,5.79297499770158,5.79297499770158,4639500
2004-05-19,5.862239360809326,5.970361170222109,5.836898091454715,5.912921496732738,3595000
2004-05-20,5.808178424835205,5.860550248773468,5.767632795466031,5.8402772326959695,2722500
2004-05-21,5.9129228591918945,5.955158183586199,5.911233575107612,5.921370085185117,1450500
2004-05-24,5.862239360809326,5.9619143489611135,5.836898091454715,5.916300466908623,1609000
2004-05-25,6.002460956573486,6.021044288608597,5.85379309193496,5.8571720626621975,1844000
2004-05-26,6.039628982543945,6.076795652516367,6.000772625546638,6.002461909785582,1491500
2004-05-27,6.142681121826172,6.200121203041945,6.134234299838639,6.134234299838639,2444000
2004-05-28,6.228840351104736,6.282901455855369,6.1578852014677565,6.184915753843073,1981000
2004-06-01,6.1916728019714355,6.213635098866796,6.117339090902553,6.1933620854908416,958500
2004-06-02,6.146059036254883,6.147748319804961,6.063278100514382,6.112270948538651,2035000
2004-06-03,6.002460956573486,6.098756990262159,5.9737411151425395,6.01428674994,2554500
2004-06-04,6.054832935333252,6.100446825942151,6.015976583557914,6.031180945236955,1356500
2004-06-07,6.294727325439453,6.301484862921042,6.195052338532156,6.217014637436672,2999500
2004-06-08,6.2744550704956055,6.304864597026238,6.222083645185101,6.267697532195195,1026000
2004-06-09,6.179848670959473,6.284591930214259,6.164643906845259,6.284591930214259,1797500
2004-06-10,6.294727325439453,6.320068191691861,6.279522564016524,6.282901534150222,2133500
2004-06-14,6.090310096740723,6.1224089085253235,6.048074775678261,6.115650967149501,1876000
2004-06-15,6.267696857452393,6.315000023248748,6.178158376950023,6.178158376950023,2154500
2004-06-16,6.2981061935424805,6.33358397189016,6.267697072030296,6.309931985396432,1534500
2004-06-17,6.267696857452393,6.299795664406099,6.2355980504986865,6.255871066003303,1413000
2004-06-18,6.2085676193237305,6.217014843545115,6.174779528009829,6.19167357366678,1274500
2004-06-21,6.233908176422119,6.294726814390351,6.230529206562749,6.252491503684216,1356500
2004-06-22,6.284591197967529,6.30317452786242,6.24573485161579,6.24573485161579,915500
2004-06-23,6.352167129516602,6.3606143536325535,6.188294928968122,6.277833410110974,1639500
2004-06-24,6.37919807434082,6.409607196895958,6.343720697562188,6.355546489821732,2021000
2004-06-25,6.4248127937316895,6.434949303494755,6.369062392820722,6.379198902583787,1774500
2004-06-28,6.3876447677612305,6.468736430920922,6.345409853795712,6.458599922677731,1643500
2004-06-29,6.412985324859619,6.419742862007958,6.348787714985936,6.352166684952999,2204500
2004-06-30,6.428191661834717,6.460290071856848,6.387645623430532,6.411297613428268,1374000
2004-07-01,6.4636688232421875,6.4856311257036445,6.42650175689529,6.42650175689529,3782000
2004-07-02,6.494076728820801,6.504212832759934,6.456909671758073,6.463667208646085,2756000
2004-07-06,6.3403401374816895,6.348786957212478,6.293036577517767,6.335271884528922,4593500
2004-07-07,6.36061429977417,6.385955166335822,6.340341284296199,6.340341284296199,1291500
2004-07-08,6.264320373535156,6.32176047266718,6.242358065617083,6.32176047266718,1393000
2004-07-09,6.242354869842529,6.271074703312432,6.233908049544683,6.233908049544683,1183000
2004-07-12,6.247424602508545,6.29303849016115,6.2034999987583745,6.259250395397305,1607000
2004-07-13,6.279521942138672,6.301484238868204,6.210256484936775,6.2474231387977,1609500
2004-07-14,6.137612342834473,6.238977017520441,6.127476237873107,6.166332582380081,2498000
2004-07-15,6.149438381195068,6.186605038278251,6.1342336199596925,6.174779247134892,2004500
2004-07-16,6.137612342834473,6.19336273265814,6.129165521569032,6.149438537063388,1396500
2004-07-19,6.154506683349609,6.1866054918266755,6.125786845212277,6.154506683349609,1562000
2004-07-20,6.115649700164795,6.154506042489442,6.073414790638051,6.097066372195891,1698000
2004-07-21,6.032870292663574,6.149439341432149,6.015976245137079,6.129166323286009,1954500
2004-07-22,6.081862926483154,6.1072041999072635,6.049764517193785,6.049764517193785,1923500
2004-07-23,6.022733688354492,6.039627735613846,5.978809084923001,6.039627735613846,2106000
2004-07-26,5.936574459075928,5.972052244416283,5.872377233103222,5.972052244416283,2045500
2004-07-27,5.9129228591918945,5.938264134385658,5.83689943639651,5.894339525907071,2361000
2004-07-28,5.917988300323486,5.961912887916646,5.841964913675985,5.9551553520067095,2972500
2004-07-29,5.789595127105713,5.830140756697712,5.749049497513714,5.8115574270484265,5237000
2004-07-30,5.853792190551758,5.889269967974212,5.803110054162639,5.870686236014798,5201000
2004-08-02,5.896028518676758,5.929816615408416,5.845346373579271,5.912922567042587,4359000
2004-08-03,5.82338285446167,5.835208645569853,5.794663018515253,5.821693570813586,1375000
2004-08-04,5.828450679779053,5.857170513614456,5.777768548989677,5.777768548989677,1138500
2004-08-05,5.684852123260498,5.777769581031084,5.679783868997678,5.760875534416963,2687000
2004-08-06,5.651064395904541,5.701746539028266,5.630791377540704,5.634170348196633,2599500
2004-08-09,5.624032974243164,5.652752810651956,5.588555600347446,5.634169481866457,1337500
2004-08-10,5.600382328033447,5.600382328033447,5.549700184228704,5.575041054738138,3530000
2004-08-11,5.583487510681152,5.598691869777268,5.517600611978589,5.541252195271052,2607000
2004-08-12,5.490569591522217,5.558145768202919,5.4652283238740615,5.558145768202919,3096500
2004-08-13,5.512532711029053,5.5581465968100545,5.482123185317821,5.490570410055112,1633500
2004-08-16,5.575040817260742,5.586866610032857,5.5108435989569955,5.541252722830168,1466000
2004-08-17,5.573352813720703,5.615587740068464,5.564905586779581,5.564905586779581,4311500
2004-08-18,5.608829975128174,5.6240347413405205,5.541253773454547,5.549701000056717,4385000
2004-08-19,5.657821178436279,5.691609269337354,5.640927132985742,5.6696469699730745,3070500
2004-08-20,5.791284084320068,5.804799561945886,5.66964679961672,5.676404337036727,4218000
2004-08-23,5.845344543457031,5.889269136012988,5.823382247179053,5.833518753582083,3401000
2004-08-24,5.901095867156982,5.936573242440735,5.874065313365913,5.912921658918233,2600500
2004-08-25,5.936574459075928,5.956847479270417,5.896028821472855,5.904475644696622,3618000
2004-08-26,5.911231994628906,5.929815322945128,5.897716517210547,5.926436352894089,1345000
2004-08-27,5.845344543457031,5.85717033333198,5.806488204102589,5.853791363602384,3009000
2004-08-30,5.82338285446167,5.852102690408087,5.803109839541469,5.8115570633534865,2384500
2004-08-31,5.857170581817627,5.863928118777744,5.816624957271151,5.833519001064331,1065000
2004-09-01,5.858861446380615,5.88589200430108,5.83858883002968,5.845346368813325,1900000
2004-09-02,5.916301250457764,5.933195298002999,5.752428626761706,5.752428626761706,1075000
2004-09-03,5.909543037414551,5.939952563268873,5.879133914346074,5.926437084182781,1824500
2004-09-07,6.041316986083984,6.063279287678236,6.014286430061377,6.0159761167280665,2260000
2004-09-08,6.041316986083984,6.058211033249881,6.019354684489732,6.024422938918087,1517000
2004-09-09,6.02104377746582,6.054832273512164,5.999081879353754,5.999081879353754,1321500
2004-09-10,5.961915969848633,5.978810019749483,5.938264380544627,5.9450219199477825,2127000
2004-09-13,6.051453590393066,6.085241685257817,6.039627797468991,6.056521844901365,2130000
2004-09-14,6.024422645568848,6.16464327049657,5.983877014902168,6.031180183548988,1471500
2004-09-15,5.951779365539551,5.988946435849965,5.916301982142733,5.988946435849965,3320000
2004-09-16,5.936574459075928,5.938264145949406,5.9061653315701,5.921370096715966,1899000
2004-09-17,5.857170581817627,5.860549551690573,5.803109480565142,5.836897568151501,3262000
2004-09-20,5.820003986358643,5.847034539130609,5.813246448862103,5.841966285311753,1929000
2004-09-21,5.818316459655762,5.820005743843563,5.769323593136159,5.811558920118627,2670000
2004-09-22,5.716951370239258,5.760875975355135,5.710193831633555,5.752428750008601,2097000
2004-09-23,5.69329833984375,5.732154683203473,5.676404295025861,5.7203288921095305,1592500
2004-09-24,5.722020149230957,5.742292766905759,5.696678873655066,5.701747128770244,2025000
2004-09-27,5.688794136047363,5.710830605072563,5.661672296928187,5.678623395859413,1363000
2004-09-28,5.77016019821167,5.793891658126846,5.695575032555238,5.695575032555238,2055500
2004-09-29,5.7888054847717285,5.795585843214903,5.705744982441177,5.712525340884351,2471000
2004-09-30,5.829487323760986,5.848133812372646,5.775244058730183,5.788804773951381,3115500
2004-10-01,5.888818264007568,5.921025478241919,5.83118459948536,5.83118459948536,2104500
2004-10-04,5.966793060302734,5.978658790290338,5.926110499752932,5.966793060302734,4722500
2004-10-05,5.915940284729004,5.983744693057748,5.905769542650462,5.983744693057748,2704000
2004-10-06,5.9752678871154785,5.978657864217632,5.9023781255204755,5.915938842221197,1536500
2004-10-07,5.922720909118652,5.978659588901544,5.917635537852374,5.976964599861508,1758000
2004-10-08,5.94475793838501,6.000696623391828,5.94475793838501,5.946452927583334,1902000
2004-10-11,5.95831823348999,5.9973058086379,5.95831823348999,5.96170821141389,1690000
2004-10-12,5.897292137145996,5.904072494785156,5.848133837006567,5.865084933177473,3369000
2004-10-13,5.8345746994018555,5.87695265629657,5.817623597473199,5.87356227425238,2169500
2004-10-14,5.766768932342529,5.826097977180838,5.753208215654601,5.824402988631361,2325500
2004-10-15,5.773550987243652,5.795587461446492,5.76507563785973,5.780331751726197,1528500
2004-10-18,5.778635501861572,5.788806242931425,5.724392223065877,5.753209053333053,1483000
2004-10-19,5.804063320159912,5.848136269364296,5.804063320159912,5.805758309238179,2480500
2004-10-20,5.771854877471924,5.77863523649175,5.729477330488439,5.761684136869137,1514000
2004-10-21,5.8006720542907715,5.8142331772897995,5.751513741193269,5.754904122979555,1866500
2004-10-22,5.7938923835754395,5.832879960094595,5.790502001386144,5.802368136975597,1335000
2004-10-25,5.810842037200928,5.848134615399004,5.798976308716555,5.802366690060404,982500
2004-10-26,5.841355800628662,5.861696881629362,5.807453594814658,5.827794675815357,1243500
2004-10-27,5.93797492980957,5.9532310382307,5.819317251763741,5.831182979153722,2335000
2004-10-28,5.8447442054748535,5.939670437031721,5.83965883555698,5.934585067113846,3345000
2004-10-29,5.907464504241943,5.927805988304773,5.860001580290209,5.8650869513059165,1999000
2004-11-01,5.895598411560059,5.9057691529675,5.848135490520166,5.870171962187581,776500
2004-11-02,5.929500102996826,5.949841584060443,5.856610334713655,5.8650860865388585,1728000
2004-11-03,5.960012912750244,6.026122328584849,5.951537160088619,5.975269025053491,2719000
2004-11-04,6.046462059020996,6.056632798288204,5.948145855778745,5.9498408442746,2402000
2004-11-05,6.134608745574951,6.182072067105438,6.102401534980631,6.119352634638784,2554500
2004-11-08,6.080365180969238,6.109182414669159,6.019341544352978,6.048158373906796,1515500
2004-11-09,6.014256000518799,6.014256000518799,5.973573038419609,5.983743778944406,4029000
2004-11-10,5.943061828613281,5.958317940960271,5.907464233136972,5.958317940960271,3610000
2004-11-11,5.999000549316406,6.0430734936722486,5.949842234139032,5.966793335495423,4266500
2004-11-12,6.1024017333984375,6.117657844830652,6.037987714261488,6.076975285157521,1746500
2004-11-15,6.149866104125977,6.154951475469694,6.102402772966669,6.102402772966669,2175500
2004-11-16,6.0837554931640625,6.104096974567974,6.046462911972259,6.102401581686916,1759000
2004-11-17,6.1363043785095215,6.1854626939228226,6.048158893520932,6.048158893520932,2323000
2004-11-18,6.149866104125977,6.171902578566694,6.114268908866128,6.121049269275693,1518000
2004-11-19,6.126132965087891,6.183766619025332,6.112571843831627,6.13291332364299,1585000
2004-11-22,6.104096412658691,6.112571759699396,6.024425887258132,6.065108846320906,1809000
2004-11-23,6.07358455657959,6.102401384875011,6.027816629042975,6.08036491544685,1609500
2004-11-24,6.088841438293457,6.126134023005631,6.080365685526362,6.093926809124487,2191000
2004-11-26,6.097315788269043,6.124437626877023,6.034596763820256,6.034596763820256,889500
2004-11-29,6.165120601654053,6.2380103662739765,6.163425208886563,6.204108168969178,3359500
2004-11-30,6.163426399230957,6.200718985126992,6.144780308356014,6.200718985126992,2632500
2004-12-01,6.212583541870117,6.212583541870117,6.076974752091082,6.076974752091082,3099000
2004-12-02,6.176987171173096,6.199023642835661,6.161731059065292,6.195633260985217,2684500
2004-12-03,6.231231689453125,6.244792410376658,6.202414450234803,6.221060946687386,2378000
2004-12-06,6.22953462600708,6.253266083333633,6.20241278728556,6.231230018777599,1604000
2004-12-07,6.134608745574951,6.176986696793382,6.110877286882755,6.144779486199062,3615000
2004-12-08,6.204108238220215,6.2464857832512015,6.170206040536996,6.170206040536996,4533000
2004-12-09,6.178683280944824,6.209195510695877,6.117659225588918,6.178683280944824,8249500
2004-12-10,6.1210479736328125,6.144779432116138,6.0600239345713405,6.0600239345713405,3693000
2004-12-13,6.378705024719238,6.402436483860675,6.20580364327458,6.20580364327458,9680000
2004-12-14,6.383791446685791,6.42955938375363,6.3295477561592275,6.3312427451925055,11162500
2004-12-15,6.421083450317383,6.482107091425756,6.409217315725392,6.438034551546627,5516000
2004-12-16,6.404133319854736,6.4397305165882885,6.373621090529239,6.43803552745227,2679000
2004-12-17,6.380399703979492,6.390570444302786,6.331241395180963,6.377009726635783,2139000
2004-12-20,6.40921688079834,6.441424092192174,6.400741532831917,6.421083014585099,1903500
2004-12-21,6.449899673461914,6.471936143395464,6.402436352010387,6.402436352010387,2350500
2004-12-22,6.415998935699463,6.422779296266721,6.373620974898275,6.388877089284245,2895000
2004-12-23,6.432949542999268,6.454986016252761,6.422778800859786,6.424473789834314,1687000
2004-12-27,6.509230136871338,6.517705891125012,6.451596462872699,6.458376823787914,2136500
2004-12-28,6.544826984405518,6.5702534359428135,6.509229386448679,6.509229386448679,2607000
2004-12-29,6.517704486846924,6.517704486846924,6.471936555347436,6.483802285429072,2849500
2004-12-30,6.5346550941467285,6.539740464390039,6.480411414315469,6.500752895288714,2067500
2004-12-31,6.604154586791992,6.644837549392881,6.580423128038871,6.644837549392881,2825000
2005-01-03,6.561776161193848,6.636360909067415,6.556690791549509,6.604153702701949,3854000
2005-01-04,6.4414238929748535,6.534655142598713,6.407521693865466,6.52617939074832,4320500
2005-01-05,6.432949542999268,6.478717478480783,6.432949542999268,6.44990064518302,3454500
2005-01-06,6.421083450317383,6.453290259750655,6.399046978304752,6.415998079533996,1839000
2005-01-07,6.478715419769287,6.568556273209475,6.4532885725003535,6.5516051764121945,3182500
2005-01-10,6.568558216094971,6.578728958010903,6.505839179808244,6.505839179808244,2702000
2005-01-11,6.6211066246032715,6.655009232956192,6.577034082451395,6.585509431430011,3513000
2005-01-12,6.651617527008057,6.668568625737669,6.6109349708862,6.622800699582322,3568000
2005-01-13,6.622803211212158,6.675351515958539,6.599071340673775,6.6516200495663815,5320500
2005-01-14,6.6872148513793945,6.700775973131155,6.626190813861675,6.626190813861675,3840000
2005-01-18,6.6617889404296875,6.6617889404296875,6.554996967224291,6.585508786363213,2855000
2005-01-19,6.577033519744873,6.644837922357316,6.568557767345258,6.644837922357316,2546000
2005-01-20,6.290560245513916,6.4854981315064295,6.2566580396148845,6.2719141535133005,15678500
2005-01-21,6.195631980895996,6.224448806159431,6.168510144134516,6.195631980895996,11729500
2005-01-24,6.204108238220215,6.271912633586653,6.195632486726373,6.195632486726373,5580000
2005-01-25,6.160035610198975,6.249876478992326,6.146474487956035,6.1752913170214,4969000
2005-01-26,6.26174259185791,6.271913333126488,6.188852818294598,6.221060030929721,4424000
2005-01-27,6.253265380859375,6.26852148920379,6.2125828294202945,6.261741131321615,2170000
2005-01-28,6.204108238220215,6.251571153318292,6.1769863992444245,6.2481811760376145,2631000
2005-01-31,6.275303840637207,6.283779593792041,6.214279792019329,6.214279792019329,2711500
2005-02-01,6.29225492477417,6.302425666872371,6.232926269444921,6.254962742608972,3354000
2005-02-02,6.2702178955078125,6.304120500877063,6.251571806078925,6.304120500877063,2746000
2005-02-03,6.212583541870117,6.270217196696993,6.180376333053775,6.270217196696993,3394500
2005-02-04,6.254961013793945,6.260046383437495,6.187156624074668,6.187156624074668,2230000
2005-02-07,6.26174259185791,6.276998703760777,6.221060030929721,6.2685229513215885,3511500
2005-02-08,6.290560245513916,6.321072473310747,6.2532676573665125,6.2532676573665125,3556500
2005-02-09,6.305815696716309,6.351583629455502,6.288864595548232,6.307510685589277,2940000
2005-02-10,6.354973793029785,6.366839523025192,6.293949750091895,6.305815480087302,1691500
2005-02-11,6.3973517417907715,6.419388214342525,6.319376593399359,6.3363276950433125,2314000
2005-02-14,6.465156555175781,6.473632308604151,6.415998640217437,6.424473989499639,1893000
2005-02-15,6.482106685638428,6.493972819487584,6.427863407588217,6.441424126064243,3306500
2005-02-16,6.404133319854736,6.42447440192554,6.380401451219508,6.419389030371291,2414000
2005-02-17,6.365145206451416,6.404132782330819,6.353279071056676,6.388876668948576,2411500
2005-02-18,6.400740623474121,6.404131004666679,6.361753058416919,6.361753058416919,1535500
2005-02-22,6.40921688079834,6.461765573945355,6.402436521595981,6.402436521595981,2208000
2005-02-23,6.400740623474121,6.407520981713189,6.365143439609477,6.407520981713189,1664000
2005-02-24,6.392267227172852,6.400742981203287,6.366840773373938,6.399047992055679,1377500
2005-02-25,6.4414238929748535,6.449899644825246,6.37361949475608,6.37361949475608,2000500
2005-02-28,6.405826568603516,6.48549669439767,6.392265446761182,6.448204114513858,4000000
2005-03-01,6.4905829429626465,6.521094763981517,6.44650999826617,6.448204987171069,2431500
2005-03-02,6.463460445404053,6.493972667480057,6.415997527702842,6.448204334366051,3841000
2005-03-03,6.480412006378174,6.522789960895467,6.449900186276778,6.480412006378174,5654500
2005-03-04,6.532962799072266,6.551608894888372,6.497365192691736,6.500755575633872,3328000
2005-03-07,6.663483142852783,6.67534887134795,6.597373737683087,6.644837055809818,17007000
2005-03-08,6.953347682952881,6.994029834647384,6.8228238599058475,6.848250305751431,38997500
2005-03-09,6.890628337860107,6.94826199301153,6.885542563654075,6.907579032531867,11034000
2005-03-10,6.890628337860107,6.905884043893906,6.863506094776281,6.882152586378152,9068500
2005-03-11,6.894020080566406,6.933008062392206,6.878764370625904,6.888935113350358,4158500
2005-03-14,6.88893461227417,6.894019579120356,6.836385913402086,6.8770688813407705,7100000
2005-03-15,6.834690570831299,6.861812009192312,6.804178346455966,6.851641267733868,5515000
2005-03-16,6.883847236633301,6.944871674353075,6.860115780284092,6.9347009347331126,4842500
2005-03-17,6.968603610992432,6.990640080305797,6.8702869934180235,6.914359932044753,8291000
2005-03-18,6.982165336608887,6.988946100565787,6.8821537159252335,6.963518841946623,8097500
2005-03-21,6.921142578125,6.9686055070083555,6.9160568024347056,6.966910517875719,6342000
2005-03-22,7.029628276824951,7.087262749870511,6.9838603428064,6.9838603428064,9768000
2005-03-23,6.973689556121826,7.03471400661544,6.970299578302941,7.026238253775947,5204000
2005-03-24,6.9974212646484375,7.017762748864947,6.899105438089156,6.934702631321893,13771000
2005-03-28,6.977081298828125,7.0143734848256605,6.949959047681599,6.994031998538863,8519000
2005-03-29,6.665180206298828,6.848252368955497,6.665180206298828,6.848252368955497,10696000
2005-03-30,6.7584099769592285,6.770275706511324,6.687215195500557,6.687215195500557,5097000
2005-03-31,6.7838358879089355,6.8143481078960955,6.770275170678689,6.780445910674409,7723000
2005-04-01,6.666874408721924,6.788922495359217,6.66178903809986,6.771970990521591,5173000
2005-04-04,6.655007362365723,6.6634827089620865,6.585507580374551,6.627885525794488,3288000
2005-04-05,6.7363739013671875,6.761800754858941,6.671959879431621,6.671959879431621,2898000
2005-04-06,6.780447006225586,6.831300714420877,6.775361635406057,6.780447006225586,2973000
2005-04-07,6.871983051300049,6.914361007848892,6.827910105816018,6.846556600687659,3429000
2005-04-08,6.8380818367004395,6.882154788558672,6.8245211149653855,6.851642558435493,2347500
2005-04-11,6.7889227867126465,6.839775686823448,6.777056651987837,6.838080697925392,1415000
2005-04-12,6.778752326965332,6.788923069068956,6.651618858962341,6.692301423230683,5329500
2005-04-13,6.629581451416016,6.675349380285656,6.593984263216539,6.619410710745852,8009000
2005-04-14,6.482106685638428,6.575337938635954,6.460070619151413,6.531264997369709,5834000
2005-04-15,6.234621047973633,6.343108421164432,6.2210603283978525,6.329547297442512,9800000
2005-04-18,6.1413893699646,6.158340470355172,6.063414227338743,6.07358496840231,7875000
2005-04-19,6.283777713775635,6.327850647044009,6.141388174886114,6.327850647044009,5960000
2005-04-20,6.163426399230957,6.212584716060697,6.1295241953786155,6.210889727111924,4390000
2005-04-21,6.3753156661987305,6.3905717798720545,6.271914060976148,6.3142916156516025,4015000
2005-04-22,6.244791030883789,6.2854735888136695,6.219364179586307,6.263437119071216,3557000
2005-04-25,6.3702287673950195,6.387179866029565,6.334631581506294,6.356668050145811,5121000
2005-04-26,6.185462474822998,6.236315777334919,6.16851137398569,6.236315777334919,3995000
2005-04-27,6.244791030883789,6.297339318037131,6.165120903728496,6.251571389847754,6431000
2005-04-28,6.119351863861084,6.229534199833848,6.087145061469544,6.207497732639295,3935500
2005-04-29,6.22275447845459,6.243095959222281,6.117657501398323,6.204108390514929,5127000
2005-05-02,6.299035549163818,6.33463274157148,6.282084447425007,6.314291257826448,2126000
2005-05-03,6.268523693084717,6.31259664103302,6.254962972552701,6.271914075290805,2817000
2005-05-04,6.387180328369141,6.393961091630644,6.271913010968968,6.2803883588266975,3972000
2005-05-05,6.40921688079834,6.458375192271123,6.383790432752969,6.40921688079834,2273000
2005-05-06,6.48380184173584,6.5177040408337295,6.48380184173584,6.500752941284785,2234000
2005-05-09,6.492278099060059,6.492278099060059,6.444815175331494,6.458375895212185,1759000
2005-05-10,6.336327075958252,6.399046509644461,6.327851728037422,6.399046509644461,4356000
2005-05-11,6.354973793029785,6.382095634796194,6.321071591858304,6.338022692444045,4157000
2005-05-12,6.265132427215576,6.322766083849193,6.232925217389579,6.31090035478616,2611000
2005-05-13,6.2888641357421875,6.3549735467079795,6.287169146993147,6.287169146993147,3864500
2005-05-16,6.307510852813721,6.314291212631486,6.256657547961272,6.265133300843084,2164000
2005-05-17,6.249876499176025,6.275302946726244,6.229535017818972,6.2380107697664435,3484000
2005-05-18,6.258352279663086,6.26852302104479,6.153255696441809,6.187157898283407,5706500
2005-05-19,6.404133319854736,6.415999052099253,6.37701147294747,6.37701147294747,4735000
2005-05-20,6.331242084503174,6.3448032077927445,6.312595994644408,6.339717837077421,2393000
2005-05-23,6.475327491760254,6.5058397200417355,6.444815667624952,6.449901039005199,3769000
2005-05-24,6.449899673461914,6.461765402788273,6.43294857383196,6.44142392157389,2473500
2005-05-25,6.348193645477295,6.390571603126862,6.329547554267487,6.390571603126862,3802000
2005-05-26,6.377010822296143,6.3888765533299905,6.332937876086906,6.365145091262295,1525000
2005-05-27,6.390570640563965,6.395656010881789,6.354973452485294,6.378704911204408,2212000
2005-05-31,6.317681312561035,6.365144637458676,6.3007302117003325,6.356668884955264,1733000
2005-06-01,6.356668472290039,6.37870494239299,6.299034813934364,6.299034813934364,4482000
2005-06-02,6.334632873535156,6.353278964592443,6.280389185182491,6.302425658316627,3914500
2005-06-03,6.221059322357178,6.2634368672879965,6.204108223555635,6.261741878651665,7011500
2005-06-06,6.217670917510986,6.232927032526055,6.197329430824229,6.2295366500295275,3581500
2005-06-07,6.170206546783447,6.214279084070788,6.170206546783447,6.178681894826591,4954500
2005-06-08,6.168510913848877,6.205803494567582,6.161730554848956,6.176986665708347,3187000
2005-06-09,6.13969612121582,6.141391110491419,6.049855223269437,6.102403528129051,3560500
2005-06-10,6.076974391937256,6.11935193415865,6.046462173557646,6.105791217642856,4448500
2005-06-13,6.048157691955566,6.063413397316445,6.019340865650948,6.034596571011827,2635000
2005-06-14,6.090537071228027,6.095622442596806,6.0481595153497745,6.054939875792754,5612000
2005-06-15,6.095621585845947,6.107487315989955,6.048158665269917,6.090536215191927,3542000
2005-06-16,6.143084526062012,6.156645244193197,6.097316193040543,6.0990115859165135,3070000
2005-06-17,6.151560306549072,6.163426036785002,6.115963115841285,6.126133857228117,1702500
2005-06-20,5.999000549316406,6.027817381207656,5.949842234139032,6.017646639564595,4919500
2005-06-21,6.017645359039307,6.026121109986971,6.000694261290026,6.017645359039307,6036000
2005-06-22,6.037987232208252,6.051547949634616,5.99899966442486,6.034596850778623,5145500
2005-06-23,5.985438346862793,6.049852762894001,5.97526801119908,6.034596653179336,4950500
2005-06-24,5.9803547859191895,6.010866608369835,5.9752694148197225,6.002390855155337,2338000
2005-06-27,5.915940284729004,5.949842488893376,5.9040745536860895,5.941367139925359,3055000
2005-06-28,5.892209529876709,5.907465240679491,5.827795091745138,5.848136578343782,4506000
2005-06-29,5.8718671798706055,5.9091597651024985,5.848135718425828,5.865086820050118,2816000
2005-06-30,5.837965488433838,5.8922091800455405,5.837965488433838,5.837965488433838,2008500
2005-07-01,5.853219985961914,5.904073281248642,5.843049246075355,5.871866072989895,2085500
2005-07-05,5.8125386238098145,5.851526201325426,5.768466079099544,5.780331810846099,2384000
2005-07-06,5.8718671798706055,5.89729403438011,5.85830646022963,5.85830646022963,2365000
2005-07-07,5.8616943359375,5.875255454861309,5.797280334523899,5.805755680223532,3575000
2005-07-08,5.912550449371338,5.915940831759736,5.834575291753905,5.834575291753905,2155000
2005-07-11,5.924415588378906,5.943062083428983,5.878647653521716,5.878647653521716,2474000
2005-07-12,6.019341468811035,6.043072927657987,5.949841676857119,5.949841676857119,4750500
2005-07-13,5.997304916381836,6.007475252786583,5.966792694729319,5.9837437942653535,2981000
2005-07-14,6.043074131011963,6.073585955012977,6.0227326455805015,6.0227326455805015,4796000
2005-07-15,6.015952110290527,6.036293595130736,5.975269544756276,5.975269544756276,2469500
2005-07-18,5.995609760284424,5.997305153207241,5.961707559873604,5.983744030555248,4334500
2005-07-19,6.03629207611084,6.037987064705595,5.995609116668201,5.995609116668201,4038000
2005-07-20,6.021036624908447,6.021036624908447,5.932890742002641,5.9837440427222734,2331500
2005-07-21,5.946451663970947,5.985439236271085,5.921025214814318,5.958317798276313,2605500
2005-07-22,5.870172023773193,5.890513102655355,5.865086653016121,5.873562001513822,2205000
2005-07-25,5.831183910369873,5.853220380226407,5.800671688654938,5.8057570589407606,4017000
2005-07-26,5.77016019821167,5.787111298743383,5.743038356531705,5.783720916978594,3062000
2005-07-27,5.7888054847717285,5.807451975673033,5.748122929966622,5.7633790395733095,2176000
2005-07-28,5.500637531280518,5.585393443584652,5.488771800553013,5.568442341953054,16434000
2005-07-29,5.51080846786499,5.548101054431048,5.502333118822706,5.517589232074205,6226000
2005-08-01,5.531149387359619,5.551490869617681,5.5209786462305885,5.534539769118001,2719000
2005-08-02,5.649808406829834,5.649808406829834,5.607430847782968,5.61082082618484,6603000
2005-08-03,5.697269916534424,5.702355286654239,5.659977337037811,5.678623424713077,3741500
2005-08-04,5.6531982421875,5.695575797132512,5.648112870930711,5.683710065582062,2200000
2005-08-05,5.624380588531494,5.639636295933405,5.609124476983472,5.610819465773437,3500500
2005-08-08,5.619296073913574,5.663369022334497,5.602344970993695,5.602344970993695,1911000
2005-08-09,5.685404300689697,5.693879648293865,5.6582824608934015,5.678623537631057,2719000
2005-08-10,5.802367687225342,5.848135620429382,5.770160473435042,5.770160473435042,4996500
2005-08-11,5.860001087188721,5.863391468962618,5.819318526632527,5.819318526632527,3454000
2005-08-12,5.754904747009277,5.776941220644355,5.70574642858132,5.72100254205472,2292500
2005-08-15,5.7888054847717285,5.797281235935242,5.724391473342481,5.756598276984075,1775500
2005-08-16,5.700661659240723,5.737954250286169,5.693881298363243,5.732868878591508,2439000
2005-08-17,5.763380527496338,5.771855876701859,5.697271106279385,5.729478322381926,2517500
2005-08-18,5.693878650665283,5.714220127984982,5.648110730841978,5.7040493893251325,3627000
2005-08-19,5.671842575073242,5.6870986841123665,5.644720738163482,5.651501500500455,1638000
2005-08-22,5.778635501861572,5.785416265338883,5.729477593600803,5.729477593600803,2276000
2005-08-23,5.780331134796143,5.780331134796143,5.729477831481623,5.7362581910943335,2214000
2005-08-24,5.649808406829834,5.7193082179689325,5.637942674130863,5.687100998273892,2382500
2005-08-25,5.69557523727417,5.7006606080310815,5.649807304608095,5.649807304608095,2314500
2005-08-26,5.705746173858643,5.749819119161243,5.697270825071451,5.7430387593022605,2491000
2005-08-29,5.666758060455322,5.678623790116389,5.6243805122580985,5.641331612366209,1972500
2005-08-30,5.593868255615234,5.6125147485232265,5.571831785193864,5.602344007690886,1921500
2005-08-31,5.698965072631836,5.698965072631836,5.59386809397798,5.624380315593337,2321500
2005-09-01,5.739648342132568,5.744733713032183,5.682014677465128,5.682014677465128,2934500
2005-09-02,5.778635501861572,5.778635501861572,5.737952941728273,5.737952941728273,1832500
2005-09-06,6.010866641998291,6.0345981044978005,5.890513532214501,5.8939039143485,5780500
2005-09-07,6.0312089920043945,6.036294363862076,6.002391750095456,6.02103824828903,2512000
2005-09-08,6.017645359039307,6.031206479726361,5.993913903019524,6.004084642498302,1517500
2005-09-09,6.154949188232422,6.168509904012262,6.060022965335465,6.071888692679331,3577500
2005-09-12,6.134608745574951,6.17020633775934,6.126133397818922,6.14647447492105,2383000
2005-09-13,6.170206546783447,6.192243017500172,6.148170076066723,6.178681894826591,2937000
2005-09-14,6.085452079772949,6.12783004244303,6.060025625487865,6.104098577337963,1923500
2005-09-15,6.153254985809326,6.219363988863299,6.153254985809326,6.17868143218099,3868000
2005-09-16,6.221059322357178,6.22783968104858,6.153254927151008,6.153254927151008,2807000
2005-09-19,6.195631980895996,6.221058829155522,6.170205536782513,6.1854612415921855,2451500
2005-09-20,6.097315788269043,6.171900945477503,6.092230822416988,6.170205956860151,3723000
2005-09-21,6.097315788269043,6.122742638259671,6.056633232430109,6.0990111810324645,3466500
2005-09-22,5.754904747009277,5.8989893201392265,5.754904747009277,5.890513566827506,11957500
2005-09-23,5.7142229080200195,5.7447347346979045,5.673539933587889,5.739649362893888,4862000
2005-09-26,5.734564781188965,5.751515888155778,5.721004057274023,5.727784419231494,3191500
2005-09-27,5.787797451019287,5.787797451019287,5.716364067307051,5.753781225751104,3938000
2005-09-28,5.702758312225342,5.743577626188618,5.655136319935673,5.6619394037626805,5139000
2005-09-29,5.677247047424316,5.689152546337496,5.619419817059472,5.650034304693915,3869500
2005-09-30,5.644931316375732,5.650033730462899,5.612616162323883,5.634726488201401,4045000
2005-10-03,5.624521732330322,5.638128305237878,5.605813150770617,5.626222807381646,3003500
2005-10-04,5.82181453704834,5.889846191380671,5.801404878548382,5.803105548256497,6076000
2005-10-05,5.712963104248047,5.816711652574952,5.712963104248047,5.811609238362113,4501500
2005-10-06,5.639830112457275,5.706161104322826,5.617719781835425,5.695956273958789,3927500
2005-10-07,5.621119499206543,5.687450467142037,5.6075129284630725,5.6551353178144055,2137500
2005-10-10,5.62962532043457,5.651735651207005,5.612617404878904,5.62962532043457,1740000
2005-10-11,5.585402965545654,5.634726027353868,5.566694385756568,5.61431677817502,2853000
2005-10-12,5.599009037017822,5.612615201921645,5.5360798147117105,5.602410375493511,5867500
2005-10-13,5.583702087402344,5.588804500881438,5.512268704195575,5.561591764159786,2424500
2005-10-14,5.692553997039795,5.702758826450797,5.61261684248803,5.655136829866989,2240000
2005-10-17,5.690852165222168,5.697655248273416,5.63812776469928,5.650033261414108,1605500
2005-10-18,5.643230438232422,5.673844516123097,5.622820782638247,5.672143846657112,1705000
2005-10-19,5.655137062072754,5.6636408165973275,5.58030191365303,5.587105403873491,2571000
2005-10-20,5.588805198669434,5.6602385907949895,5.583702784553279,5.587104529130918,2002500
2005-10-21,5.559891223907471,5.610914954382386,5.536080230785956,5.578599803431437,1497000
2005-10-24,5.576899528503418,5.585403281433734,5.488458227224814,5.51907230547478,1683500
2005-10-25,5.500363826751709,5.585403385136743,5.4918600736635055,5.55308863680085,3492500
2005-10-26,5.505465984344482,5.551387303183194,5.4935604872752295,5.5122690675982575,1339000
2005-10-27,5.411921977996826,5.483355362035885,5.408520639304836,5.474851609805351,2296500
2005-10-28,5.515671253204346,5.522474337002337,5.432332361552259,5.434033031126604,2898000
2005-10-31,5.578600883483887,5.583703298069294,5.5139709745697925,5.5139709745697925,2745500
2005-11-01,5.6041131019592285,5.644932014201984,5.5956089422624675,5.597309612001558,2521000
2005-11-02,5.570096969604492,5.582002468128452,5.519072825215196,5.519072825215196,2514500
2005-11-03,5.602412700653076,5.612617531316503,5.559893113556401,5.559893113556401,2101000
2005-11-04,5.663640022277832,5.684049679075446,5.624521783749481,5.629624197948884,2216000
2005-11-07,5.6942524909973145,5.706157984746352,5.638126360180152,5.650031853929191,1683000
2005-11-08,5.692553997039795,5.706160571421348,5.672144743718442,5.682349573129445,1556500
2005-11-09,5.832019329071045,5.857531403806998,5.777594245468798,5.791200414994192,3805500
2005-11-10,5.796300411224365,5.808205905966252,5.74017427572661,5.808205905966252,1928000
2005-11-11,5.765686511993408,5.779292676247447,5.745276860111836,5.770788519463287,3621500
2005-11-14,5.763985633850098,5.780993542497761,5.7350722296991234,5.740174642843475,1945500
2005-11-15,5.733372211456299,5.770789371429216,5.707860142837879,5.726569128324912,1891000
2005-11-16,5.719765663146973,5.724868076891579,5.655135764882916,5.6976553387538695,1611500
2005-11-17,5.898349285125732,5.898349285125732,5.782695647907981,5.782695647907981,5017500
2005-11-18,5.988491058349609,6.019105541653895,5.835419858329944,5.981687975004409,4489000
2005-11-21,6.201091289520264,6.221500948806905,6.136461377613667,6.156870631399648,4812000
2005-11-22,6.165374279022217,6.18238219184777,6.114350540545557,6.144964621431302,2520000
2005-11-23,6.240208148956299,6.260617803716783,6.182381334469023,6.182381334469023,3202500
2005-11-25,6.201091289520264,6.236808193271886,6.189185790103276,6.218099203758911,917500
2005-11-28,6.354161262512207,6.369468097476094,6.301436458301536,6.335452277888815,6695000
2005-11-29,6.309941291809082,6.371169854724513,6.308240622297726,6.352460868097193,2913000
2005-11-30,6.294633388519287,6.345657118005867,6.294633388519287,6.294633388519287,2629000
2005-12-01,6.377971649169922,6.377971649169922,6.318443767797483,6.323546180800864,2008500
2005-12-02,6.39668083190918,6.400082576066887,6.360964343005751,6.369468095149187,3129500
2005-12-05,6.420493125915527,6.420493125915527,6.376272473197641,6.4136896366507665,4742000
2005-12-06,6.308241367340088,6.338855449663217,6.235106892705729,6.250414136617617,4708500
2005-12-07,6.289531707763672,6.337154104132919,6.260618298236195,6.33035061500831,2685500
2005-12-08,6.197689056396484,6.221500051797414,6.156869743708488,6.156869743708488,3320000
2005-12-09,6.318445205688477,6.3235476198530165,6.258917716269861,6.265720799989045,1833000
2005-12-12,6.343956470489502,6.362665049715418,6.3184444029082,6.326948560602153,1625500
2005-12-13,6.355863094329834,6.367768592812843,6.284429697931145,6.326949682942434,4261000
2005-12-14,6.294633388519287,6.333751621675721,6.2742237345244325,6.304838215516715,2589000
2005-12-15,6.284426689147949,6.308238080214464,6.257213960429387,6.2895291011264565,1650000
2005-12-16,6.277626037597656,6.31674427423685,6.257216381785697,6.264019870723412,1332500
2005-12-19,6.328649044036865,6.338853870769619,6.303137382705525,6.3269483747482544,4284500
2005-12-20,6.357563018798828,6.366067177004564,6.326948941359461,6.357563018798828,2221000
2005-12-21,6.362666130065918,6.369469214075877,6.3320520492707875,6.34055580290808,1798500
2005-12-22,6.5922722816467285,6.66200499863427,6.57356370172352,6.629689846993716,11527500
2005-12-23,6.685816287994385,6.685816287994385,6.61608397342298,6.631390809718767,5168500
2005-12-27,6.629691123962402,6.726636192056431,6.6262893790027,6.685817280043258,2988500
2005-12-28,6.920524597167969,6.9528397469496594,6.8405874628663526,6.871201943343918,5238000
2005-12-29,7.0021653175354,7.024275647140475,6.964747337587527,6.9868576671926,4812500
2005-12-30,6.939235210418701,6.947739369936681,6.859298057352786,6.925629041790707,2437500
2006-01-03,7.141628742218018,7.143329411740154,6.9834551226424955,7.015770276566695,7809500
2006-01-04,7.034480094909668,7.075298601270003,6.956243610634072,6.959644950080442,8022500
2006-01-05,7.1552348136901855,7.214763112175944,7.105912154203144,7.143329316193272,7073500
2006-01-06,7.192654609680176,7.219866950569824,7.1756462883730965,7.177346958303525,4954500
2006-01-09,7.279394149780273,7.279394149780273,7.184149349244216,7.1926535085959,5364000
2006-01-10,7.207956314086914,7.250476276055973,7.134822693180854,7.1416253680553785,4132500
2006-01-11,7.592339515686035,7.622953189486293,7.38144108316681,7.38144108316681,7630000
2006-01-12,7.602542877197266,7.772622792978892,7.578731883628113,7.772622792978892,7696500
2006-01-13,7.592339515686035,7.631457348209127,7.5685277090618595,7.570229189607397,3889000
2006-01-17,7.304905414581299,7.338921239113641,7.202857940984271,7.236873765516614,8069500
2006-01-18,7.247079849243164,7.282796349538394,7.168843358167311,7.175646037651334,6340000
2006-01-19,7.315110206604004,7.330417043716884,7.228369570628162,7.260684725423108,3945000
2006-01-20,7.194352626800537,7.474983336877774,7.194352626800537,7.4154558562556625,6152000
2006-01-23,7.406953811645508,7.483489629135742,7.372937982872218,7.389945491758198,5259000
2006-01-24,7.469880104064941,7.483486267261571,7.4239579853997455,7.432462141523001,3623000
2006-01-25,7.362731456756592,7.395046608295962,7.330416305217223,7.374636953534134,7133000
2006-01-26,8.260751724243164,8.701257641785096,7.823647957297072,8.07876707991573,34382500
2006-01-27,8.554986953735352,8.674041914174303,8.464844993259678,8.589002772575208,19385000
2006-01-30,8.469947814941406,8.503963637049557,8.401916170725103,8.485254651039664,10016000
2006-01-31,8.316879272460938,8.316879272460938,8.253950424439346,8.282863437827208,7740500
2006-02-01,8.162104606628418,8.172309435200058,8.078766119461475,8.087270278438048,6463500
2006-02-02,8.316879272460938,8.393415103137198,8.265855926011078,8.344092426768803,6930000
2006-02-03,8.28116226196289,8.328784265341243,8.223335427717547,8.316878764496655,4237000
2006-02-06,8.304971694946289,8.315176523885716,8.250546210936433,8.286263517725061,3509500
2006-02-07,8.163805961608887,8.238640288647787,8.14169563521075,8.238640288647787,3357500
2006-02-08,8.16550350189209,8.185913150899687,8.000526451915078,8.010731276418877,4781500
2006-02-09,8.359397888183594,8.420626867014942,8.291366230149652,8.315177229361398,8730500
2006-02-10,8.439332008361816,8.495458146589117,8.359394879492758,8.422324505475293,2900000
2006-02-13,8.2879638671875,8.333885190140183,8.252247372779994,8.26075072073328,2613000
2006-02-14,8.469947814941406,8.493758809316995,8.318576879409372,8.367900348616953,4105000
2006-02-15,8.060056686401367,8.1825138114911,8.002229868359224,8.024340193875444,8892000
2006-02-16,8.11788272857666,8.121284878254821,8.01923741893343,8.01923741893343,4570000
2006-02-17,7.825345516204834,7.900180634543343,7.776022867686892,7.900180634543343,5397000
2006-02-21,7.786229610443115,7.806639266924176,7.750513117101867,7.804938597384289,4342500
2006-02-22,7.9682135581970215,7.976717716183632,7.832150274415823,7.83895376300534,3528500
2006-02-23,8.080464363098145,8.150196661567927,8.0362437228976,8.114480177790794,3902000
2006-02-24,8.213129043579102,8.21653038289103,8.129790553428007,8.145097391332948,2951000
2006-02-27,8.208024978637695,8.21312698632762,8.170607011574,8.197820152256785,3141500
2006-02-28,7.97331428527832,8.080463728190649,7.961408791621396,8.080463728190649,3130500
2006-03-01,8.01923942565918,8.07026276258734,7.988624936901491,7.993726946193781,3828000
2006-03-02,7.821946144104004,7.8627654572765335,7.757315835247903,7.8236468136526565,4311500
2006-03-03,7.740311145782471,7.815145499165833,7.653570479222903,7.662074641062403,3353500
2006-03-06,7.884875774383545,7.966513589633917,7.857662628632611,7.925694276508123,2961500
2006-03-07,7.742008686065674,7.811741000755358,7.719898360822489,7.7828279975919195,2480500
2006-03-08,7.859362602233887,7.859362602233887,7.753913800664683,7.821945442516004,4665000
2006-03-09,7.9427008628845215,7.963110514999181,7.89167673259787,7.942700862884521,2866500
2006-03-10,7.9563093185424805,7.990325144862407,7.869568677576225,7.917191483225138,1668500
2006-03-13,7.9563093185424805,7.98522313586499,7.9120886632264495,7.9563093185424805,2193500
2006-03-14,7.9103851318359375,8.165504142442106,7.895078299379938,7.954605771154353,12301000
2006-03-15,7.939299583435059,8.08046485810688,7.8712671388811035,7.908685105035936,4585500
2006-03-16,7.821946144104004,7.840655131141616,7.798135148420433,7.8287496332998305,3573500
2006-03-17,7.9580078125,7.964811300304429,7.9103858308721415,7.942700978691345,3141500
2006-03-20,8.022638320922852,8.031142478153681,7.959708692816206,7.98011834576977,1524000
2006-03-21,7.908687591552734,8.019239233584269,7.908687591552734,7.941002749300513,2493500
2006-03-22,7.939299583435059,7.959708424700097,7.833849983727315,7.861063123749106,4439500
2006-03-23,7.821946144104004,7.883175113862799,7.7862296505786475,7.864466126825186,2227500
2006-03-24,7.748814105987549,7.764120946123756,7.701191293672289,7.702891963576158,2503000
2006-03-27,7.602542877197266,7.702889670667922,7.585535372219789,7.702889670667922,8341000
2006-03-28,7.596916198730469,7.6634063249562,7.567933823471283,7.6634063249562,4423500
2006-03-29,7.850943565368652,7.850943565368652,7.711143483658567,7.711143483658567,5772000
2006-03-30,7.91402530670166,7.948122753582803,7.83219078382911,7.842420099188179,2453000
2006-03-31,7.8543524742126465,7.90208953992812,7.825370097723446,7.876515850561839,2606000
2006-04-03,8.053823471069336,8.10837954105498,7.956645395193614,8.004382464523017,2913000
2006-04-04,8.093035697937012,8.127133138885455,8.053823193725385,8.053823193725385,1387000
2006-04-05,8.176575660705566,8.202148542924583,8.101560951522881,8.132248897954062,2114000
2006-04-06,8.205556869506836,8.251588371532138,8.142476241499605,8.234539245550211,2017000
2006-04-07,8.178277969360352,8.244768093635829,8.14077103244099,8.205556406803817,1521500
2006-04-10,8.098151206970215,8.1407732180174,8.064053760721913,8.113494773250414,1418000
2006-04-11,7.903796195983887,8.031661421861982,7.903796195983886,8.029956671415876,3146500
2006-04-12,7.985629558563232,8.000973124854013,7.79127419610861,7.842419959042711,4077500
2006-04-13,8.031661987304688,8.106676702845515,7.9191403204671165,7.975401153885902,3190000
2006-04-17,8.064050674438477,8.11008216860909,8.045296801647881,8.098148107636964,1794500
2006-04-18,8.367518424987793,8.370927924566665,8.183392440577265,8.183392440577265,2942000
2006-04-19,8.480043411254883,8.502206793221104,8.362407499555575,8.367521750956723,2359000
2006-04-20,8.653937339782715,8.672690400009435,8.524366603213634,8.524366603213634,4391500
2006-04-21,8.856821060180664,8.9147866418145,8.694857568758016,8.717020951113362,5003000
2006-04-24,8.827836036682129,8.848294664308234,8.728953211787378,8.812492472436118,2822500
2006-04-25,8.843179702758789,8.897735772740914,8.805672760310454,8.86534308078443,1665500
2006-04-26,8.914785385131836,8.914785385131836,8.809082739746534,8.809082739746534,2996500
2006-04-27,8.717019081115723,8.831245469382273,8.616431506846482,8.824426468857183,3688000
2006-04-28,8.343650817871094,8.534596626191169,8.302733568607144,8.35388013018708,6365000
2006-05-01,8.193622589111328,8.299324403374833,8.154410088161494,8.285685590719389,3390000
2006-05-02,8.422076225280762,8.43401028922261,8.301030022773057,8.306145086146497,2386000
2006-05-03,8.418669700622559,8.476635290677955,8.386276997631839,8.439127522505846,1997500
2006-05-04,8.418669700622559,8.439127522505846,8.386276997631839,8.418669700622559,2037500
2006-05-05,8.565288543701172,8.565288543701172,8.410144849913335,8.418669416296131,2319500
2006-05-08,8.589152336120605,8.674395518003273,8.561873900078444,8.669281268528048,2031500
2006-05-09,8.636889457702637,8.647118770636038,8.50049970252005,8.549940704242266,2639000
2006-05-10,8.456171989440918,8.531186671442033,8.456171989440918,8.503908235738457,2377500
2006-05-11,8.244771957397461,8.355588883122248,8.244771957397461,8.345359565905545,2522500
2006-05-12,8.098151206970215,8.202148296085445,8.098151206970215,8.200443545715116,1960500
2006-05-15,8.075986862182617,8.087920926297521,7.983923849597042,8.011201478160492,2178500
2006-05-16,8.016319274902344,8.05041672870631,7.987336073342632,7.99245113853431,2747000
2006-05-17,7.77422571182251,8.067463936690707,7.738423512207319,8.018022920024109,6516000
2006-05-18,7.808320045471191,7.917432164242277,7.78786142158324,7.893564040688663,3729000
2006-05-19,7.77422571182251,7.816847726437061,7.719669630669562,7.796389094386291,4024000
2006-05-22,7.7554731369018555,7.782751588547771,7.629312635263411,7.68727822720824,4866000
2006-05-23,7.765698432922363,7.910612744209405,7.765698432922362,7.79127212052386,2885500
2006-05-24,7.772520065307617,7.86287833565942,7.697505360751458,7.765700251094432,3209500
2006-05-25,7.86287784576416,7.86287784576416,7.757176016202449,7.789567896092056,1438500
2006-05-26,7.980515003204346,7.982219753510859,7.893566233994464,7.91061455000681,911500
2006-05-30,7.706029415130615,7.878221379905182,7.699209601368912,7.878221379905182,2971000
2006-05-31,7.700915813446045,7.769110705020937,7.644654987249397,7.748652074959023,3239500
2006-06-01,7.620785236358643,7.632720113419988,7.467347153040782,7.486100217821868,4385000
2006-06-02,7.849242210388184,7.9020935530495064,7.714557133857472,7.893568985598165,3459500
2006-06-05,7.724785327911377,7.995860192420178,7.704326694184792,7.995860192420178,4609500
2006-06-06,7.603737831115723,7.697505605076778,7.503150242725018,7.688981853223768,5837000
2006-06-07,7.515082836151123,7.625899718004975,7.5014440229107455,7.5014440229107455,2771500
2006-06-08,7.305381774902344,7.399150325976594,7.165582542570929,7.307086524621468,5428000
2006-06-09,7.279811382293701,7.388923530944135,7.262763066349877,7.330957956019596,3108500
2006-06-12,7.179225444793701,7.33266438821859,7.179225444793701,7.305385938325496,3760000
2006-06-13,6.972934246063232,7.109324022806745,6.969523932581609,7.066702014337599,7139000
2006-06-14,7.015556335449219,7.027491214734755,6.933722621565977,6.955886003758032,5041000
2006-06-15,7.211615085601807,7.22866339821942,7.034308081875139,7.058176207308028,6115000
2006-06-16,7.2218451499938965,7.259352092013973,7.182632644882198,7.192861958696244,4834000
2006-06-19,7.122962474822998,7.221845301805989,7.121257724642677,7.221845301805989,3239500
2006-06-20,7.0701117515563965,7.177519151458521,7.034309555904763,7.122963076345316,6957000
2006-06-21,7.1860456466674805,7.254240555643778,7.087162784767616,7.087162784767616,3105500
2006-06-22,7.230372428894043,7.279813453439299,7.203093977496965,7.237191432032731,1553500
2006-06-23,7.257646560668945,7.291743998729864,7.2030904971820675,7.242302998073,1849500
2006-06-26,7.245712757110596,7.293449009513579,7.191156691672726,7.291744259491626,3196000
2006-06-27,6.995097637176514,7.208206866932871,6.957589879446034,7.206502116662794,5474000
2006-06-28,7.0956854820251465,7.116143298969771,6.996802646179352,7.007031961125278,2844500
2006-06-29,7.532135009765625,7.538954012671105,7.221847615038662,7.221847615038662,4325000
2006-06-30,7.508264541625977,7.556001617042889,7.50315029048162,7.53383823618951,2040500
2006-07-03,7.566228866577148,7.584981928600487,7.465641305008231,7.465641305008231,1038000
2006-07-05,7.378692626953125,7.4656413770862455,7.348004689327252,7.458821564409263,2015000
2006-07-06,7.489510536193848,7.50144460031616,7.390627709932448,7.390627709932448,1691500
2006-07-07,7.370169162750244,7.45882267602825,7.353120847937558,7.455413175655144,2599500
2006-07-10,7.484395980834961,7.54577186872816,7.469052415335262,7.491215794916606,1646000
2006-07-11,7.525312423706055,7.53554173724609,7.400856724073924,7.450297728728167,1679000
2006-07-12,7.31390905380249,7.409382390067348,7.301974988387788,7.371874630523509,2535500
2006-07-13,7.029194355010986,7.233778999327645,6.991686601156621,7.22014018562929,6469500
2006-07-14,7.00361967086792,7.024078294985697,6.920081237491826,6.989980859105067,2968000
2006-07-17,6.954180717468262,7.015555794915045,6.899624641433768,6.9899829137244875,2699500
2006-07-18,6.761528491973877,6.870640617973314,6.700153022717573,6.785396617108684,6119000
2006-07-19,6.971228122711182,7.007030310112512,6.763233185081918,6.763233185081918,4454500
2006-07-20,6.892805099487305,7.034309123062385,6.8910995363207475,7.007031493657869,3673500
2006-07-21,6.989981651306152,7.04112821739723,6.911557458597894,7.025783841096362,3673500
2006-07-24,7.143421173095703,7.146830673489858,7.049653408679161,7.049653408679161,3876000
2006-07-25,7.271286964416504,7.283221029701901,7.155355812230585,7.160470063232658,3235000
2006-07-26,7.3224334716796875,7.376989546601735,7.1638803108157,7.186043690848181,7218000
2006-07-27,7.758881568908691,7.910614921630244,7.663408230733901,7.663408230733901,9811500
2006-07-28,7.850943565368652,7.879926756987556,7.73501242478733,7.825370687023655,3633000
2006-07-31,7.8407135009765625,7.891860065718269,7.833893688028646,7.876515689822224,3008000
2006-08-01,7.728191375732422,7.7435349376971185,7.634423628159357,7.7060280012572955,2322500
2006-08-02,7.731602191925049,7.777633698603647,7.690685748736935,7.709438813676305,3776500
2006-08-03,7.699208736419678,7.728191925466913,7.58668710614912,7.59009741912043,3532500
2006-08-04,7.668521404266357,7.786157281412581,7.637833466031539,7.706028342366433,2180000
2006-08-07,7.532135009765625,7.583280783346386,7.509971624427985,7.518495378059836,2314500
2006-08-08,7.610558032989502,7.694096496032541,7.58839465114888,7.615672284361668,4022000
2006-08-09,7.5713419914245605,7.6940929095583686,7.549178619915027,7.658290727799947,1881500
2006-08-10,7.554295063018799,7.5798679385293735,7.513377811844235,7.544065750225158,2596000
2006-08-11,7.562819004058838,7.6003267562326355,7.533836627866804,7.586687130198304,1312500
2006-08-14,7.6395392417907715,7.740126819833112,7.598621985316883,7.607146549240136,2649500
2006-08-15,7.745243072509766,7.760586639569625,7.639540414705852,7.639540414705852,1641000
2006-08-16,7.682161808013916,7.71966875388214,7.576459158739579,7.586688473603135,4979500
2006-08-17,7.666817665100098,7.757175928804098,7.636129722819354,7.665112101961869,5644500
2006-08-18,7.857763290405273,7.871402104505741,7.786158093720332,7.791273157099968,4172000
2006-08-21,7.721372127532959,7.753764816667618,7.65829231222616,7.6599970622416045,1900500
2006-08-22,7.675343036651611,7.716260301665336,7.627606769433819,7.678753350700975,1656000
2006-08-23,7.573048114776611,7.714552930762279,7.554295052137826,7.658292116951817,5291000
2006-08-24,7.375284194946289,7.5236080288597424,7.313908310808007,7.46734720820656,7074000
2006-08-25,7.3582353591918945,7.450298376104704,7.204796455705757,7.245713713421309,4342500
2006-08-28,7.303680419921875,7.356531750514615,7.254239403299426,7.271287721361635,4014500
2006-08-29,7.349710464477539,7.35482552793554,7.257647451705003,7.303678958091271,2664000
2006-08-30,7.283221244812012,7.2968608737815055,7.228665167775786,7.259353113536272,2946000
2006-08-31,7.400857925415039,7.424726056567135,7.327547968635963,7.336072533460924,3288000
2006-09-01,7.4758710861206055,7.516787525511456,7.40426589452923,7.416199957636612,2530000
2006-09-05,7.479280948638916,7.513378389590647,7.4502977580037415,7.477576198533397,2023500
2006-09-06,7.303680419921875,7.385514135104564,7.300270918898896,7.330958866947646,3932000
2006-09-07,7.225252628326416,7.288333243702332,7.187745696802495,7.288333243702332,2921500
2006-09-08,7.250827312469482,7.271285939488471,7.174108680568945,7.174108680568945,1472500
2006-09-11,7.143421173095703,7.177518615878734,7.087160351856346,7.1604694880136375,4179500
2006-09-12,7.175814628601074,7.197978009413772,7.099095170945795,7.109324486162982,3319500
2006-09-13,7.225252628326416,7.255940561180664,7.15364826461341,7.196270258086494,2641500
2006-09-14,7.240598678588867,7.284924619051036,7.194566362170163,7.221844802008918,2374000
2006-09-15,7.189451217651367,7.261055589045065,7.186041717950809,7.194565467202205,2298500
2006-09-18,7.2082061767578125,7.245713117949862,7.150239795442211,7.160469109030427,2800500
2006-09-19,7.119554042816162,7.17069980768929,7.059882899867814,7.160470492125209,3798500
2006-09-20,7.082043647766113,7.1263703944105,7.0513565254330555,7.056470774839574,2350000
2006-09-21,7.068406105041504,7.133191486833612,7.03601341414545,7.095684545613132,2095500
2006-09-22,6.966114044189453,7.06670162087938,6.940541165710684,7.06670162087938,4385000
2006-09-25,6.961001396179199,6.98998378167466,6.903034999293605,6.984869529980403,3602500
2006-09-26,7.000210285186768,7.008734847532526,6.913261537743449,6.938835224780726,4918500
2006-09-27,7.095419406890869,7.153536412455716,7.052686050864343,7.052686050864343,5870000
2006-09-28,7.035595417022705,7.049269867045213,6.980896801861442,7.039013825760525,4794500
2006-09-29,6.898848056793213,6.938163015199261,6.883464403326731,6.888592831196346,4044000
2006-10-02,6.791160583496094,6.854406029266385,6.770648502972154,6.815091072416975,8779500
2006-10-03,6.6834716796875,6.722786221377047,6.606551800175409,6.66466880700848,8440000
2006-10-04,6.6356120109558105,6.645868051867733,6.461260538059919,6.483481824190552,12724000
2006-10-05,6.558691501617432,6.563819521596428,6.469806772897812,6.49544646525723,12673000
2006-10-06,6.457841396331787,6.495446332025674,6.389467933859471,6.495446332025674,8502000
2006-10-09,6.421945095062256,6.4510036019231025,6.4014330160849315,6.447585193783911,4866500
2006-10-10,6.4082722663879395,6.40998147088934,6.365538893567752,6.375794935647448,6960000
2006-10-11,6.604843616485596,6.7022751800573905,6.4236545299256065,6.4236545299256065,13956500
2006-10-12,6.674926280975342,6.695438361933259,6.599715996688951,6.630483710590243,8116500
2006-10-13,6.953546524047852,6.9979890943280285,6.815091200515528,6.837312485655617,12599500
2006-10-16,6.991152763366699,7.015083254400814,6.931325720710192,6.9672222723325845,7070500
2006-10-17,6.787741661071777,6.837312249869878,6.745008704031432,6.835603045698224,7768500
2006-10-18,6.883463382720947,6.967220899912814,6.830474390506789,6.890301013842896,5874500
2006-10-19,6.782612323760986,6.82363647619789,6.572365172663812,6.6800527577397055,16862000
2006-10-20,6.856114387512207,6.886881689430696,6.789450134034876,6.815090231526157,5277000
2006-10-23,6.8971381187438965,6.950127520712765,6.815090617199687,6.832183880649359,4592500
2006-10-24,6.9193596839904785,6.95183700812918,6.89371999153876,6.914232071528586,3915500
2006-10-25,6.967222690582275,6.975768712842329,6.88175594741159,6.9210700950216415,3664500
2006-10-26,7.230456829071045,7.242422071841553,6.9672206730488435,6.9672206730488435,14363000
2006-10-27,7.086874008178711,7.14499102551566,7.068071947172459,7.109095292607939,11085000
2006-10-30,7.102257251739502,7.13302455174519,7.044139429348764,7.059523894422606,5684000
2006-10-31,7.004826068878174,7.093711201096145,6.9774763585420585,7.073199122111831,6753500
2006-11-01,6.977476596832275,7.076617771928209,6.974058188575175,7.076617771928209,7993500
2006-11-02,6.934743881225586,6.982604855955635,6.9227786375430735,6.926197045717764,2682000
2006-11-03,6.921069145202637,6.968930938646926,6.886882615640235,6.934744409084524,3962500
2006-11-06,6.967222690582275,6.9808971412696295,6.866372292272225,6.880046742959579,7466500
2006-11-07,6.975767135620117,7.025338128876761,6.9449998322978805,6.950127444494559,7918500
2006-11-08,6.999698162078857,7.0219194467856765,6.903976206462496,6.974058468977496,9357000
2006-11-09,6.809962272644043,6.880044934720341,6.804834253100141,6.842439186374714,10961000
2006-11-10,6.809962272644043,6.840729982371922,6.803125049097351,6.8356023703635485,5155500
2006-11-13,6.839021682739258,6.876626620986586,6.830475254059622,6.864661376313746,8490000
2006-11-14,6.9125237464904785,6.915942155233151,6.806545332290942,6.902267705191231,5302500
2006-11-15,6.854405879974365,6.888592408412618,6.830474984039136,6.840730616542159,7041500
2006-11-16,6.827056407928467,6.862952141788522,6.808253938887806,6.857824529124725,5652500
2006-11-17,6.972348690032959,7.023628887079681,6.88688196664545,6.9159408808171055,8953500
2006-11-20,6.85782527923584,6.902267854134525,6.8458600333070585,6.8714997295728395,4939500
2006-11-21,6.883463382720947,6.8851725867336695,6.828764778958537,6.854405284362549,3773500
2006-11-22,6.839021682739258,6.861242967856125,6.813381989164769,6.857824559398503,4365000
2006-11-24,6.7740678787231445,6.796289165281953,6.762102633273879,6.794579553406624,4758500
2006-11-27,6.61168098449707,6.751845914680186,6.580912864255731,6.751845914680186,10180500
2006-11-28,6.7176594734191895,6.722787493526067,6.649286415374915,6.683472944397052,5916500
2006-11-29,6.753554821014404,6.7928693678986205,6.714240274130187,6.751845616921562,4270500
2006-11-30,6.7364630699157715,6.767231195708131,6.7005673306936595,6.7552655417651195,3419500
2006-12-01,6.784323215484619,6.816800132245612,6.715949751031393,6.791160439669272,4277500
2006-12-04,6.799708366394043,6.820220451003593,6.743300541253437,6.743300541253437,4073000
2006-12-05,6.77064847946167,6.791160559914384,6.7125314615597445,6.7432991747032425,6699000
2006-12-06,6.7928690910339355,6.833892840338943,6.756973361333996,6.756973361333996,4236500
2006-12-07,6.82021951675415,6.871499313717944,6.8116726801590515,6.840731191018308,3621000
2006-12-08,6.854405879974365,6.912522896812282,6.833893392361622,6.864661104941823,4452000
2006-12-11,6.9073944091796875,6.960383813072995,6.854405820357504,6.854405820357504,5219500
2006-12-12,7.009953022003174,7.021918264440521,6.907393451795483,6.977475702510087,5975000
2006-12-13,7.136445045471191,7.1655031467703685,7.092002476358433,7.10054849728693,5673000
2006-12-14,7.319343090057373,7.319343090057373,7.216783501095136,7.216783501095136,8495000
2006-12-15,7.420193195343018,7.420193195343018,7.3637853827846245,7.375750626959367,9156500
2006-12-18,7.37575101852417,7.483438221813762,7.339855284094305,7.474892200571774,6026500
2006-12-19,7.3295979499816895,7.351819231431517,7.250968862933913,7.321051115176902,4734000
2006-12-20,7.350109100341797,7.377457990182091,7.329597025426114,7.341562266615108,4515000
2006-12-21,7.3398566246032715,7.367205527714821,7.295414045743512,7.333018991289723,6217000
2006-12-22,7.295410633087158,7.346690006201615,7.22190916586658,7.331306357281466,4292000
2006-12-26,7.334729194641113,7.358659691890233,7.293705834387522,7.29712424397413,1573500
2006-12-27,7.409938335418701,7.421903581499006,7.374042597177787,7.374042597177787,2610500
2006-12-28,7.380878448486328,7.401390529101473,7.344982714945401,7.375750835868118,2651000
2006-12-29,7.321051120758057,7.392842577002527,7.321051120758056,7.350110033088073,3654500
2007-01-03,7.334729194641113,7.4133583206331215,7.303961063147345,7.333019989847809,6003000
2007-01-04,7.486859321594238,7.500533774079418,7.370624437791766,7.380880480923495,6048000
2007-01-05,7.657792568206787,7.794538733073999,7.514208769067641,7.51762717866789,15987500
2007-01-08,7.65949821472168,7.748383343607309,7.594543572063556,7.65949821472168,11721500
2007-01-09,7.931280612945557,8.03384018118659,7.828721044704523,7.905640924653047,8655000
2007-01-10,7.825303077697754,7.854361175380313,7.756930028352738,7.8030817959070715,4131000
2007-01-11,7.8030829429626465,7.861199961942025,7.736419087790992,7.738128292015215,4792000
2007-01-12,8.150076866149902,8.17913496881161,7.931282418698264,7.948376091499065,21082000
2007-01-16,8.033842086791992,8.08854069917577,7.996237147371789,8.071447841283383,7492500
2007-01-17,8.126148223876953,8.187683666794166,8.033843836894086,8.054355922890279,8282000
2007-01-18,7.924445152282715,7.9911090052975675,7.900514663775506,7.9911090052975675,9778500
2007-01-19,8.044098854064941,8.068029346318298,7.941539252234302,7.941539252234302,7614000
2007-01-22,7.914189338684082,8.040679416586814,7.862909136793159,8.033841784644306,6433000
2007-01-23,7.970597267150879,8.025295878259275,7.938119941334294,7.939829145576562,5018000
2007-01-24,8.009913444519043,8.020169487648932,7.936412753004771,7.9654708626466455,2782500
2007-01-25,8.054353713989258,8.15007648402913,8.03384163361849,8.09195946635938,8310000
2007-01-26,8.175714492797852,8.206482607015916,8.086829372881871,8.187679734704158,5972500
2007-01-29,8.033842086791992,8.08683149489365,7.992818738807549,8.076575454129744,11136500
2007-01-30,7.914189338684082,8.049226252747161,7.898804870581226,8.025295763555116,11475000
2007-01-31,7.919318675994873,7.931283923196669,7.799666203976915,7.842398763942565,5975000
2007-02-01,8.115888595581055,8.141528284213951,8.056061568676288,8.057771587646686,7533500
2007-02-02,8.13811206817627,8.179135418023135,8.110762353207132,8.155204926844657,3284500
2007-02-05,8.141529083251953,8.156912734927294,8.088539681815197,8.119307800236967,3764500
2007-02-06,8.343231201171875,8.360324059714365,8.278276545553732,8.29024179105484,7304000
2007-02-07,8.332972526550293,8.343228564463061,8.283402355864382,8.324425692444493,6186500
2007-02-08,8.268016815185547,8.288528888340961,8.226993483945575,8.237248705452426,6909000
2007-02-09,8.392800331115723,8.461173386821956,8.344939355135583,8.413312410841817,4357000
2007-02-12,8.348360061645508,8.40134947968035,8.291952234405624,8.392802641596406,3227500
2007-02-13,8.497068405151367,8.512452054642672,8.444079011237587,8.444079011237587,3994500
2007-02-14,8.886797904968262,8.89534474235023,8.785947506060582,8.794494343442551,8198000
2007-02-15,8.852612495422363,8.867996967679085,8.659458510444695,8.803042299436294,8685500
2007-02-16,8.984228134155273,9.013286234459164,8.89876140722853,8.89876140722853,7510500
2007-02-20,8.980809211730957,8.992774455007133,8.883377246421187,8.88850485850909,6573500
2007-02-21,9.04405403137207,9.103881064115287,8.973971774231705,8.982518609633749,7215000
2007-02-22,8.968844413757324,9.02183300158081,8.93978549860323,9.008158553596397,5046000
2007-02-23,8.934659004211426,9.05943988594074,8.895344044381954,9.033799375806698,11119500
2007-02-26,9.042346954345703,9.057730609631223,8.970555476251569,9.057730609631223,5506500
2007-02-27,8.837228775024414,9.117558717213717,8.736378364022949,9.093628221731521,14518500
2007-02-28,8.842352867126465,8.92098195599496,8.74150249629359,8.85431811010182,7799500
2007-03-01,8.866284370422363,8.893634082554971,8.555187202295828,8.820132597211675,12981000
2007-03-02,8.449210166931152,8.616724438062704,8.252637788452367,8.380837094845374,16200000
2007-03-05,8.375704765319824,8.485101945090028,8.341518248525492,8.387670005444297,6617500
2007-03-06,8.657747268676758,8.714155085179282,8.562024493514592,8.674840126519639,5354500
2007-03-07,8.563735961914062,8.625271401660372,8.532967834505246,8.541514672408471,2982000
2007-03-08,8.78253173828125,8.826974327947054,8.75689203349606,8.75689203349606,4497000
2007-03-09,8.97226619720459,8.985940650333106,8.832100811190909,8.934661247333317,9015500
2007-03-12,9.038928031921387,9.061149318888825,8.994485457986512,8.996194662357663,4681500
2007-03-13,8.763725280761719,8.914146668342504,8.762016076482354,8.874831709632348,3931500
2007-03-14,8.642365455627441,8.71415694098471,8.485107217640833,8.606468897877448,6377000
2007-03-15,8.732954978942871,8.763722275563303,8.633813829095823,8.640650643868849,4187500
2007-03-16,8.767144203186035,8.826970426264364,8.73124765426788,8.753468939278568,5865000
2007-03-19,8.943205833435059,8.980811592332353,8.857739903817528,8.941496628952688,5568500
2007-03-20,8.857735633850098,8.932945485246394,8.811583874788903,8.811583874788903,3311000
2007-03-21,9.020125389099121,9.05260271821228,8.76885440841515,8.837227475472982,6532500
2007-03-22,9.03038215637207,9.057731059364539,8.890217602160869,8.890217602160869,3176500
2007-03-23,9.074825286865234,9.1004649868637,9.025255091525352,9.097046577549603,2440000
2007-03-26,8.97226619720459,9.083372657132685,8.922695183890523,9.083372657132685,7418000
2007-03-27,8.948332786560059,8.97226327551018,8.85602923916069,8.97226327551018,3200000
2007-03-28,8.772270202636719,8.888731144258541,8.756855702032874,8.873317460316981,5059000
2007-03-29,8.750003814697266,8.785969614582397,8.679783938736248,8.741440295678293,4092500
2007-03-30,8.647244453430176,8.748291705615733,8.631830770326774,8.688348697255568,4555000
2007-04-02,8.537636756896973,8.616419367301615,8.523935610883655,8.60956838596373,5935500
2007-04-03,8.750003814697266,8.777406095563427,8.664370257831797,8.7088995767359,4668500
2007-04-04,8.868178367614746,8.875029347007326,8.821936502535955,8.871603448979924,2888000
2007-04-05,8.926412582397461,8.948677253944656,8.890446762974124,8.905860452251964,3213500
2007-04-09,9.119941711425781,9.20728783770315,9.101102943336713,9.183310629835322,6468500
2007-04-10,9.250103950500488,9.279219596007268,9.193586017062193,9.203862079202096,4411000
2007-04-11,9.138779640197754,9.227838291376164,9.099388753456203,9.217562230343098,3196000
2007-04-12,9.340875625610352,9.385404958252707,9.085688233416665,9.111378798399668,8910000
2007-04-13,9.411093711853027,9.411093711853027,9.322035055981509,9.402530191097162,4553500
2007-04-16,9.498441696166992,9.512142842075344,9.37684229082266,9.37684229082266,5264000
2007-04-17,9.453910827636719,9.464186889568548,9.402530517977564,9.4282210811383,2214000
2007-04-18,9.455621719360352,9.479598920798656,9.421368457782464,9.453909178780783,4155000
2007-04-19,9.31518840789795,9.38712004940195,9.282647670075875,9.299773901388095,2611000
2007-04-20,9.363142967224121,9.395683705503759,9.316901080369535,9.378556657288115,3075000
2007-04-23,9.380270957946777,9.383696041269008,9.30320086655778,9.334028249783227,4288000
2007-04-24,9.334024429321289,9.399105885781633,9.318610744017462,9.395680803861307,3905500
2007-04-25,9.457337379455566,9.483027946609681,9.26380634687092,9.28093339164033,7246500
2007-04-26,9.28264331817627,9.316896581404654,9.262091196906796,9.284355858838357,4814000
2007-04-27,9.159335136413574,9.231266773481236,9.106242270961227,9.17303628395086,2680500
2007-04-30,9.12165641784668,9.219277804790988,9.119943059892163,9.140495188721232,1893000
2007-05-01,9.048011779785156,9.082265056953414,8.994918914342465,9.066851368059588,2548500
2007-05-02,9.197010040283203,9.22612568243868,9.106238849047395,9.14220465406611,1856000
2007-05-03,9.19016170501709,9.205575391186848,9.097677138011335,9.171322120072183,1421500
2007-05-04,9.239829063415527,9.275794877147892,9.20557579081388,9.227840458838072,3289500
2007-05-07,9.318611145019531,9.34087581178447,9.212426250958808,9.339163270750612,2270500
2007-05-08,9.327174186706543,9.335737708097392,9.263805271741553,9.310047143924846,1823000
2007-05-09,9.527557373046875,9.544683601315677,9.459050009984312,9.491590742023732,2641000
2007-05-10,9.220989227294922,9.347727067476168,9.1798857912864,9.315186336888747,3289500
2007-05-11,9.258668899536133,9.28093356816237,9.169610225031184,9.217564644637708,1875000
2007-05-14,9.267230987548828,9.3151862206205,9.226127552053343,9.280932949376394,1467500
2007-05-15,9.02574634552002,9.106241499225133,8.993205612462638,9.092540352848992,4809500
2007-05-16,9.565235137939453,9.606339389906418,9.351151989492577,9.404244845506174,9850000
2007-05-17,9.42822265625,9.452199865875883,9.337451441239537,9.40253208879731,5346000
2007-05-18,9.515567779541016,9.560096295078129,9.465900007731092,9.465900007731092,3615000
2007-05-21,9.827271461486816,9.89920389334466,9.74848886627452,9.750201407113133,7244500
2007-05-22,10.183506965637207,10.248588423080058,10.070471093936412,10.079034615528863,5949000
2007-05-23,9.943734169006348,10.11157462045057,9.943734169006348,10.049919061075888,3890000
2007-05-24,9.679984092712402,9.85810143890917,9.633742215013234,9.830698330522196,5297000
2007-05-25,9.71937370300293,9.76732811147703,9.662855773969234,9.690258059765215,3865000
2007-05-29,9.71252155303955,9.762188496309149,9.661141252534648,9.743349733342493,3949500
2007-05-30,9.801580429077148,9.832408610112731,9.678268521597012,9.697108101673567,3451000
2007-05-31,9.882078170776367,9.919756524242375,9.849537440512012,9.882078170776367,2842000
2007-06-01,9.777605056762695,9.81870848917263,9.745064329024197,9.796443823702203,1994000
2007-06-04,9.710811614990234,9.750202508715716,9.644017614763973,9.731363740700221,1974000
2007-06-05,9.58407211303711,9.671417399688385,9.539542791086108,9.671417399688385,2307000
2007-06-06,9.53611946105957,9.645730254863675,9.501866190078587,9.608051901783314,5436000
2007-06-07,9.37855339050293,9.558383250814902,9.36313970580791,9.536118585887472,4904500
2007-06-08,9.368280410766602,9.385407458651478,9.226129669970037,9.270659014475608,1966000
2007-06-11,9.40081787109375,9.483026365621397,9.334023877621192,9.334023877621192,3182000
2007-06-12,9.179886817932129,9.299772873859293,9.1713232948909,9.215852634710277,2114000
2007-06-13,9.436782836914062,9.441920458587758,9.315183474019467,9.315183474019467,3688500
2007-06-14,9.334024429321289,9.366565157551461,9.284357474827127,9.299771160130954,2260500
2007-06-15,9.33916187286377,9.440209128698154,9.320322290986459,9.402529964943533,4101000
2007-06-18,9.274084091186523,9.323751060026796,9.205577533018001,9.318613435662321,4836500
2007-06-19,9.279218673706055,9.308333499656653,9.238114429231974,9.274080234815669,3630500
2007-06-20,9.107954025268555,9.210713847912162,9.07370075105402,9.197012701558844,2628500
2007-06-21,9.094249725341797,9.121652825208457,8.991489938331753,9.02403066005093,4224000
2007-06-22,8.97607707977295,9.094250559846541,8.965801018462777,9.00861780447812,4496000
2007-06-25,8.902430534362793,9.0000526912021,8.87674079396481,8.955523372292465,2602500
2007-06-26,8.78597354888916,8.90585960219053,8.770559044420063,8.899009437237588,3433500
2007-06-27,8.761995315551758,8.806524649198488,8.71404008316593,8.727742044797534,13130500
2007-06-28,8.645532608032227,8.712326601289282,8.638682444618562,8.678073334234046,7098000
2007-06-29,8.797962188720703,8.854480133116555,8.751720308457053,8.768846537569058,10066500
2007-07-02,8.8322114944458,9.00861623000005,8.782543737350252,9.00861623000005,6305500
2007-07-03,8.67807674407959,8.702053958773305,8.618133707345299,8.69349125114171,4068500
2007-07-05,8.969226837158203,9.02060714793182,8.914421444553792,9.012043626692494,4767500
2007-07-06,9.101102828979492,9.12336749552877,9.049722515149469,9.111378891745495,3729000
2007-07-09,9.083976745605469,9.095965350655868,9.034309784205591,9.07541322295162,2840000
2007-07-10,8.928123474121094,9.010331979513152,8.922985850865299,8.981216331076396,3354500
2007-07-11,8.919560432434082,8.92298551447549,8.842490369865718,8.875031099246245,2480500
2007-07-12,9.041159629821777,9.054861592249207,8.921273583550068,8.936687270452877,2823500
2007-07-13,9.034309387207031,9.05657405513117,8.965802842311593,8.976078905712153,2693000
2007-07-16,8.986352920532227,9.034307327694584,8.95723727809094,9.017180287043887,2613500
2007-07-17,8.892158508300781,8.91442317785472,8.839065646288507,8.8904459670524,2608500
2007-07-18,8.82707691192627,8.880169773162873,8.693489713216804,8.871606250383586,6063500
2007-07-19,8.941824913024902,8.965802120140763,8.893869682130811,8.960663680523155,2434500
2007-07-20,8.765420913696289,8.842490981596423,8.698626909293669,8.815087873382238,2735000
2007-07-23,8.74658203125,8.830503087118313,8.743156948696194,8.760283178127732,2215500
2007-07-24,8.847625732421875,8.899006033227607,8.787682728700332,8.899006033227607,4507500
2007-07-25,8.958948135375977,9.032593089675991,8.868176960305645,8.922982336762427,5121500
2007-07-26,8.796244621276855,9.006901773960623,8.63525358630479,8.989775554634589,10218000
2007-07-27,9.083976745605469,9.238116886724868,8.806525471585514,9.226128281674466,11413500
2007-07-30,9.207284927368164,9.268941285249928,9.070271887624868,9.161043067287908,5987000
2007-07-31,9.032596588134766,9.178173196045861,9.018894626217026,9.145632465650449,5102000
2007-08-01,8.91099739074707,8.977791394127346,8.794536428441045,8.878456659613416,4701000
2007-08-02,8.796244621276855,8.833922957123752,8.693484855334573,8.780830125555196,5612000
2007-08-03,8.523934364318848,8.761994701887003,8.52050846581969,8.744867659378224,8940000
2007-08-06,8.68321418762207,8.690064352940263,8.518797970047453,8.611281735143317,4863500
2007-08-07,8.671222686767578,8.726027257666763,8.549623309677713,8.707188492668514,3984500
2007-08-08,8.470842361450195,8.686638055380516,8.376645251536523,8.546199069386233,12221500
2007-08-09,8.374933242797852,8.553050594082155,8.335542345235922,8.505096173863295,10428500
2007-08-10,8.220792770385742,8.314989056471596,7.951904239806295,8.313276515511832,13785000
2007-08-13,8.289299011230469,8.34410440328761,8.260183365972438,8.316701298927876,3995000
2007-08-14,8.066652297973633,8.225930033539315,8.058088776886947,8.215653971567756,5056000
2007-08-15,7.957043170928955,8.148861673220049,7.9433420243358395,8.07864258235065,6414500
2007-08-16,8.00499439239502,8.027259052957124,7.511747595577408,7.933062789038454,17277000
2007-08-17,7.975881099700928,8.080353443664272,7.7874877190599925,7.9810187223567866,7156000
2007-08-20,7.842294216156006,7.879972570930431,7.758373984311282,7.778925294493964,7095500
2007-08-21,7.934778690338135,7.934778690338135,7.811466734739918,7.844007469087192,4649000
2007-08-22,7.991295337677002,8.027261148745378,7.917651174536382,7.93991584091143,2439000
2007-08-23,8.032402992248535,8.080357427327648,7.99129872408774,8.049529226207051,2700000
2007-08-24,8.118036270141602,8.142014305746212,7.970747056168322,8.018702310714772,1853000
2007-08-27,7.9296393394470215,7.981018833369559,7.915938195511834,7.972456128824024,3345500
2007-08-28,7.77892541885376,7.95704276547572,7.758374108342528,7.91251342882023,2793000
2007-08-29,7.897099018096924,7.90394918208545,7.780638063668251,7.794339208307676,4177500
2007-08-30,7.8628458976745605,7.929639897806976,7.7892009167609775,7.7892009167609775,1956500
2007-08-31,8.18311595916748,8.237921368974375,8.107759235262767,8.177978334808673,4386500
2007-09-04,8.404047966003418,8.462278443653918,8.272172508288028,8.280736030000202,4499000
2007-09-05,8.499956130981445,8.523934153232414,8.42973705509149,8.47255384364079,5350500
2007-09-06,8.443441390991211,8.546201232362767,8.39719950320714,8.529075000465488,5514500
2007-09-07,8.102616310119629,8.321837828026398,7.99471890833357,8.306423330155434,16600500
2007-09-10,8.003283500671387,8.058088893089254,7.914224840075146,8.058088893089254,3336000
2007-09-11,8.15742301940918,8.177975142146087,8.075215345123818,8.111181151582272,3074500
2007-09-12,8.08206844329834,8.09748294928,7.9450553308450935,8.049527706591308,2247000
2007-09-13,8.058093070983887,8.157427845202161,7.9553332131706656,7.996437482961056,5193500
2007-09-14,8.046099662780762,8.070076866970112,8.016984836263237,8.028973438357912,2290000
2007-09-17,7.9981465339660645,8.035824887054028,7.962180721928136,7.989583012053491,1800500
2007-09-18,8.102616310119629,8.123168429506155,7.88853323039056,7.929637469163614,4890000
2007-09-19,8.138585090637207,8.213942617092393,8.107757716932191,8.109470258064421,2928000
2007-09-20,7.989583492279053,8.090630770266294,7.929640468612875,8.083779788991968,3815500
2007-09-21,7.989583492279053,8.059802579525497,7.957042760385286,8.040963810180383,2173000
2007-09-24,7.981017589569092,8.080352296777482,7.974167427000226,8.068363695619762,1624500
2007-09-25,7.871409893035889,7.95704266630907,7.799477448824486,7.94847914398302,4228000
2007-09-26,8.091684341430664,8.206716384708258,8.064214515936845,8.206716384708258,2808500
2007-09-27,8.30114459991455,8.393856281720863,8.241053846646592,8.302861361625762,3837500
2007-09-28,8.25135326385498,8.333763537026247,8.227316149616565,8.302859377583928,2418000
2007-10-01,8.477983474731445,8.484850521025306,8.253071335106565,8.275390872911705,4265000
2007-10-02,8.780155181884766,8.80419148231644,8.696028130373906,8.701178415319943,5398000
2007-10-03,8.596449851989746,8.730367104399052,8.565545681739474,8.716632190512888,3218000
2007-10-04,8.555241584777832,8.627351292546289,8.472831308860254,8.586145745250027,5906000
2007-10-05,8.701179504394531,8.735517197691207,8.56897983547368,8.6016007669068,3912000
2007-10-08,8.589584350585938,8.682296886862288,8.586150825837883,8.647959183355448,3601500
2007-10-09,8.55867862701416,8.568980017089014,8.416176746541344,8.532924742489422,3727500
2007-10-10,8.43162727355957,8.514038382930407,8.405874211218729,8.514038382930407,4274000
2007-10-11,8.29084587097168,8.52605949304993,8.2427732529339,8.52605949304993,4783500
2007-10-12,8.138042449951172,8.167229864007373,8.096837700235515,8.148343842048927,3412000
2007-10-15,8.071080207824707,8.174093253694226,8.007555127801458,8.174093253694226,3031000
2007-10-16,7.902828216552734,8.00069019571818,7.892526826323443,7.964635739253267,3222000
2007-10-17,8.000689506530762,8.067648127915664,7.935448465598798,7.973219680735739,4236000
2007-10-18,8.016143798828125,8.069366700584418,7.9526186867427935,8.069366700584418,2672000
2007-10-19,7.744875907897949,7.932016086803364,7.727706648519745,7.932016086803364,4335500
2007-10-22,7.944033622741699,7.968069929060549,7.796381442014993,7.796381442014993,4549000
2007-10-23,7.9062628746032715,7.9629201196545765,7.8427377621888,7.897678245068145,3969500
2007-10-24,7.775778293609619,7.83758663724013,7.652162425023842,7.832435532599965,5007000
2007-10-25,8.237619400024414,8.447079880961555,7.837585272759143,7.854753708328524,19043500
2007-10-26,8.45051383972168,8.490002635313443,8.32861474806578,8.32861474806578,4839000
2007-10-29,8.555241584777832,8.574127597067775,8.447078251137562,8.562109448885524,4192000
2007-10-30,8.380122184753418,8.462532485635986,8.34235096740624,8.462532485635986,2461000
2007-10-31,8.491720199584961,8.78874130078095,8.316597382889489,8.368104334469104,4819500
2007-11-01,8.429912567138672,8.632505229276363,8.400725974349939,8.618770313924296,4296500
2007-11-02,8.505454063415527,8.567261579003038,8.419609427609135,8.567261579003038,3740500
2007-11-05,8.350933074951172,8.538073999021528,8.24105296905874,8.421326028340495,5751000
2007-11-06,8.386990547180176,8.412743614228129,8.29942913680685,8.352652032882585,4230000
2007-11-07,8.229033470153809,8.386986966312602,8.186111164282963,8.386986966312602,4950500
2007-11-08,8.115721702575684,8.268524146428938,8.069365040334079,8.258222756894709,5313000
2007-11-09,8.069366455078125,8.155211110022163,7.980088275912422,7.983522618809389,3897000
2007-11-12,8.019575119018555,8.189546806576024,7.988670952551259,7.988670952551259,3533000
2007-11-13,8.399007797241211,8.404158082627307,8.103702664209237,8.103702664209237,5198500
2007-11-14,8.352651596069336,8.584431643405376,8.337199920383679,8.584431643405376,3964500
2007-11-15,8.306293487548828,8.416174405330471,8.270239041654063,8.326896261967258,5543500
2007-11-16,8.280538558959961,8.438492035599054,8.239333019428097,8.438492035599054,3553500
2007-11-19,8.12430477142334,8.342349874910823,8.071081885466628,8.342349874910823,3327500
2007-11-20,8.265089988708496,8.369819819150548,8.175811832044747,8.369819819150548,3155500
2007-11-21,8.126025199890137,8.326901140137032,8.124308437462028,8.326901140137032,3639500
2007-11-23,8.426478385925293,8.471117471345304,8.192981568445605,8.192981568445605,2453000
2007-11-26,8.586146354675293,8.795606810065058,8.568977921199904,8.615333755860958,5028000
2007-11-27,9.152719497680664,9.152719497680664,8.914072435770285,9.032537995236638,9193500
2007-11-28,9.442875862121582,9.518419124445245,9.288355813310773,9.288355813310773,8631000
2007-11-29,9.307241439819336,9.453176853372375,9.236849285394115,9.360465155478158,6928000
2007-11-30,9.266035079956055,9.539020682807958,9.171606628174226,9.272902946077084,5281000
2007-12-03,9.221396446228027,9.339862025868845,9.16130568477267,9.339862025868845,3433000
2007-12-04,9.096063613891602,9.181908258615548,9.03253932997707,9.181908258615548,3944000
2007-12-05,9.209376335144043,9.324408366427823,9.077176688060527,9.094345122535312,4864000
2007-12-06,9.403388977050781,9.417123893985002,9.202513053858386,9.202513053858386,2528000
2007-12-07,9.13898754119873,9.180193108890583,9.089198162467202,9.168174954759683,4135000
2007-12-10,9.389649391174316,9.405101882729914,9.272901417093385,9.288353089973933,5223500
2007-12-11,9.372481346130371,9.636881469713877,9.302089206441428,9.588808868821438,8587500
2007-12-12,9.605978965759277,9.743330564273652,9.480646338222291,9.654052393643159,8156000
2007-12-13,9.659200668334961,9.707273267534392,9.590525292714329,9.614561592314045,6153000
2007-12-14,9.360466003417969,9.480647541695454,9.33471211492251,9.480647541695454,3763500
2007-12-17,9.235132217407227,9.370766235736507,9.207661570145786,9.370766235736507,3793500
2007-12-18,9.34672737121582,9.39995107519641,9.151002627642947,9.391366448359205,3617000
2007-12-19,9.307241439819336,9.411971290452609,9.271186981602169,9.35531405077556,4173000
2007-12-20,9.236845970153809,9.269466892644617,9.159585976746627,9.235129208760865,3062000
2007-12-21,9.363898277282715,9.417121990655383,9.248867040860512,9.248867040860512,5993500
2007-12-24,9.381064414978027,9.441155156113267,9.32440719657196,9.441155156113267,968500
2007-12-26,9.605978965759277,9.631732850985536,9.484080680790926,9.484080680790926,2270000
2007-12-27,9.399951934814453,9.568206870305135,9.38621702182392,9.568206870305135,2362500
2007-12-28,9.322691917419434,9.45660916100794,9.322691917419434,9.45660916100794,1421500
2007-12-31,9.322691917419434,9.418837945640085,9.28492070205158,9.339861172652643,2252000
2008-01-02,9.290072441101074,9.442875725621313,9.20251184547094,9.322693376208488,4308000
2008-01-03,9.331275939941406,9.35359547909216,9.257450275781277,9.326125654910507,5310000
2008-01-04,8.999918937683105,9.14585435126415,8.958713374755432,9.07889572084431,8622500
2008-01-07,9.28835391998291,9.384499945039753,9.171605935469357,9.26603438011928,10306500
2008-01-08,9.298654556274414,9.518416413656261,9.276335018217665,9.44287317284687,7097500
2008-01-09,9.818870544433594,9.818870544433594,9.60425979998063,9.676369514420639,12116000
2008-01-10,9.688386917114258,9.777665058519595,9.566487853374282,9.638596743582458,4248500
2008-01-11,9.49438190460205,9.650617881789598,9.463477734077776,9.614563425515549,4555000
2008-01-14,9.571640014648438,9.700406967855102,9.458325554284638,9.648900022837413,7735000
2008-01-15,9.233415603637695,9.415406307110233,9.214530401510359,9.415406307110233,10902500
2008-01-16,9.022235870361328,9.133833555434329,8.924373096064615,9.0994958691561,11377500
2008-01-17,8.776721000671387,9.022235908880173,8.756118225081487,8.986181460935356,9097500
2008-01-18,8.831664085388184,8.94669532813795,8.682295146016466,8.807627779620345,8648500
2008-01-22,8.594734191894531,8.613620212581111,8.134608377657958,8.134608377657958,9660000
2008-01-23,8.337199211120605,8.369820140282037,7.81698274363196,7.9749362855319825,13032000
2008-01-24,8.153491020202637,8.158641304433132,7.995537509017862,8.052194728928162,7910500
2008-01-25,8.016143798828125,8.23075462404234,7.9663536027226325,8.23075462404234,8415000
2008-01-28,8.06078052520752,8.084816825790226,7.820415882030289,7.820415882030289,5168000
2008-01-29,8.289128303527832,8.326899525649191,8.156927798090132,8.156927798090132,5394500
2008-01-30,8.15521240234375,8.318316290173435,8.047048185467965,8.196417974234608,5821500
2008-01-31,8.15521240234375,8.230755677918511,7.913131714173543,8.198134736617488,7186000
2008-02-01,7.949183940887451,8.050480261020246,7.82041697434099,7.8238513168147,9746500
2008-02-04,7.650445938110352,7.775778573190821,7.640144547134876,7.775778573190821,6662500
2008-02-05,7.430684566497803,7.585204606749013,7.425533461862632,7.470172548216304,8666500
2008-02-06,7.351707458496094,7.501076387490847,7.348273934675012,7.483907949710231,6619500
2008-02-07,7.561167240142822,7.6143909533960885,7.480473698634772,7.502793241094992,6261000
2008-02-08,7.380893707275391,7.482190023393552,7.336254624963145,7.396346201106658,4407000
2008-02-11,7.468454360961914,7.480472511250129,7.33797146945057,7.374025920315215,4281000
2008-02-12,7.495927333831787,7.588639041641269,7.459872053083351,7.552584579568175,6812500
2008-02-13,7.693366527557373,7.741439128808724,7.581768832741673,7.696800050882445,7611000
2008-02-14,7.70538330078125,7.827282362461724,7.68649810719339,7.799812543420322,3717500
2008-02-15,7.6882171630859375,7.7242716183412785,7.600655758412119,7.7071023623100565,5242500
2008-02-19,8.062499046325684,8.144909354689878,7.8770748291621615,8.067649332428017,14466000
2008-02-20,8.023011207580566,8.05048185944855,7.880510117546392,8.007559528744139,10276500
2008-02-21,7.997255325317383,8.136322841984299,7.9629176365598076,8.069364226105767,6096500
2008-02-22,8.029878616333008,8.064216315199166,7.8547557790428755,8.064216315199166,7486000
2008-02-25,8.237619400024414,8.237619400024414,8.077949101456191,8.14490771939449,6210000
2008-02-26,8.397293090820312,8.443649768536936,8.227321334777473,8.28226182440881,6202000
2008-02-27,8.52434253692627,8.584433308106904,8.464250947070278,8.58099978366097,7419000
2008-02-28,8.385274887084961,8.48142094805394,8.347503658851842,8.48142094805394,4448000
2008-02-29,8.10542106628418,8.294277981720263,8.07451689480955,8.294277981720263,3994000
2008-03-03,8.017860412597656,8.045330244048925,7.947468253162878,7.980088371008018,4568500
2008-03-04,8.016143798828125,8.04704715511393,7.901112547149565,7.901112547149565,5876500
2008-03-05,8.031593322753906,8.151775647361934,7.988671005488531,8.079665925127074,4491500
2008-03-06,7.842739105224609,8.095122017254711,7.825570661889665,8.029880131495883,6146000
2008-03-07,7.6092400550842285,7.734572671423878,7.5937875615939685,7.720837758402099,4993000
2008-03-10,7.349989414215088,7.485623405585915,7.349989414215088,7.418664790706008,7931500
2008-03-11,7.696800231933594,7.696800231933594,7.513093630919553,7.586920114870818,8436000
2008-03-12,7.444418907165527,7.569751527956021,7.43068399365599,7.542281700936947,8182000
2008-03-13,7.435832977294922,7.466737141286824,7.2280900931452745,7.341404542440544,6796500
2008-03-14,7.18688440322876,7.499357922908279,7.143962090509592,7.339687640026993,9035000
2008-03-17,7.018631935119629,7.080440283413923,6.910468553617575,7.039234717884393,9476500
2008-03-18,7.1851677894592285,7.1851677894592285,7.0581184288849474,7.080437966463878,5376000
2008-03-19,7.046102046966553,7.331105003647841,7.030649551735332,7.2950505459003985,5623500
2008-03-20,7.193753719329834,7.2195067846870185,6.987727559121985,7.0564029458579345,4258500
2008-03-24,7.181735992431641,7.234959706836849,7.121644411476483,7.188603040306354,4783000
2008-03-25,7.3276686668396,7.351704962777871,7.193751459176433,7.3276686668396,2992000
2008-03-26,7.210426330566406,7.401532893590629,7.145002033171294,7.401532893590629,5368500
2008-03-27,7.031370639801025,7.167383920573576,7.031370639801025,7.167383920573576,3988000
2008-03-28,6.9969353675842285,7.0881847218678455,6.97799654353751,7.058915704792392,2934000
2008-03-31,6.898796558380127,6.945282000450558,6.871249523324543,6.945282000450558,5811500
2008-04-01,7.18459939956665,7.227641737510843,7.043421450589727,7.070968087133996,6361000
2008-04-02,7.2259202003479,7.293066050741721,7.198373563708325,7.213868444197547,2826500
2008-04-03,7.250025272369385,7.287902111138443,7.182879407530263,7.286180548598644,2572500
2008-04-04,7.2138671875,7.256909518094889,7.155329979115187,7.2396922574712645,1968000
2008-04-07,7.312003135681152,7.39808697040809,7.282734122876239,7.39808697040809,3490500
2008-04-08,6.983161449432373,7.127782497457373,6.912571666318263,7.126060935594814,11322500
2008-04-09,6.941840648651123,7.033089994656545,6.940119086796556,6.996934732818123,2834000
2008-04-10,7.04341983795166,7.108844110970364,7.022759454791635,7.039976714413031,2955000
2008-04-11,7.0175957679748535,7.081297667323875,6.972831871746991,7.010708698953551,3894000
2008-04-14,6.862642765045166,6.969386984171033,6.85919923100024,6.907406655218882,3330000
2008-04-15,6.8523125648498535,6.934953277004406,6.80410514069131,6.929788591666553,3536500
2008-04-16,7.203536510467529,7.22247533168596,7.076131910091833,7.076131910091833,7136000
2008-04-17,7.298229694366455,7.3154469555291595,7.213867413368963,7.232806236455097,4763500
2008-04-18,7.503111839294434,7.534102422998893,7.379150325440961,7.4015322768445655,5081500
2008-04-21,7.637402057647705,7.663227949511598,7.556482900121589,7.585751915848321,4781000
2008-04-22,7.408418655395508,7.544431913389307,7.382593581867752,7.456625678237795,3666500
2008-04-23,7.540988445281982,7.559926448555367,7.434243389897093,7.525492745100556,2604500
2008-04-24,7.578864097595215,7.62190642548054,7.45834574370913,7.497944948072147,3077000
2008-04-25,7.856055736541748,7.9128713771032215,7.723485634910283,7.8044047810476425,4694500
2008-04-28,7.905987739562988,7.954194771630405,7.850893636786893,7.890492856674016,3437000
2008-04-29,7.909428119659424,7.923202256296799,7.8371175966519155,7.8371175966519155,3419000
2008-04-30,7.883603572845459,7.98690467868983,7.856056939672644,7.9197588367463565,3361500
2008-05-01,8.02305793762207,8.038553633253077,7.9059835444482776,7.923200801601839,3274500
2008-05-02,8.193506240844727,8.25376583020007,8.136690596086128,8.25376583020007,3700000
2008-05-05,8.059216499328613,8.195229753132004,8.045442360971508,8.116032151917825,2897000
2008-05-06,8.143580436706543,8.147023561511313,8.033392233309598,8.134971803730188,3170500
2008-05-07,7.957635402679443,8.145298765468947,7.936975020124025,8.141855642031079,5318500
2008-05-08,7.850889205932617,7.92147815175897,7.840559016181935,7.881879775184667,2325500
2008-05-09,7.702826499938965,7.792354289982185,7.670114359656694,7.792354289982185,2762000
2008-05-12,7.79924201965332,7.816458461755045,7.680445203197837,7.680445203197837,3130500
2008-05-13,7.930086135864258,7.978293136808817,7.8939308851558385,7.93869476345119,3400500
2008-05-14,8.596381187438965,8.746167736716654,8.248600253616587,8.281312390740426,14698000
2008-05-15,8.69968318939209,8.703126313353645,8.524071552889438,8.599825205828985,6987500
2008-05-16,8.522348403930664,8.560226047960109,8.424212812133279,8.481028457213295,3042000
2008-05-19,8.556782722473145,8.625650947246717,8.506854142048832,8.506854142048832,3373000
2008-05-20,8.391498565673828,8.513738455208026,8.369116625631849,8.465530631373337,4204500
2008-05-21,8.200393676757812,8.396665689006698,8.169403099782457,8.338128479807148,6059000
2008-05-22,8.36223316192627,8.405275499161444,8.298531258105367,8.298531258105367,2053000
2008-05-23,8.272705078125,8.348459556209988,8.239992935792033,8.308861165573832,3431500
2008-05-27,8.267539978027344,8.303695242701986,8.198672572657296,8.298530556733136,1618000
2008-05-28,8.21072769165039,8.224501014174763,8.121199863795116,8.134973186319488,3859500
2008-05-29,8.338127136230469,8.396664335997539,8.265816622570686,8.30885894682896,2657500
2008-05-30,8.675577163696289,8.747887671703241,8.651473661027303,8.747887671703241,4855000
2008-06-02,8.844304084777832,9.014751016383531,8.77543668741982,8.913171482135844,5950500
2008-06-03,8.751335144042969,8.904564850208384,8.701405736128692,8.761665338060947,4736000
2008-06-04,8.92005729675293,9.002697997776508,8.870127907058086,8.94760392343945,4684000
2008-06-05,8.935554504394531,8.959658014278798,8.851191398835365,8.908007049552346,5716500
2008-06-06,8.66008472442627,8.839139483308456,8.66008472442627,8.780602271658104,3945500
2008-06-09,8.561948776245117,8.71001378599038,8.522349564994736,8.66869301267942,3413000
2008-06-10,8.431096076965332,8.479303895861802,8.391497706081791,8.44831333106347,6105500
2008-06-11,8.23482608795166,8.489636090461197,8.222774335620349,8.489636090461197,6663000
2008-06-12,8.233104705810547,8.345014423443835,8.174567504501766,8.345014423443835,3762500
2008-06-13,8.377726554870605,8.384612801513809,8.26065133133135,8.307136780029262,3302500
2008-06-16,8.498245239257812,8.513740938245556,8.379449258827426,8.453481346118435,2967500
2008-06-17,8.506855010986328,8.592939685023303,8.499967941516225,8.539567154281807,2110000
2008-06-18,8.38805866241455,8.513741722975546,8.353624958438447,8.47069938776435,7112500
2008-06-19,8.341570854187012,8.3673967431617,8.274425841552327,8.339849292448188,3879500
2008-06-20,7.952469348907471,8.255486356603285,7.947304664106335,8.255486356603285,5364000
2008-06-23,8.016173362731934,8.079875257166972,7.954192209214181,8.06265881738816,6013000
2008-06-24,7.8853254318237305,7.952471276296462,7.861221921648531,7.952471276296462,4550500
2008-06-25,7.957635402679443,8.021337291100535,7.768249657206903,7.8767154341767025,3986000
2008-06-26,7.842283725738525,8.036835026670916,7.807850019735009,8.023060887498064,9329500
2008-06-27,7.5599260330200195,7.757920432725505,7.42219122677144,7.635680504842419,6770500
2008-06-30,7.53065824508667,7.671836182829723,7.511719420866798,7.542710000236339,5439000
2008-07-01,7.437685966491699,7.437685966491699,7.306837424859091,7.403252269372186,4596000
2008-07-02,7.334385395050049,7.470398631458391,7.317168134787754,7.454902933029494,3069500
2008-07-03,7.3980889320373535,7.5151633723714655,7.380872488912614,7.380872488912614,2522500
2008-07-07,7.394644260406494,7.491058292046514,7.341271738054816,7.47384185252401,2839500
2008-07-08,7.222475528717041,7.244857474053365,7.1071218574700445,7.160494378109926,6040500
2008-07-09,6.959057331085205,7.139834467551982,6.948727138633029,7.024481609627584,6261000
2008-07-10,7.088183879852295,7.101957195266375,6.981438838223855,7.0244811672364795,3686500
2008-07-11,6.965944766998291,6.9969353459888435,6.85231346499717,6.890190292009464,6578000
2008-07-14,6.941840648651123,7.143278162990543,6.900519880284833,7.143278162990543,3915500
2008-07-15,6.9521708488464355,7.0399770712450715,6.8402611185274225,6.847147776435804,4092000
2008-07-16,7.153608322143555,7.153608322143555,6.9986562624476,7.0589150319008445,4255000
2008-07-17,7.275847434997559,7.315446641392808,7.193206719472214,7.315446641392808,3897500
2008-07-18,7.1363911628723145,7.167381739443478,7.031368500061575,7.079575516307269,5097000
2008-07-21,7.1312255859375,7.215587853823146,7.114008327450757,7.1243385183499885,3388000
2008-07-22,7.144999980926514,7.1604948591371365,6.986604791130966,7.127782719835426,4372000
2008-07-23,7.069246292114258,7.148443895775704,7.0399780943705865,7.091628241430846,3855000
2008-07-24,7.150164604187012,7.243135514566626,7.134669726111805,7.155330110854872,3272000
2008-07-25,7.026203632354736,7.07268909095617,6.9676664185960515,7.058915773771347,4276000
2008-07-28,6.874695301055908,7.015873234773679,6.874695301055908,6.991769725161583,2124500
2008-07-29,6.487314701080322,6.662926725204226,6.415004181515584,6.552738973618391,13201000
2008-07-30,6.463210582733154,6.495922715905567,6.404673383727168,6.478705868522511,10863500
2008-07-31,6.485592842102051,6.540686920611148,6.454602679491959,6.463210898362858,7617500
2008-08-01,6.513140678405762,6.58028651784035,6.473541881596807,6.507975582258325,4363500
2008-08-04,6.373683929443359,6.4218913568558005,6.353023955251249,6.375405901820938,2235000
2008-08-05,6.609554767608643,6.609554767608643,6.406395698320315,6.406395698320315,2830000
2008-08-06,6.795497894287109,6.797219456312885,6.705970101232768,6.705970101232768,3695000
2008-08-07,6.626772403717041,6.712856660970102,6.597503797299212,6.712856660970102,3290000
2008-08-08,6.7627854347229,6.778280723672221,6.552739689622052,6.552739689622052,4079500
2008-08-11,6.8643646240234375,6.912571639847166,6.785167031899812,6.785167031899812,4052500
2008-08-12,6.7524542808532715,6.795496607202337,6.724907241247715,6.781722882158536,3161500
2008-08-13,6.602668762207031,6.697361648539451,6.5647915255776415,6.697361648539451,3041500
2008-08-14,6.5630693435668945,6.635380275579767,6.4873148774650025,6.635380275579767,3107500
2008-08-15,6.606112480163574,6.637103061233063,6.540688604264896,6.637103061233063,2383500
2008-08-18,6.719743728637695,6.78344603794444,6.66809276381372,6.757620555532453,3944000
2008-08-19,6.568236351013184,6.719744916828435,6.518307349842933,6.719744916828435,4180500
2008-08-20,6.4838714599609375,6.528635348678824,6.423612284267925,6.528635348678824,2922500
2008-08-21,6.501089572906494,6.521749959557752,6.427057068048996,6.4787076241950095,2081000
2008-08-22,6.607833385467529,6.714578018884103,6.525192259779256,6.714578018884103,1882000
2008-08-25,6.645711421966553,6.693918856704695,6.583730669007315,6.687032197594148,3064500
2008-08-26,6.631936550140381,6.656040056621859,6.599224413925769,6.6302149883865775,2191000
2008-08-27,6.597503662109375,6.709413399486264,6.5596264255013255,6.709413399486264,2225500
2008-08-28,6.65776252746582,6.680144473869707,6.587173154006604,6.647432335205243,1727000
2008-08-29,6.576842784881592,6.637101964459742,6.576842784881592,6.588894538700806,2108000
2008-09-02,6.487314701080322,6.631936561173918,6.45288100305462,6.461489632802075,3435000
2008-09-03,6.4838714599609375,6.502809870386947,6.41844718860955,6.425334256475418,2445500
2008-09-04,6.335806369781494,6.4477156791643315,6.309980891934965,6.4477156791643315,4658000
2008-09-05,6.20840311050415,6.265218767274689,6.132649038304152,6.265218767274689,3594500
2008-09-08,6.366797924041748,6.377128117437801,6.265218373117456,6.294486980751516,2624000
2008-09-09,6.098214626312256,6.318590568696198,6.077554240610535,6.203237295837741,5608500
2008-09-10,6.087884902954102,6.194629553174865,6.0413994420224215,6.194629553174865,3898000
2008-09-11,5.982861518859863,5.993191711996319,5.855456898129241,5.883003942999082,7195500
2008-09-12,6.008686065673828,6.050006421300682,5.857177547732615,6.02418135296467,3667000
2008-09-15,5.805527210235596,5.88300323900567,5.738381373365809,5.765928414939214,5067000
2008-09-16,5.796919345855713,5.8347961711682945,5.657462567620555,5.683288048953769,5551500
2008-09-17,5.509397029876709,5.717721190628777,5.469798236030682,5.717721190628777,8746000
2008-09-18,5.4697980880737305,5.514561976469869,5.270082562486223,5.373383653947136,8331000
2008-09-19,5.617863655090332,5.681565960434299,5.388879504037812,5.629915409305507,15004500
2008-09-22,5.559327602386475,5.686732239577757,5.536945651193117,5.548997407915359,3016000
2008-09-23,5.3957672119140625,5.629916504684698,5.36994172608391,5.514563625768419,6751500
2008-09-24,5.4697980880737305,5.659183422418736,5.412982446722023,5.659183422418736,5723000
2008-09-25,5.605279445648193,5.641801429318311,5.533974087271728,5.53571352552668,4672000
2008-09-26,5.636582374572754,5.655713287531877,5.1670121298392475,5.43484117945769,4267500
2008-09-29,5.349623203277588,5.582669318926607,5.198317399950067,5.518320897663496,4493000
2008-09-30,5.368754863739014,5.3896248058050515,5.220927489589897,5.227883998730045,4509500
2008-10-01,5.304407596588135,5.328755591262853,5.226146125898586,5.2870161125853805,7035500
2008-10-02,4.855705738067627,5.00875100439706,4.834835797090022,5.00875100439706,4030000
2008-10-03,4.867877960205078,5.107880535505454,4.808747035152669,4.9844007874099505,5929000
2008-10-06,4.60178804397583,4.791355641136799,4.377437915015903,4.791355641136799,8857500
2008-10-07,4.400049209594727,4.77918377607545,4.400049209594727,4.77918377607545,5006500
2008-10-08,4.156566143035889,4.314828421022571,4.0765652852772,4.175696638710213,9825500
2008-10-09,4.088739395141602,4.433090815289993,4.000042591054357,4.41222088147054,12606500
2008-10-10,3.655691623687744,4.024391069194428,3.530472834552705,4.000043086486359,25164000
2008-10-13,4.3287434577941895,4.3287434577941895,3.946130499505445,4.087001357089487,28966500
2008-10-14,4.556571006774902,4.853965546307174,4.379177779942416,4.853965546307174,21179500
2008-10-15,4.074828147888184,4.4817891725877965,4.045262668922353,4.4817891725877965,9219500
2008-10-16,4.12874174118042,4.177437723163069,3.813955638099819,4.177437723163069,9975000
2008-10-17,4.158305644989014,4.304393950318369,4.038304344525934,4.128740179306018,3855500
2008-10-20,4.626136779785156,4.626136779785156,4.401786219614338,4.485265546032021,6995500
2008-10-21,4.4070048332214355,4.579180599367195,4.361786904983693,4.579180599367195,12363000
2008-10-22,4.066131114959717,4.2783072903954515,3.9843908036628317,4.2626548374264095,9836500
2008-10-23,3.732215166091919,3.9391743258925116,3.5583003587294804,3.83656446515499,23307000
2008-10-24,3.446993827819824,3.64177873270485,3.4261240980303653,3.434819836052869,16796000
2008-10-27,3.3356878757476807,3.516559537673631,3.325252908383422,3.431341190392785,8172000
2008-10-28,3.824389696121216,3.824389696121216,3.49047313150169,3.603517952988456,18546000
2008-10-29,3.6748223304748535,3.810476095496898,3.3878627618863018,3.693953244811094,15126500
2008-10-30,3.939173698425293,4.000043663983424,3.881781779673031,3.9165647356049753,7668000
2008-10-31,4.041781902313232,4.109608770202515,3.8869976709679777,3.9304765600186715,5421000
2008-11-03,4.041781902313232,4.095695757907726,4.017433923474643,4.064390858276327,3545500
2008-11-04,4.3287434577941895,4.330482481326168,4.14439328010052,4.14439328010052,4676000
2008-11-05,4.262654781341553,4.434830517799153,4.2330893136638075,4.3913520352067605,6667000
2008-11-06,3.7843897342681885,4.078305860684096,3.7635197931184385,4.003522457758259,8232000
2008-11-07,4.050479412078857,4.067870891494379,3.8296072503207137,3.881782103212855,8304000
2008-11-10,4.071348667144775,4.191349979283302,4.000043323305387,4.187871518128147,4180000
2008-11-11,3.8991730213165283,3.9896084524711144,3.822650191187741,3.9896084524711144,5230500
2008-11-12,3.671344041824341,3.8243888585468997,3.633082630320962,3.7948233920128938,9604500
2008-11-13,3.827867269515991,3.827867269515991,3.504385750353062,3.6400390900122876,13418500
2008-11-14,3.6730833053588867,3.815693577955538,3.6469958833888567,3.690474781790405,7481500
2008-11-17,3.6383004188537598,3.74091025606484,3.6191699188238258,3.683518341329525,8512500
2008-11-18,3.5843868255615234,3.652213291984922,3.504385952707775,3.6069953712723253,8897000
2008-11-19,3.3043830394744873,3.51655938708449,3.2904698193588544,3.4782979799358213,7923500
2008-11-20,3.1895997524261475,3.3496014988444824,3.1548168001304657,3.2991660936220946,11233000
2008-11-21,3.459167003631592,3.5009066606876247,3.253947593243521,3.4939501548396352,14304000
2008-11-24,3.641780376434326,3.716563798646148,3.483517582740485,3.5217790131671207,12524000
2008-11-25,3.486994504928589,3.566995378431417,3.398297685997171,3.565255940558399,9072500
2008-11-26,3.5356900691986084,3.561777487863468,3.3809058241749828,3.4174280029830597,10431500
2008-11-28,3.370471715927124,3.4069939040456263,3.3096015406114736,3.4069939040456263,3033000
2008-12-01,3.1687302589416504,3.31655781722815,3.1582952895452623,3.31655781722815,9262500
2008-12-02,3.3426456451416016,3.3513413849164233,3.2435140458504,3.269601265174866,10211000
2008-12-03,3.382645845413208,3.3861240996075206,3.2243831026828444,3.299166500813054,8549500
2008-12-04,3.206991672515869,3.3026450118929755,3.160034721881027,3.2435138604111784,5395000
2008-12-05,3.2939491271972656,3.307862143569091,3.1461213586803174,3.156556328281955,7380000
2008-12-08,3.485255479812622,3.526995359380287,3.384384864374272,3.4348202757548343,6755500
2008-12-09,3.565256118774414,3.6800399504382875,3.5339516258867767,3.5687345800488277,12672000
2008-12-10,3.626126289367676,3.6417787422428254,3.5565603850054512,3.5948213836173766,10280000
2008-12-11,3.659170389175415,3.7443887503915265,3.62612645866693,3.6783008893745563,10104500
2008-12-12,3.692214012145996,3.7252579436130544,3.561778138915868,3.62090907917074,8550500
2008-12-15,3.650475025177002,3.6852579845254407,3.580909106480124,3.580909106480124,9945000
2008-12-16,3.7113444805145264,3.7200400108479124,3.5009073389844567,3.560038272117014,12635500
2008-12-17,3.61395263671875,3.652213638921263,3.5548212807453035,3.598300182374702,8008500
2008-12-18,3.4939517974853516,3.6087356492005216,3.4504728898648085,3.600039701818176,6707000
2008-12-19,3.4939517974853516,3.589604730817598,3.4609078608653863,3.589604730817598,8443500
2008-12-22,3.4939517974853516,3.5635177179617465,3.441777149805259,3.5078648157223933,4603000
2008-12-23,3.4191677570343018,3.5130818623385625,3.4000372556869163,3.506125354089108,4465000
2008-12-24,3.4574286937713623,3.4643852010538208,3.4348197341192597,3.4452544950429473,1337000
2008-12-26,3.537429094314575,3.544386015726277,3.4835156485693317,3.4835156485693317,2394500
2008-12-29,3.6452572345733643,3.6556922044332367,3.5826478300596767,3.643518211145235,4438000
2008-12-30,3.7478671073913574,3.747867107391358,3.6556922307092057,3.6956926723625294,3680500
2008-12-31,3.8035199642181396,3.8069980110630683,3.711345088498781,3.711345088498781,4975500
2009-01-02,3.8087375164031982,3.8348245267831143,3.758302104450992,3.791346037934736,8270500
2009-01-05,3.726996898651123,3.7896062990981023,3.6974314290655674,3.7322143832421646,7852500
2009-01-06,3.9739561080932617,4.020913050682084,3.926998750858955,3.9530861715446806,10122500
2009-01-07,4.133957386016846,4.22961028364006,4.062652053896252,4.182653346312964,14056500
2009-01-08,4.2104811668396,4.217437675640807,4.099175782083559,4.099175782083559,11958000
2009-01-09,4.095697402954102,4.198307257439259,4.081783970425533,4.153089327351184,9405500
2009-01-12,4.0174336433410645,4.088738966654669,3.9617811833971097,4.076564978084261,13584500
2009-01-13,3.867868185043335,3.9009121161757925,3.8087372453872184,3.8209112379843293,11077500
2009-01-14,3.881781816482544,3.9565652139099208,3.8417813753169447,3.9443908060373074,12070500
2009-01-15,3.92352032661438,3.9409118005145407,3.7669966468674874,3.8591719146483294,10831500
2009-01-16,3.9704790115356445,4.036566890219603,3.878304117846902,4.005261974639109,9115000
2009-01-20,3.744389057159424,3.9130863554704547,3.740910595635728,3.9130863554704547,9556500
2009-01-21,3.926999568939209,3.926999568939209,3.7878677353524135,3.852216166921749,13497000
2009-01-22,3.361776113510132,3.5478651086264077,3.273079485794472,3.5113431263432675,20938000
2009-01-23,3.533951997756958,3.5843874109927985,3.4052547220984137,3.4678641291074634,14097000
2009-01-26,3.4574286937713623,3.5182988581224706,3.4104715439851714,3.462646177894577,6979500
2009-01-27,3.5791704654693604,3.598300970762109,3.4887345956388636,3.4887345956388636,8529500
2009-01-28,3.6400389671325684,3.6713438699824708,3.589603566749143,3.5913430044488877,8495000
2009-01-29,3.5252559185028076,3.6174307947323148,3.5200384335609916,3.5704738449015165,8504500
2009-01-30,3.3426456451416016,3.5096037244245073,3.3182974493784263,3.4452552915553833,8250000
2009-02-02,3.3843846321105957,3.4035153398252813,3.304383754623607,3.3426451700529776,8166000
2009-02-03,3.459167003631592,3.4922107173935895,3.384383632813562,3.39134034598425,6953500
2009-02-04,3.473081111907959,3.560038493886138,3.441776412931264,3.483516080674441,6877500
2009-02-05,3.591343402862549,3.6174304101526955,3.486994544410953,3.486994544410953,9601500
2009-02-06,3.63134503364563,3.6765629700996723,3.572213662704229,3.589605144829196,7415500
2009-02-09,3.554821729660034,3.582648180459402,3.49047329542464,3.5617786533440676,6352000
2009-02-10,3.360036849975586,3.5026469291583466,3.3426453718478646,3.497429444255476,9889000
2009-02-11,3.3843846321105957,3.431341786078867,3.3356884548282006,3.398297855237389,7227500
2009-02-12,3.3774280548095703,3.3843845625686453,3.2782964716448406,3.321775163445948,9455000
2009-02-13,3.2174265384674072,3.2800359421697753,3.2174265384674072,3.2748184573074495,8039000
2009-02-17,3.019162654876709,3.106120231921558,3.0017711809322836,3.1009027482736857,10360000
2009-02-18,2.9930760860443115,3.0469897497668503,2.954814876623204,3.0469897497668503,9178000
2009-02-19,2.953075885772705,3.066120707166324,2.935684406684884,3.066120707166324,6033000
2009-02-20,2.8869881629943848,2.935684344879634,2.831335472549577,2.9009013874362815,13521000
2009-02-23,2.733943223953247,2.8730750595879315,2.720029998925221,2.8469878404064284,12244500
2009-02-24,2.918292284011841,2.9443794968904315,2.789595242750483,2.789595242750483,15933500
2009-02-25,2.966989040374756,3.0156852221341452,2.8991623564646347,2.9791632413066877,16592000
2009-02-26,2.826117992401123,2.9565542903641333,2.805248259363242,2.909597131875426,12079000
2009-02-27,2.8800313472747803,2.9322057778753203,2.8626398704079334,2.9322057778753203,17349500
2009-03-02,2.862640380859375,2.9652502370642924,2.8209007045424817,2.9322063007314023,21010500
2009-03-03,3.019162654876709,3.071337284032708,2.961770749395561,3.062641547060495,18865500
2009-03-04,3.1791656017303467,3.2209052796174182,3.1148171648925973,3.1374261311660776,15092500
2009-03-05,3.0452511310577393,3.116556281930883,2.9982939692363644,3.0661208655767975,12619500
2009-03-06,3.000032901763916,3.0765555304861505,2.9148145339134346,3.0765555304861505,12714500
2009-03-09,3.057425022125244,3.163513129381231,3.0313378030284723,3.053946767710232,14130000
2009-03-10,3.184382200241089,3.21916515179536,3.067859353998828,3.095685590848598,7753500
2009-03-11,3.196556806564331,3.262644464405279,3.1739478437078525,3.219165562098038,10251500
2009-03-12,3.2174265384674072,3.2296005315976535,3.088729476928711,3.1409039109064274,7756500
2009-03-13,3.370471715927124,3.396558933919546,3.3130797948792408,3.3356887586038955,7184000
2009-03-16,3.3896021842956543,3.486994748125457,3.3861239302752812,3.4261243698164847,5776000
2009-03-17,3.5565600395202637,3.5565600395202637,3.4017755856337195,3.462645953360451,8511000
2009-03-18,3.6296045780181885,3.6730834784688686,3.466124774786324,3.499168705957199,9876000
2009-03-19,3.568735122680664,3.659170983111122,3.556561128337423,3.6000396203282006,6899500
2009-03-20,3.4661245346069336,3.5652559066048877,3.443515574282515,3.5530819148372,6697500
2009-03-23,3.7722151279449463,3.7722151279449463,3.5826478879145047,3.6035178279712707,7976500
2009-03-24,3.7217788696289062,3.793083782922491,3.70438739702227,3.7826488164294263,6275000
2009-03-25,3.760040521621704,3.8156934096053328,3.680039650637296,3.7704754899493205,24061000
2009-03-26,3.9756953716278076,3.9948258715236475,3.885259527310184,3.8974335194844008,10716000
2009-03-27,3.895237445831299,3.949459254163886,3.867251848395525,3.9127283921015255,11206500
2009-03-30,3.6293747425079346,3.7343204156991576,3.583898200721664,3.713331114254099,12439000
2009-03-31,3.608384609222412,3.6748504371313824,3.5891446986778397,3.5891446986778397,9755000
2009-04-01,3.905730724334717,3.9337163119350054,3.720326675626825,3.76055587961157,17886000
2009-04-02,4.259048938751221,4.35175098611442,4.078892169065852,4.089386819147914,22711500
2009-04-03,4.2380595207214355,4.2625467564777235,4.183837307813133,4.259048401219557,8270500
2009-04-06,4.168097019195557,4.190835295020817,4.075394946067069,4.190835295020817,6782500
2009-04-07,4.134862899780273,4.173342723126063,4.103378953024303,4.127866189156526,5580000
2009-04-08,4.085888862609863,4.120870754956208,4.047408614222064,4.098132483229379,5573500
2009-04-09,4.545899868011475,4.554645547033092,4.370990457748407,4.37273942674596,21608000
2009-04-13,4.5196638107299805,4.544151045553085,4.404223095813326,4.404223095813326,6565500
2009-04-14,4.442702770233154,4.54065211411039,4.439204832569222,4.468939387797096,7284000
2009-04-15,4.372738838195801,4.383233484802441,4.287033113597409,4.288782082359558,7180500
2009-04-16,4.405972957611084,4.447951138557058,4.323765147944943,4.337758152938259,6525500
2009-04-17,4.612366676330566,4.65084650457261,4.551148161193473,4.607119351203558,7887500
2009-04-20,4.49517822265625,4.649098829527492,4.4706909765908875,4.649098829527492,11864500
2009-04-21,4.587879180908203,4.591377536787861,4.43570799794115,4.461944624496003,6528500
2009-04-22,4.465442180633545,4.57913352426524,4.40247469931576,4.461944242070721,8634000
2009-04-23,4.526660442352295,4.526660442352295,4.4234637541496875,4.4689402890875805,5918000
2009-04-24,4.654344081878662,4.7120642316049,4.544151106675565,4.5511474000024235,11383000
2009-04-27,4.601871967315674,4.684079364894087,4.537155514264945,4.559893783852635,5872500
2009-04-28,4.507420539855957,4.563391729233349,4.4252131421571095,4.460195031263726,3672500
2009-04-29,4.572137355804443,4.638602777512097,4.507420486409271,4.547649700106564,6168500
2009-04-30,4.5231614112854,4.6368527316466555,4.509168825864128,4.5616416467192655,7862000
2009-05-01,4.619362831115723,4.624610156084027,4.540653373608159,4.549399054227669,3485000
2009-05-04,4.762787342071533,4.762787342071533,4.638601382647385,4.642099737271387,4290000
2009-05-05,4.766287326812744,4.789025599092702,4.713814487016777,4.754043705895391,5112500
2009-05-06,4.851992130279541,4.860737810357057,4.759290089946157,4.799519300865379,6214500
2009-05-07,4.766287326812744,4.89746963481119,4.713814487016777,4.872982392976485,6889500
2009-05-08,4.886974334716797,4.913210959640474,4.801268582655459,4.808265293979777,4292000
2009-05-11,4.713814735412598,4.768036964637628,4.698073174556244,4.71556412207659,6848500
2009-05-12,4.694573402404785,4.747046229140497,4.6246096334238365,4.710315375530586,5151500
2009-05-13,4.521413326263428,4.673584494789928,4.496926088480679,4.6053696892377065,7655000
2009-05-14,4.593125820159912,4.738301103717385,4.468940251728192,4.5284093736804545,20081000
2009-05-15,4.631606101989746,4.713813491948042,4.587878536215306,4.657842724857805,7201000
2009-05-18,4.587879180908203,4.6088684821520856,4.479435569860228,4.479435569860228,10639500
2009-05-19,4.556394577026367,4.633354635168983,4.554645608005402,4.568638194206993,7487500
2009-05-20,4.566889762878418,4.677082747494782,4.558144082710032,4.605369587971762,6552000
2009-05-21,4.509170055389404,4.629857701369461,4.47593713468105,4.629857701369461,6496500
2009-05-22,4.510919094085693,4.563391930054793,4.498675474061273,4.523162714110113,4451000
2009-05-26,4.649096488952637,4.6700857847371635,4.484681311679998,4.503921638488123,5273500
2009-05-27,4.47068977355957,4.58962844918412,4.451449859259417,4.54939923418051,5616000
2009-05-28,4.500424861907959,4.5144178696775805,4.419966422538111,4.507421157284235,6245500
2009-05-29,4.587879180908203,4.605370126272428,4.523162724762274,4.593126506219173,5784000
2009-06-01,4.7820281982421875,4.818759469518963,4.7085660727056,4.7085660727056,4998000
2009-06-02,4.897468566894531,4.916708895869548,4.817010146681651,4.8414973831767965,8203000
2009-06-03,4.787275791168213,4.86948318408365,4.738301316075437,4.86948318408365,5552000
2009-06-04,4.846744537353516,4.874730128228705,4.792522741731993,4.792522741731993,4915000
2009-06-05,4.867733478546143,4.935948273121817,4.851991506640158,4.921955270199745,6436000
2009-06-08,4.818758964538574,4.864235076801605,4.7348021988639895,4.747045815667526,10731000
2009-06-09,4.83450174331665,4.87298198945404,4.792523558359424,4.84149803797335,6220500
2009-06-10,4.785528182983398,4.864237242770763,4.712066032433699,4.862488273024875,3495500
2009-06-11,4.796022891998291,4.857241003996705,4.761040577548624,4.761040577548624,3135000
2009-06-12,4.773282051086426,4.782027312234991,4.722558201970706,4.724307170797042,1922000
2009-06-15,4.58962869644165,4.703319635998198,4.554646804729321,4.703319635998198,3553000
2009-06-16,4.540653705596924,4.65959238521299,4.538904736151949,4.647348765064092,3881000
2009-06-17,4.6158647537231445,4.63510508543913,4.537155708487761,4.558144592609249,3664000
2009-06-18,4.544151782989502,4.584380996877504,4.5091698941318485,4.544151782989502,3856000
2009-06-19,4.587879180908203,4.62635942751631,4.566890296681352,4.598373831530144,3977000
2009-06-22,4.428710460662842,4.516165162947338,4.405972196367181,4.516165162947338,4349000
2009-06-23,4.5144171714782715,4.554646384941349,4.486431577284347,4.516166140797577,4354500
2009-06-24,4.5301594734191895,4.6123673001834655,4.503923261252542,4.5459014509294216,3943000
2009-06-25,4.636853218078613,4.645598480630108,4.4864310324437024,4.495176294995197,2598000
2009-06-26,4.600122928619385,4.629857492166487,4.566890009412681,4.608868192242882,2494000
2009-06-29,4.649096488952637,4.677082077659698,4.603619959430778,4.666587429767434,2646500
2009-06-30,4.5231614112854,4.6368527316466555,4.495175823425945,4.6368527316466555,6424500
2009-07-01,4.544151782989502,4.5896283219078535,4.523162482868106,4.542402396634713,2259000
2009-07-02,4.405972957611084,4.468940437538539,4.381485720144014,4.4601947572905924,3257500
2009-07-06,4.419966697692871,4.433959706333595,4.376239536106211,4.383235831918025,2604500
2009-07-07,4.257298946380615,4.355248295247611,4.241556975040319,4.355248295247611,4151500
2009-07-08,4.267794609069824,4.295780203547978,4.227565395198167,4.25904892835046,6470500
2009-07-09,4.2765398025512695,4.297529102319493,4.234561620031826,4.269543508300863,4036500
2009-07-10,4.171595573425293,4.2205704840671725,4.12786798953137,4.215323157319216,4282500
2009-07-13,4.211822986602783,4.215321341933856,4.129615597983768,4.14185921611707,4698500
2009-07-14,4.332510471343994,4.351750382480991,4.290532293855569,4.299277556366221,5107000
2009-07-15,4.412969589233398,4.414718558610006,4.343005809964885,4.350002104488333,8461500
2009-07-16,4.336009502410889,4.3535004471754535,4.2625473675929095,4.273042017855052,6184500
2009-07-17,4.257298946380615,4.273040917720912,4.22406603477896,4.238059037198193,4881000
2009-07-20,4.308023452758789,4.327263364864319,4.283535799058964,4.299277772790929,4207000
2009-07-21,4.309772968292236,4.3482532143983805,4.271292722186092,4.329012882836795,3494500
2009-07-22,4.320266246795654,4.344753478806354,4.2677934280512,4.297527983638035,4122500
2009-07-23,4.421715259552002,4.440955173699622,4.306274523615233,4.306274523615233,6632000
2009-07-24,4.439206123352051,4.4479513870716225,4.3674929591699145,4.435707767654016,4169500
2009-07-27,4.334259510040283,4.362245101154264,4.304524949799478,4.362245101154264,6577000
2009-07-28,4.29403018951416,4.302775868955125,4.250303043360178,4.287033896171557,7393500
2009-07-29,4.341256618499756,4.350001881952424,4.288783369715761,4.288783369715761,11660000
2009-07-30,4.771533966064453,4.783777585220448,4.6123665000195295,4.650846326790654,11370000
2009-07-31,4.890471935272217,4.934199497720981,4.825755493142276,4.831002817316805,6559000
2009-08-03,5.0059123039245605,5.0461415118206725,4.925453888132337,4.9411958608787145,5669500
2009-08-04,4.897468566894531,4.942945101538069,4.869482975035663,4.942945101538069,5408000
2009-08-05,4.907963752746582,4.928953053190549,4.844996268431697,4.928953053190549,4053500
2009-08-06,4.946444511413574,5.019906236560007,4.91321158793282,5.019906236560007,3801000
2009-08-07,4.95693826675415,5.016407390747517,4.94644361733956,4.94644361733956,4598500
2009-08-10,5.0111613273620605,5.072379853011371,4.9499428017127505,5.072379853011371,4646500
2009-08-11,4.949941158294678,5.0059123393330704,4.925453922971737,5.0059123393330704,3206500
2009-08-12,4.993669033050537,5.03914556835279,4.909712256257846,4.920206905484054,2963000
2009-08-13,4.972679138183594,4.984922755140033,4.914958991379278,4.9586865522382135,3005500
2009-08-14,4.8834757804870605,4.9971671124633374,4.848493896343123,4.972679459949018,7284500
2009-08-17,4.726058483123779,4.801269601170522,4.7173132176387185,4.797771661783335,3744000
2009-08-18,4.822257995605469,4.836251001565029,4.7662868058012595,4.7662868058012595,3230500
2009-08-19,4.666588306427002,4.698072256018328,4.558144286196326,4.598373499329464,6444000
2009-08-20,4.635104179382324,4.64909676606142,4.586129291971595,4.624609530864529,3196500
2009-08-21,4.654344081878662,4.680580703125565,4.601871256401804,4.61061651880614,6348000
2009-08-24,4.649096488952637,4.6788310466361,4.629856579161436,4.650845457929039,3227500
2009-08-25,4.694573402404785,4.748795198259933,4.670086166664845,4.684078753654251,5235000
2009-08-26,4.727806568145752,4.754042774394517,4.684079001708504,4.698072006455894,2923500
2009-08-27,4.766287326812744,4.780280334301905,4.685828889055517,4.696323540418122,5772000
2009-08-28,4.7750325202941895,4.831003710492727,4.748795894570806,4.818760090827488,2590500
2009-08-31,4.677082538604736,4.720809686442753,4.628107649286479,4.720809686442753,3853000
2009-09-01,4.6158647537231445,4.734803431813032,4.5983738084467225,4.652596030715552,6394500
2009-09-02,4.598372936248779,4.6298568819848285,4.570387345711274,4.570387345711274,3721000
2009-09-03,4.59662389755249,4.624609487666216,4.549398396680491,4.614114839246451,2710000
2009-09-04,4.636853218078613,4.666587777980823,4.544151183141214,4.607118658176403,2633500
2009-09-08,4.705069065093994,4.731305275607254,4.671836142561288,4.68932708857581,1903500
2009-09-09,4.6508469581604,4.68058194245245,4.622861360425979,4.647349019079258,3295500
2009-09-10,4.720810890197754,4.724309246404302,4.63160718561002,4.680582087416339,2934500
2009-09-11,4.7697858810424805,4.803018806065305,4.7400513122915084,4.757542259616614,3122500
2009-09-14,4.724308013916016,4.734802662780721,4.670086217470986,4.680580866335691,4492000
2009-09-15,4.678832530975342,4.6963234773390665,4.640352699185382,4.6665889102224405,3627000
2009-09-16,4.8362507820129395,4.846745014734932,4.778530625465498,4.810014157665467,5050000
2009-09-17,4.817009925842285,4.890472048976766,4.806515277249224,4.831002929638684,5793000
2009-09-18,4.977926731109619,5.014658000980344,4.963934144408261,4.9726794068423725,5436500
2009-09-21,4.955189228057861,4.9796764670647535,4.90796371939685,4.925454663975633,3156500
2009-09-22,4.962183952331543,5.02690080211038,4.962183952331543,4.983173245991369,4195000
2009-09-23,4.923705101013184,5.019905076089959,4.918457776570474,4.976177928423324,4482500
2009-09-24,5.039145469665527,5.140592770492508,4.98492325539767,5.107360271282979,8745000
2009-09-25,5.173448085784912,5.257826193606551,5.143564155135089,5.1523533492735885,12199500
2009-09-28,5.273648262023926,5.300016687743286,5.201575263577524,5.226185514840988,4990000
2009-09-29,5.166416168212891,5.220910763870761,5.131258553838959,5.199816027601672,4068000
2009-09-30,5.133017063140869,5.219153349715566,5.096101272259228,5.212121491092115,5432000
2009-10-01,4.9255876541137695,5.096102080080907,4.922071724244708,5.045123402095048,6457000
2009-10-02,4.774409294128418,4.832419406659079,4.7374935012649875,4.809566912685675,6053500
2009-10-05,4.776166915893555,4.783198355586197,4.681241432263217,4.712883120436043,7217000
2009-10-06,4.857028961181641,4.9044916975346995,4.804292540888041,4.804292540888041,4186000
2009-10-07,4.937891960144043,4.944923399602812,4.892186974994267,4.909765783197115,4266000
2009-10-08,4.957228660583496,5.016996945416246,4.939649851894301,4.981839328037856,4837000
2009-10-09,4.999416828155518,5.009963775318939,4.960743291517143,4.98535353341804,3291500
2009-10-12,5.031059741973877,5.129501152836614,5.02227054732977,5.02227054732977,2657000
2009-10-13,4.957228660583496,5.018754700551609,4.939649851894301,5.004691402133138,9257500
2009-10-14,5.020512104034424,5.034575401467857,4.966017926648421,5.00644922571282,9371000
2009-10-15,5.136532306671143,5.159384798231317,5.038090901283892,5.045122340430447,10395000
2009-10-16,5.0767645835876465,5.117195883671779,5.027543669996952,5.041606967785082,4923500
2009-10-19,5.1875104904174805,5.212120734692491,5.134774073065977,5.143563685513789,5907000
2009-10-20,5.1171956062316895,5.210363324968375,5.062701430425789,5.203331886011455,3701000
2009-10-21,5.090826511383057,5.187510146337149,5.087311001926542,5.11895268259398,5691500
2009-10-22,5.143563747406006,5.164658063133361,5.034574982590061,5.085553226598346,4386500
2009-10-23,5.082038879394531,5.159385559644986,5.057428629193736,5.154111874728831,3915500
2009-10-26,5.125985145568848,5.205089991722242,5.071490966090809,5.168174620376975,5848000
2009-10-27,5.136532306671143,5.217394904636092,5.120711673369352,5.217394904636092,4656500
2009-10-28,5.032817363739014,5.1488375799279344,5.020512240096169,5.089069716773594,5385500
2009-10-29,5.368572235107422,5.3914247245512295,5.271889012794503,5.277162696443981,10250500
2009-10-30,5.166416168212891,5.417793572009509,5.10840606258472,5.373846344486182,11743000
2009-11-02,5.08027982711792,5.16641568083,5.015237869461353,5.097858632646559,7868000
2009-11-03,5.099617004394531,5.099617004394531,5.00469110776675,5.032817283837506,6106500
2009-11-04,5.043365955352783,5.097860566542583,5.024029387669404,5.036334514296277,3540500
2009-11-05,5.0503973960876465,5.0591870117416775,4.997660959499289,5.0222716318634095,2976500
2009-11-06,5.075006484985352,5.094343046634248,5.009964522952879,5.024027819789013,3297000
2009-11-09,5.183996200561523,5.187512130474584,5.127744255736001,5.173449249046184,4365000
2009-11-10,5.1382904052734375,5.166416161446287,5.0978591068851875,5.120711598109495,2253500
2009-11-11,5.097858905792236,5.15762676396964,5.080280099321717,5.131258344707959,2542000
2009-11-12,4.964260578155518,5.038091749402747,4.929102957392437,5.0046918839442505,3897000
2009-11-13,4.983598232269287,5.01699810221351,4.9466824321317935,4.962503489333577,2774000
2009-11-16,5.032817363739014,5.071490908839268,4.973049500584673,4.983596869167637,3407000
2009-11-17,5.001175403594971,5.0451222114714795,4.974806983579612,5.0451222114714795,3786500
2009-11-18,4.966017723083496,5.031059266100461,4.92910193555682,5.031059266100461,3009000
2009-11-19,4.742765426635742,4.89218545963281,4.695302701100883,4.89218545963281,9819000
2009-11-20,4.711124897003174,4.74628251108357,4.674209108840484,4.7304614590138465,5022000
2009-11-23,4.800776958465576,4.8165980114293445,4.76561934239843,4.7831981504320025,5608500
2009-11-24,4.6794819831848145,4.732218395180562,4.663661352964313,4.732218395180562,5480000
2009-11-25,4.827145576477051,4.8412084558313575,4.763861781158949,4.788472029584916,3467000
2009-11-27,4.690030574798584,4.749798440187322,4.614441655943938,4.654872957615579,2535500
2009-11-30,4.691787242889404,4.735734463742008,4.654871879133684,4.7128819759565355,5633500
2009-12-01,4.823629379272461,4.837692676957827,4.75331414818114,4.763861516667205,4279000
2009-12-02,4.746284008026123,4.762105065085691,4.704094941645894,4.726947020804889,3828500
2009-12-03,4.918554306030273,5.00820608224851,4.908006939625363,4.92558574392963,6636000
2009-12-04,5.0134806632995605,5.06094340150986,4.964259750965741,4.994144100835468,4750500
2009-12-07,5.001175403594971,5.034575262577153,4.992385790552579,5.022270139607258,3369000
2009-12-08,5.039849758148193,5.060944078445486,5.015239089133525,5.0451230238886025,4599000
2009-12-09,4.997658729553223,5.004690167471868,4.925585757441542,5.004690167471868,3693500
2009-12-10,4.981839179992676,5.0222704806875145,4.974807321436476,5.008207182686962,2458000
2009-12-11,5.097858905792236,5.097858905792236,5.043364312355362,5.073248241444065,2943000
2009-12-14,5.150594711303711,5.162899832455245,5.12949997840865,5.143563273375943,2327500
2009-12-15,5.096100330352783,5.115437309325467,5.0802796991537535,5.0802796991537535,3330000
2009-12-16,5.099617004394531,5.14532198812053,5.0802804417073135,5.094343320186774,2827500
2009-12-17,5.0240278244018555,5.097858980301864,5.0099645275528095,5.097858980301864,2912500
2009-12-18,5.03457498550415,5.03457498550415,4.93437541407199,4.999417373493082,3718500
2009-12-21,5.0240278244018555,5.078521999523403,4.997659404754776,4.997659404754776,3175000
2009-12-22,5.120710372924805,5.134773247646536,5.062700281252146,5.076763155973878,2313500
2009-12-23,5.1611433029174805,5.183995376829476,5.111922387515395,5.183995376829476,2904000
2009-12-24,5.152353286743164,5.17696353296648,5.133016724583676,5.17696353296648,831000
2009-12-28,5.1998162269592285,5.1998162269592285,5.157627171915374,5.166416366289917,1776000
2009-12-29,5.159384727478027,5.189268657774942,5.147079604362346,5.189268657774942,1030000
2009-12-30,5.150594711303711,5.152352466007714,5.071489882058987,5.071489882058987,2539500
2009-12-31,5.097858905792236,5.168174131674313,5.097858905792236,5.15586900905613,4213000
2010-01-04,5.277163505554199,5.305289263848018,5.185753533763723,5.189269043994523,4944000
2010-01-05,5.252552032470703,5.261341644922806,5.185752738104237,5.22442585938048,2839000
2010-01-06,5.247279644012451,5.2648584541438606,5.213880198141099,5.252553328963063,2341000
2010-01-07,5.238489627838135,5.250794751091205,5.201574258078924,5.227942259589267,3226500
2010-01-08,5.345719814300537,5.356267181734917,5.261341713049089,5.280678273937588,2870500
2010-01-11,5.379119873046875,5.4054882926209435,5.342204504754991,5.400214608706129,3016000
2010-01-12,5.549633979797363,5.5724864675280905,5.528539246780766,5.532055175320785,5805000
2010-01-13,5.829137802124023,5.853748047547101,5.735970085212254,5.762338504673986,11515000
2010-01-14,5.929337978363037,5.994379951192518,5.8713278646748215,5.90472772870425,6336000
2010-01-15,5.860780239105225,5.908242977726367,5.81331708137225,5.895937854314354,4927000
2010-01-19,5.975042819976807,5.996137558656997,5.887148773995799,5.904727583192001,3076500
2010-01-20,5.844959735870361,5.892422478952324,5.797496992788399,5.890664723760214,5179000
2010-01-21,6.040084362030029,6.143799035539946,5.987347519076729,6.108641419645639,7873000
2010-01-22,6.008440017700195,6.126217945154546,5.9978926530391545,6.0945762702831106,8128000
2010-01-25,6.117430210113525,6.150830066452929,6.055904181020507,6.13149308693444,4857000
2010-01-26,5.8889055252075195,5.96625260777373,5.8625375254645204,5.931094995375197,6073500
2010-01-27,5.843201637268066,5.878359675348873,5.741244709902923,5.801012578327727,7068500
2010-01-28,5.941643238067627,6.047116090798424,5.897696006540531,6.031295037155246,5870000
2010-01-29,5.841442108154297,5.957462299341728,5.837926598792102,5.883631154282885,4681500
2010-02-01,6.013715744018555,6.033052306394931,5.968010761027277,5.97680037426952,6458500
2010-02-02,6.224661827087402,6.256303933831157,6.108641607250677,6.110399781477677,7021500
2010-02-03,6.142041206359863,6.150830819783292,6.0506312384930165,6.1086413459297715,4917000
2010-02-04,6.061176776885986,6.240480729290127,5.892420189760626,6.071724142164767,8592000
2010-02-05,6.022504806518555,6.07348304985916,5.869568819161374,6.036567683485938,7947000
2010-02-08,5.802770137786865,5.867811684076326,5.790464595250958,5.867811684076326,3732000
2010-02-09,5.936368465423584,5.96449421904038,5.859021385642042,5.871326507627336,4068000
2010-02-10,5.9434003829956055,5.997894558911298,5.883632103961825,5.964494699908865,3095000
2010-02-11,5.98734712600708,5.98910530006466,5.899453092041561,5.955705441424219,3134500
2010-02-12,5.98734712600708,5.996136738959539,5.890663898200916,5.953947686478452,4704000
2010-02-16,6.015473365783691,6.026020733796035,5.924063401825803,5.924063401825803,3200000
2010-02-17,6.054148197174072,6.089305818622561,6.03832714178868,6.0400853162394395,3318000
2010-02-18,6.101609706878662,6.106883390937681,6.038325917282261,6.0559047244417155,5333000
2010-02-19,6.052388668060303,6.075241157215626,6.006683689749654,6.031293933728685,4099000
2010-02-22,6.113914966583252,6.15258851084287,6.087546964810837,6.15258851084287,3564500
2010-02-23,6.084031581878662,6.142041693920309,6.036568839137655,6.117431444960063,4960000
2010-02-24,6.082272529602051,6.1068827733139495,6.006683624549949,6.1068827733139495,4359500
2010-02-25,5.976800918579102,5.976800918579102,5.873085819901493,5.946916566123358,5506000
2010-02-26,5.996136665344238,6.029536523574625,5.953947613381112,6.010199542961344,3883000
2010-03-01,6.117430210113525,6.129735332109772,6.047114987785381,6.047114987785381,3933000
2010-03-02,6.126221179962158,6.180715786448238,6.1051268586134,6.1051268586134,3242500
2010-03-03,6.24048376083374,6.277399557242673,6.182473642731617,6.208842068737997,3009000
2010-03-04,6.159618854522705,6.228176317516631,6.138524540678867,6.228176317516631,2713500
2010-03-05,6.388145923614502,6.395177363975676,6.293220011847009,6.309041066993575,8062000
2010-03-08,6.460216999053955,6.48482724255325,6.437364510344102,6.4619751729551735,6773000
2010-03-09,6.5305328369140625,6.562174940783916,6.47252273226448,6.47252273226448,4102500
2010-03-10,6.618427753448486,6.6553431247671275,6.560417644740996,6.581511963018,4692500
2010-03-11,6.709836483001709,6.713352411840157,6.6342475754253085,6.6342475754253085,4699500
2010-03-12,6.563933849334717,6.6149125240098705,6.553386479524424,6.583270414578993,3935000
2010-03-15,6.61139440536499,6.6324891380012,6.541079188726625,6.556900238203783,3002000
2010-03-16,6.604363441467285,6.62194224688837,6.563932147087611,6.577995442891547,2593000
2010-03-17,6.6447954177856445,6.662374225010799,6.618427416503826,6.639521733706916,2020500
2010-03-18,6.743236541748047,6.752026154551146,6.679952754545877,6.685226438405374,5730000
2010-03-19,6.792457103729248,6.825856540980785,6.746752125360866,6.792457103729248,4247000
2010-03-22,6.827617168426514,6.846953735795672,6.73620717884152,6.748512305268433,3302000
2010-03-23,7.108876705169678,7.110634460164145,7.0280136887468165,7.050866599234014,14794000
2010-03-24,6.803005218505859,6.882110066803974,6.774879460020345,6.85574206344584,5824000
2010-03-25,6.620185375213623,6.709837169087188,6.616669446015668,6.697532045562101,6398500
2010-03-26,6.742977142333984,6.776498054140125,6.690049586096785,6.732391546960379,3406500
2010-03-29,6.780027389526367,6.7870843140267825,6.723571572892154,6.755327943459468,2578000
2010-03-30,6.852361679077148,6.868239653249849,6.806491041176297,6.831190486005718,2808500
2010-03-31,6.760619640350342,6.815311322105171,6.748269919329278,6.765912438020916,3363000
2010-04-01,6.778262615203857,6.822369125216634,6.739448903217848,6.79061233705603,4305000
2010-04-05,6.804725646972656,6.815310820904541,6.739447954046401,6.757090471440601,2919500
2010-04-06,6.6018385887146,6.633594961883386,6.541853673969894,6.555967944757854,5537500
2010-04-07,6.504802227020264,6.534794463588476,6.4606957246000345,6.52068061836724,6987500
2010-04-08,6.501275062561035,6.510096533342436,6.398948609408238,6.4430547014226045,2808000
2010-04-09,6.494217872619629,6.511860392829751,6.439526186157509,6.476575352409506,3113500
2010-04-12,6.446583271026611,6.499510832978086,6.437761800385929,6.437761800385929,2439500
2010-04-13,6.457167625427246,6.464224548203782,6.425410841986647,6.43952510817051,4028500
2010-04-14,6.527740001678467,6.527740001678467,6.420120313932734,6.44658430948691,3520000
2010-04-15,6.473045825958252,6.511859533551165,6.437760790194078,6.455403308076165,2648000
2010-04-16,6.273685932159424,6.430704482524416,6.236636767251031,6.423647558822462,6137500
2010-04-19,6.370719909667969,6.3989480247058825,6.291328362413264,6.340727668887323,4575500
2010-04-20,6.293092250823975,6.349548478770663,6.278978404152714,6.328377288132948,5920000
2010-04-21,6.261335849761963,6.298385012535682,6.2419292055420375,6.277214242649624,4124500
2010-04-22,6.197821617126465,6.206642664548399,6.10431624304792,6.144894070702614,4748500
2010-04-23,6.171358585357666,6.171358585357666,6.1060813100974745,6.111374107619199,3555500
2010-04-26,6.18723726272583,6.229579224217849,6.160773694529881,6.162537820241389,2596000
2010-04-27,6.218994140625,6.333670305542506,6.210172670676279,6.3089708626954275,9148500
2010-04-28,6.1219611167907715,6.218995199595475,6.102554468482195,6.218995199595475,4758000
2010-04-29,6.234871864318848,6.240164661950362,6.1554807411077705,6.173123259669213,3974000
2010-04-30,6.0372748374938965,6.153715531575849,6.026689243371759,6.153715531575849,4668500
2010-05-03,6.111375331878662,6.121960929042669,6.040805244959814,6.0496262955092215,3290000
2010-05-04,5.906721115112305,6.017869027502621,5.852029011462082,6.010812103988964,4975500
2010-05-05,5.871435642242432,5.903192006018338,5.767344661071776,5.82380088626317,6214500
2010-05-06,5.857321739196777,5.949063005669529,5.5715127649500635,5.910249295862404,10339500
2010-05-07,5.804394245147705,5.894371386891505,5.680896611595644,5.855557676665667,6996500
2010-05-10,6.053154468536377,6.0743256611171175,5.920835356168478,5.920835356168478,7653500
2010-05-11,5.922599792480469,6.012576518013372,5.876729156495942,5.922599792480469,4410000
2010-05-12,5.864380359649658,5.922601151523586,5.802631735986472,5.802631735986472,5511500
2010-05-13,5.562691688537598,5.87320010357914,5.543284623413808,5.857321710468082,14218500
2010-05-14,5.5027079582214355,5.601506168647659,5.432137868007121,5.569749796303585,8642500
2010-05-17,5.410966396331787,5.4391945151019785,5.303347140440758,5.379210025609631,6146000
2010-05-18,5.36685848236084,5.4762422477615464,5.3527442174471105,5.412729107226645,7046000
2010-05-19,5.597977638244629,5.63149813498851,5.530935803495074,5.575042318001981,14740500
2010-05-20,5.410966396331787,5.497414878618343,5.363331629933105,5.497414878618343,12036500
2010-05-21,5.691481113433838,5.698538035583084,5.576804551143256,5.626203426818735,9289000
2010-05-24,5.5344624519348145,5.612089434794679,5.520348187377094,5.608560763497564,5522500
2010-05-25,5.451541900634766,5.465656164283269,5.2662952923996835,5.305108991644674,8550000
2010-05-26,5.361567974090576,5.497415360663685,5.345689577021741,5.356275175067631,7923000
2010-05-27,5.583862781524658,5.594448377543983,5.470950738790513,5.470950738790513,7119500
2010-05-28,5.43037223815918,5.522113498285111,5.421550769009778,5.520348952076751,4301000
2010-06-01,5.333338737487793,5.460365046211692,5.329810065333468,5.375680700185478,3808500
2010-06-02,5.319224834442139,5.320988960185409,5.195726778534693,5.2451260850238395,6113000
2010-06-03,5.301581859588623,5.352744866794117,5.24865388552983,5.340395146390667,6759000
2010-06-04,5.1586785316467285,5.24159834516007,5.119864813975607,5.156914405589696,5714000
2010-06-07,4.991074562072754,5.139272093328731,4.991074562072754,5.111043972107072,6724500
2010-06-08,5.049293518066406,5.0545863156042,4.955788129283415,4.989309040145835,6289000
2010-06-09,4.975195407867432,5.066936682718449,4.950495963293963,4.980488206080442,8430500
2010-06-10,4.97872257232666,4.998129212809478,4.927559152183877,4.934616074120289,6417500
2010-06-11,5.045765399932861,5.0528227445116665,4.9205036328065495,4.9205036328065495,7219500
2010-06-14,5.010479927062988,5.072228952696829,4.998130206062385,5.072228952696829,6670500
2010-06-15,5.09692907333374,5.09692907333374,5.012245140731184,5.035180460109143,9267000
2010-06-16,4.998129844665527,5.059878865834518,4.934616697947101,5.05105739682575,19841000
2010-06-17,4.984015941619873,5.026357898734345,4.955787829999962,4.998129787114434,9815000
2010-06-18,4.927561283111572,4.996367248165949,4.881690639741987,4.959318076504787,9381000
2010-06-21,5.010479927062988,5.066936155035024,4.984016359384788,5.028122445725397,7851000
2010-06-22,4.8622822761535645,4.957551781473999,4.846403885056567,4.957551781473999,6465000
2010-06-23,4.894038200378418,4.9293232303536625,4.8181753438685675,4.904623793497139,7362000
2010-06-24,4.8322906494140625,4.888746457160116,4.80759078660491,4.888746457160116,5023000
2010-06-25,4.821703910827637,4.834053628988781,4.767011821107451,4.816411114382757,4430500
2010-06-28,4.791712284088135,4.841111162980393,4.772305221125507,4.825232771637547,3235000
2010-06-29,4.735256671905518,4.7828914314391175,4.719378278517373,4.770541710125283,7149500
2010-06-30,4.707028865814209,4.804062937595903,4.689386345547616,4.745842578653059,5961000
2010-07-01,4.647043704986572,4.659393425313476,4.5605952420674445,4.6258725154942795,9004000
2010-07-02,4.65057373046875,4.729965300724095,4.615288681606588,4.691151578723332,4431500
2010-07-06,4.74231481552124,4.811120783941362,4.689387244574441,4.772307063661332,5491500
2010-07-07,4.772305965423584,4.777598763363342,4.703500012837588,4.708792810777345,4896000
2010-07-08,4.901097297668457,4.904625549550796,4.812884270515789,4.83581959027454,5295000
2010-07-09,4.915210723876953,4.918739396086803,4.8428760983064025,4.849933442726103,3408500
2010-07-12,5.0298871994018555,5.065172238181378,5.008716007881805,5.015772931511541,6023000
2010-07-13,5.156912326812744,5.171026170841475,5.086341844776857,5.109277156796603,6116000
2010-07-14,5.130447864532471,5.133976535525617,5.084577244775097,5.123390943176884,6192500
2010-07-15,5.059879302978516,5.079285947591313,5.0104799976493535,5.033415314296673,5420000
2010-07-16,4.740549564361572,4.876396922157205,4.729963968558101,4.858754402695034,7442000
2010-07-19,4.7899489402771,4.7899489402771,4.729964452099706,4.7634853686939085,6202000
2010-07-20,4.781126022338867,4.793475740337716,4.677035061342029,4.685856108213755,6078500
2010-07-21,4.703500270843506,4.793477420124139,4.682329498554021,4.768777975470973,7329500
2010-07-22,4.971665859222412,5.001658094185027,4.906388171834109,4.925795233762852,6389500
2010-07-23,5.105749607086182,5.118099327464532,5.042236458975523,5.093399886707832,6427000
2010-07-26,5.089871883392334,5.125156923573529,5.051058170940675,5.125156923573529,6590500
2010-07-27,5.243361949920654,5.292761260284509,5.167499068808666,5.171027741202824,12903500
2010-07-28,5.2151336669921875,5.253946955810077,5.160441564501157,5.243361360448534,8293000
2010-07-29,5.627968788146973,5.661489699000474,5.478007172754624,5.478007172754624,16829500
2010-07-30,5.50800085067749,5.541521770288364,5.463894333228347,5.532700298546167,7690000
2010-08-02,5.6685471534729,5.679132749537836,5.612090921547145,5.636790365278093,5698000
2010-08-03,5.541519641876221,5.647374738339746,5.534462719571472,5.580333345498485,7178000
2010-08-04,5.504471302032471,5.5203496962634455,5.430372970216301,5.500943050401714,6100000
2010-08-05,5.51682186126709,5.536228508594426,5.49565066736026,5.509764516210887,3987000
2010-08-06,5.5873918533325195,5.590920105170722,5.504471625671538,5.557399609553391,4120000
2010-08-09,5.592683792114258,5.59444791776221,5.541520362646308,5.555634209091554,3140000
2010-08-10,5.486828327178955,5.516820987339414,5.426843848119683,5.478007278202391,3313000
2010-08-11,5.257476329803467,5.377445725534961,5.248654858947367,5.377445725534961,6254000
2010-08-12,5.238069534301758,5.262768978989188,5.181613300189745,5.181613300189745,3687500
2010-08-13,5.294524192810059,5.338630694956754,5.275117550593517,5.305109786975728,3556000
2010-08-16,5.222190856933594,5.231011906431284,5.172791549601648,5.186905817681138,4315500
2010-08-17,5.29805326461792,5.324516831400342,5.2645323541047615,5.269825151587408,2589500
2010-08-18,5.271588325500488,5.296288182837263,5.236303295740221,5.269824200201695,1900000
2010-08-19,5.278646469116211,5.347451993150079,5.231011293142427,5.298053112240553,3947500
2010-08-20,5.2063117027282715,5.213368625421969,5.146327228885661,5.192197857340876,3461500
2010-08-23,5.105749607086182,5.1869052729703125,5.105749607086182,5.16926275519684,3535500
2010-08-24,4.952258586883545,5.021064522149479,4.950494461557979,5.021064522149479,5054000
2010-08-25,4.992837905883789,5.006952174598547,4.915210900160653,4.943439016959302,4501500
2010-08-26,4.94167423248291,5.003422835408699,4.925795840031646,4.973430596754629,3521000
2010-08-27,5.0951642990112305,5.103985348078943,5.02988702163918,5.040472617025096,7004500
2010-08-30,5.026358604431152,5.08457896137419,5.026358604431152,5.056350845791074,2700000
2010-08-31,4.938146114349365,5.005187522276509,4.9152107962248754,4.934617442087576,4429500
2010-09-01,5.102221965789795,5.107514764253919,4.999895510288808,5.00165963623322,3756000
2010-09-02,5.126920700073242,5.128685246403677,5.06164342224875,5.082814613167322,3990000
2010-09-03,5.278646469116211,5.289231643146254,5.225718495812007,5.261003951558409,5190000
2010-09-07,5.208077430725098,5.261005418790288,5.202784631918578,5.24336247568128,2075500
2010-09-08,5.186905384063721,5.213368950975325,5.174555663420864,5.197490979080687,4768000
2010-09-09,5.231011867523193,5.275118376576124,5.2045482985961105,5.239833337586117,4210500
2010-09-10,5.283939838409424,5.290997183262912,5.252183469092232,5.255712141518977,5227000
2010-09-13,5.3156962394714355,5.320989037408903,5.275118402371418,5.296289594121287,2466000
2010-09-14,5.271588325500488,5.283938043853508,5.246888888794448,5.273352871430016,4016500
2010-09-15,5.414494514465332,5.42155143827752,5.32804604103118,5.34216030928641,4370000
2010-09-16,5.463892459869385,5.47271392858704,5.423314629155887,5.43566476948676,4262500
2010-09-17,5.455073356628418,5.499179874680015,5.43037390842237,5.499179874680015,3878500
2010-09-20,5.562691688537598,5.580334207339608,5.4427223083054335,5.463893078489349,2938500
2010-09-21,5.462128162384033,5.493884944010683,5.423314458383938,5.4462497715707086,3587000
2010-09-22,5.342159271240234,5.421550384804691,5.331573677263434,5.386265351969206,3065000
2010-09-23,5.303347110748291,5.350981876880274,5.269826193606935,5.3068753626805005,4121000
2010-09-24,5.469186782836914,5.486829304563579,5.407438167109036,5.423316142221406,2466000
2010-09-27,5.477350234985352,5.534147242333007,5.470250714859351,5.505748738659179,3561500
2010-09-28,5.461376190185547,5.479125202712243,5.404579604002022,5.461376190185547,4048500
2010-09-29,5.582069396972656,5.614017871520744,5.558995639744531,5.564320385502545,4289500
2010-09-30,5.48799991607666,5.571420232566993,5.4542766653525385,5.53059746147196,6882000
2010-10-01,5.420553684234619,5.4667012036955684,5.395705150115604,5.4667012036955684,4724500
2010-10-04,5.409904479980469,5.445402505886245,5.365531736013324,5.443627308372063,3013000
2010-10-05,5.5856194496154785,5.608693207178543,5.530597217040561,5.548346228768318,7728000
2010-10-06,5.589169502258301,5.608693713138986,5.566095742613752,5.59094469981009,3553000
2010-10-07,5.587394714355469,5.640641754213301,5.562546180389117,5.635317007910532,7894500
2010-10-08,5.725837707519531,5.748911468863737,5.670815465928016,5.693889227272221,7671500
2010-10-11,5.722287654876709,5.738261894775788,5.706313414977631,5.7151881337559685,2635000
2010-10-12,5.660165309906006,5.667265253465292,5.5909444571466045,5.612243018314944,3096500
2010-10-13,5.6708149909973145,5.711637763558934,5.653065977847473,5.6601654984734395,3913500
2010-10-14,5.718737602233887,5.741811362928918,5.686789546055316,5.741811362928918,3732000
2010-10-15,5.702763557434082,5.741811133070291,5.6548412634997325,5.741811133070291,3348000
2010-10-18,5.848306179046631,5.866055194118719,5.786184414709373,5.786184414709373,4086000
2010-10-19,5.834106922149658,5.878479673004906,5.787959396674573,5.8145831318217045,5039500
2010-10-20,5.894453525543213,5.917527286759781,5.835881735250367,5.841206058758911,4024500
2010-10-21,5.928175926208496,5.9778734172062205,5.874928886462984,5.953024883292286,3892000
2010-10-22,5.933501243591309,5.96722449896024,5.915752228634487,5.96012497761149,3624000
2010-10-25,5.9565749168396,6.0346709200250555,5.945925423389775,5.979648678257591,2899000
2010-10-26,6.018696308135986,6.038220096141617,5.968998816162747,6.002722068947817,5214000
2010-10-27,6.0080461502075195,6.016920867608403,5.926400612066587,5.99207191278782,3546500
2010-10-28,6.002722263336182,6.0293459961786295,5.968999009459039,5.977873728129815,5582000
2010-10-29,6.006270885467529,6.080816897501527,5.9565734030549375,6.013370404906533,5812000
2010-11-01,5.8039326667785645,5.866054422949104,5.759559923346773,5.844755438394669,7149500
2010-11-02,5.805707931518555,5.827006917872148,5.787958917280521,5.81990739681091,4758500
2010-11-03,5.83233118057251,5.835881152393539,5.7453608910707965,5.789733634569371,3521500
2010-11-04,5.894453525543213,5.894453525543213,5.8447560309344935,5.857180298794201,3160500
2010-11-05,5.928175926208496,5.956574432040074,5.8731541120890896,5.929951123752245,3427500
2010-11-08,5.97609806060791,5.97609806060791,5.928175348652974,5.949474331744057,1816000
2010-11-09,5.912202835083008,5.997397939849105,5.8909038473065305,5.9938483906662965,2429000
2010-11-10,5.9565749168396,5.972549157014337,5.873154590099121,5.9618996635645125,4313500
2010-11-11,5.913976669311523,5.92462616150642,5.874928672320182,5.913976669311523,1770500
2010-11-12,5.848306179046631,5.901553224262895,5.816357698014933,5.864279996392581,2259000
2010-11-15,5.9707722663879395,6.022244094536756,5.9707722663879395,6.008045057082546,4799000
2010-11-16,5.97609806060791,6.054193626658856,5.9388248401985155,6.0399945867113445,6549500
2010-11-17,6.118090629577637,6.146489134855722,6.102116391014367,6.116315855238334,5102000
2010-11-18,6.284931659698486,6.313330166754471,6.260083124713201,6.270732617755431,6447500
2010-11-19,6.283155918121338,6.3009049294031,6.212159872994286,6.242333149856302,6021500
2010-11-22,6.277831077575684,6.288480568817812,6.169562237343576,6.2352335357769695,5105500
2010-11-23,6.114541053771973,6.17488804008531,6.103891560706685,6.126965321291516,6440000
2010-11-24,6.212160587310791,6.212160587310791,6.123415520697465,6.14293930840144,4606000
2010-11-26,6.137613773345947,6.167787049799939,6.1056657227387205,6.109215271045189,2958000
2010-11-29,6.212160587310791,6.2281348262521465,6.14293930840144,6.189086827674341,8212500
2010-11-30,6.297355651855469,6.329303704268589,6.213934914390992,6.229909152182466,5276500
2010-12-01,6.473071575164795,6.517443897648507,6.426924055099432,6.426924055099432,5106500
2010-12-02,6.4890456199646,6.5458426348426375,6.394975802105907,6.4180495629519925,3424500
2010-12-03,6.44644832611084,6.460647791978558,6.405625549392231,6.434024057957771,4070000
2010-12-06,6.490819931030273,6.499694225359773,6.434022923910117,6.453546709970873,2232000
2010-12-07,6.4073991775512695,6.469520930371936,6.3967501090181385,6.451771918590292,5602500
2010-12-08,6.45354700088501,6.4730712109957045,6.375451429951755,6.444672706155473,2540500
2010-12-09,6.425149917602539,6.453548428725911,6.3843271372070545,6.453548428725911,2174500
2010-12-10,6.359477519989014,6.359477519989014,6.2973561841652685,6.355927971181864,4436500
2010-12-13,6.368350982666016,6.412723296195306,6.3488267753969305,6.412723296195306,3514000
2010-12-14,6.323979377746582,6.348827911623619,6.299130843869545,6.34350316533999,5326000
2010-12-15,6.327529430389404,6.371901752425978,6.3044556705892365,6.313329965728607,2756500
2010-12-16,6.316878795623779,6.332853031790411,6.240558009276253,6.281380775144455,3069000
2010-12-17,6.281382083892822,6.297356323387743,6.242334083961861,6.254758351401287,2940500
2010-12-20,6.245882987976074,6.283155783920731,6.224584005624956,6.25298250770318,4258500
2010-12-21,6.432248592376709,6.453547154135272,6.329304062782511,6.336403583368699,6303500
2010-12-22,6.297355651855469,6.3523774622441085,6.268957147949458,6.332853675945525,2375000
2010-12-23,6.313329219818115,6.339952948430394,6.261857383117395,6.283155942837407,1830500
2010-12-27,6.320429801940918,6.325754125031895,6.286706550012276,6.293806070636766,1109000
2010-12-28,6.361251354217529,6.387874657244689,6.325752911565029,6.387874657244689,1428500
2010-12-29,6.366576671600342,6.402075119802461,6.354152405156028,6.398525148031298,1363500
2010-12-30,6.313329219818115,6.371900999595318,6.300904954188989,6.366576253872862,1235500
2010-12-31,6.338180065155029,6.375452873162239,6.292032537239473,6.30445680657521,1624000
2011-01-03,6.45709753036499,6.460647502465314,6.386101473717549,6.419824727576047,2372500
2011-01-04,6.418049335479736,6.47662112275619,6.382551308231575,6.453547362727899,3254500
2011-01-05,6.426923751831055,6.449997510774951,6.345278208363399,6.3559277006713275,2359000
2011-01-06,6.391425609588623,6.442897872690857,6.370126625361537,6.437573126634085,1805500
2011-01-07,6.396749973297119,6.444672261773802,6.339952967533001,6.412723787342806,4497500
2011-01-10,6.418049335479736,6.41982453306105,6.345278506571964,6.377226561827364,1924500
2011-01-11,6.45354700088501,6.4624217187843875,6.394975216892608,6.4393479600498145,2600500
2011-01-12,6.460647106170654,6.46597142923973,6.4091748413075935,6.444672867453873,2451000
2011-01-13,6.32220458984375,6.400300163220084,6.300905604754816,6.398525388852624,7195000
2011-01-14,6.368350982666016,6.377225276103962,6.270731215829928,6.28315548054492,4729000
2011-01-18,6.366576671600342,6.394975176260134,6.334628618339225,6.347052884783539,2935500
2011-01-19,6.379002094268799,6.42514919357797,6.370127375405956,6.38965116446637,6016000
2011-01-20,6.288481712341309,6.329304487412984,6.2228104019659725,6.322204966350492,4564000
2011-01-21,6.073718070983887,6.134065055229087,6.045319564839651,6.0967918307779625,4716000
2011-01-24,6.185536861419678,6.20683584669437,6.091467048406219,6.1038913154265035,3182500
2011-01-25,6.238784313201904,6.261858072817356,6.176662555044184,6.240559087581599,6118500
2011-01-26,6.199735641479492,6.2476579298865875,6.189086150017957,6.2299089185072996,3566000
2011-01-27,6.277831077575684,6.300904834210362,6.2352335357769695,6.263632038032712,6014500
2011-01-28,6.173112392425537,6.300905453552798,6.144713887378385,6.272506948505646,4219500
2011-01-31,6.095015525817871,6.146487778830585,6.095015525817871,6.142937807765319,3006000
2011-02-01,6.166013240814209,6.1873122266661635,6.1216404946792595,6.142939480531214,2844000
2011-02-02,6.174886703491211,6.205059978531743,6.14826297659087,6.174886703491211,6216500
2011-02-03,6.471296310424805,6.51211908366129,6.212160629519229,6.212160629519229,11045000
2011-02-04,6.323979377746582,6.400300176918807,6.299130843869545,6.3612526017319935,10922000
2011-02-07,6.20683479309082,6.228133774750033,6.153587762112576,6.174886743771788,8769000
2011-02-08,6.254757404327393,6.279606358613573,6.203285144750759,6.229908873211021,3279500
2011-02-09,6.221035003662109,6.22990929830786,6.174887486628659,6.22990929830786,2488500
2011-02-10,6.181987762451172,6.196186804887508,6.125190746366052,6.16068877562678,1767500
2011-02-11,6.194411754608154,6.217485514917402,6.150039008422718,6.1837622616700605,1709000
2011-02-14,6.212160587310791,6.235234346947242,6.197961545920602,6.20151109468322,1891500
2011-02-15,6.15358829498291,6.190861092944386,6.14471357746647,6.183761572833127,1854000
2011-02-16,6.357701778411865,6.377225563390696,6.306229520009715,6.325753304988545,4558000
2011-02-17,6.449998378753662,6.473072140802603,6.382551867173712,6.382551867173712,2932500
2011-02-18,6.462421894073486,6.471296189043733,6.4144996009925395,6.439348134713053,2500000
2011-02-22,6.418049335479736,6.528093389216984,6.400300321855656,6.469521601940531,6025500
2011-02-23,6.359477519989014,6.444673038908545,6.315105197710604,6.444673038908545,3954000
2011-02-24,6.343502998352051,6.371901503393891,6.293805931906214,6.322204436948054,3906000
2011-02-25,6.474846363067627,6.48194588389943,6.403850308409869,6.407399857240837,2224500
2011-02-28,6.5387420654296875,6.561815822576396,6.515668308282979,6.524543025571626,2878000
2011-03-01,6.437572479248047,6.533417052291776,6.435797281961086,6.5174428157278905,3711500
2011-03-02,6.423374176025391,6.446447936391853,6.391426120301758,6.432248894552432,2069000
2011-03-03,6.45354700088501,6.465971267408266,6.39142566826873,6.4073994834158645,2580500
2011-03-04,6.380777835845947,6.402076825808943,6.32398081139126,6.394976880374644,2119000
2011-03-07,6.240559101104736,6.389650728568545,6.237009129167799,6.37190171522357,3056000
2011-03-08,6.268957138061523,6.292030896000648,6.20861015866775,6.247658154373153,2636000
2011-03-09,6.210385322570801,6.226359137081041,6.162462609530608,6.210385322570801,2579000
2011-03-10,6.080818176269531,6.14648948543781,6.070168683286594,6.130515245963405,2709000
2011-03-11,5.9370503425598145,5.965448846947525,5.869603841742773,5.9441498628642835,5548000
2011-03-14,5.516397953033447,5.555445946517605,5.45782617439211,5.4933241964068715,24434500
2011-03-15,5.484448432922363,5.5465701711806865,5.13834257272821,5.175615361781372,25326500
2011-03-16,5.303410530090332,5.521723877579325,5.235964443129995,5.5199486798807085,15817000
2011-03-17,5.5731964111328125,5.679690504953015,5.553672197713503,5.679690504953015,8996500
2011-03-18,5.5980448722839355,5.5980448722839355,5.472026566757662,5.512849344484072,6029500
2011-03-21,5.754233360290527,5.782631431081456,5.695661598737299,5.7666576220539785,7685000
2011-03-22,5.7293853759765625,5.756009100777226,5.697437329385516,5.743584836926833,6097000
2011-03-23,5.706312656402588,5.736486357701856,5.612242850340869,5.736486357701856,5373500
2011-03-24,5.747134685516357,5.77730838292592,5.656614862796987,5.697437627514296,6699000
2011-03-25,5.716961860656738,5.784408356869459,5.715187086494237,5.76843411989753,7358500
2011-03-28,5.651960849761963,5.718034220938468,5.651960849761963,5.716248580727408,5019500
2011-03-29,5.698391437530518,5.7108917717054934,5.651961381588778,5.662676075384672,2638500
2011-03-30,5.764462471008301,5.768034176074858,5.728747123384846,5.7591051262887305,2647000
2011-03-31,5.6841044425964355,5.734105770320367,5.669818044846294,5.714462452394626,3664500
2011-04-01,5.691247463226318,5.730534525077514,5.641245709437467,5.682318411358063,6454000
2011-04-04,5.616244316101074,5.655531372850475,5.607315691152912,5.64838838773983,4889500
2011-04-05,5.5555291175842285,5.587672768169604,5.523385041238219,5.553743051724583,5606000
2011-04-06,5.457310676574707,5.491240386817148,5.4215953265596815,5.4876686815114235,7803000
2011-04-07,5.416238784790039,5.484098215339483,5.375166083605012,5.468026177720833,6552500
2011-04-08,5.460882663726807,5.5251703822239735,5.448382333152438,5.507312706294792,6411000
2011-04-11,5.400166988372803,5.439454051275186,5.371594617694764,5.43052499916802,3265500
2011-04-12,5.284091472625732,5.326949809122316,5.2501617610923415,5.325164169281791,19731500
2011-04-13,5.31802225112915,5.355523678630543,5.287664236516103,5.350166331844629,7304000
2011-04-14,5.301949501037598,5.321592817871898,5.282305758442696,5.301949501037598,2577000
2011-04-15,5.301949501037598,5.307306420915552,5.271591067165587,5.275162772844824,2957500
2011-04-18,5.223377227783203,5.235877563436442,5.16266119010726,5.169804178229002,4375500
2011-04-19,5.305520057678223,5.318020387210536,5.251947034356649,5.2537326740725385,2800500
2011-04-20,5.3823089599609375,5.384095025722623,5.346593605375763,5.362665642667275,4542000
2011-04-21,5.446597576141357,5.469812603003056,5.419811268692125,5.468026962709288,6381000
2011-04-25,5.373379230499268,5.40373723308505,5.341235162518657,5.40373723308505,2980000
2011-04-26,5.3198065757751465,5.3198065757751465,5.278733881035557,5.314449230742978,3861500
2011-04-27,5.184089660644531,5.198375634353876,5.153731221430992,5.189446581465028,7585500
2011-04-28,5.06980037689209,5.089443697992258,4.973368985977657,5.003727000681804,11143500
2011-04-29,5.055513381958008,5.091228736253726,5.034083999076334,5.069799353372052,7500000
2011-05-02,5.1430158615112305,5.196588890181899,5.101943163620993,5.123372119632909,6247000
2011-05-03,5.078729152679443,5.12694484550246,5.060871472902004,5.1073010997148085,3354500
2011-05-04,5.0680131912231445,5.1126571666127765,5.0305117750440225,5.094799491304811,4070500
2011-05-05,4.996582984924316,5.050156016154852,4.987653933505591,5.03408397905751,4265000
2011-05-06,5.010869979858398,5.069800368825835,5.00729827340919,5.059085675238902,5525000
2011-05-09,5.12158727645874,5.132301969011781,5.084085852523097,5.093014904904182,3610000
2011-05-10,5.176944732666016,5.196588472967215,5.153729712863181,5.169801747902194,2933000
2011-05-11,5.053727149963379,5.096585914316845,5.0287264879309195,5.096585914316845,4653000
2011-05-12,5.041226387023926,5.050155437419404,4.987653361932727,4.998368052103078,3640000
2011-05-13,4.925152778625488,4.98944051336437,4.910866804577153,4.985869232732628,3801500
2011-05-16,4.968011856079102,5.023370541102368,4.932296493013631,4.9412251208996425,5854500
2011-05-17,5.012655258178711,5.018012604585259,4.968011272471693,4.968011272471693,4306000
2011-05-18,4.964438438415527,4.966224078225146,4.919794462851122,4.943009057657851,5625500
2011-05-19,4.860864162445068,4.875150559663475,4.841220845250444,4.859078522452996,6881000
2011-05-20,4.830506801605225,4.866222160800183,4.8090778415446485,4.864436520568636,3197000
2011-05-23,4.748360633850098,4.782290347408214,4.625142536528989,4.643000213281587,12216500
2011-05-24,4.982295989990234,5.00372537021542,4.923365620131528,4.932294670478873,10649000
2011-05-25,4.937653064727783,4.946581691211802,4.857293297568395,4.871579270247082,7297500
2011-05-26,4.859078884124756,4.91265191971997,4.828720873196866,4.894794241188232,6205000
2011-05-27,4.794790744781494,4.834077804484058,4.782290413458089,4.809077141837246,6018500
2011-05-31,4.775146961212158,4.785861651516846,4.750146301008259,4.785861651516846,6111000
2011-06-01,4.7322893142700195,4.796577039691018,4.7322893142700195,4.796577039691018,4442500
2011-06-02,4.739433288574219,4.768005664248492,4.716218259948916,4.748361916482028,3589000
2011-06-03,4.710859775543213,4.735860438561952,4.696573804035537,4.696573804035537,4182000
2011-06-06,4.600142478942871,4.625143144530871,4.573356173173057,4.625143144530871,7768500
2011-06-07,4.512639999389648,4.551927066114931,4.509068718807782,4.550141425823998,5141500
2011-06-08,4.509068012237549,4.555498058611663,4.500138960660705,4.530496969652869,4653500
2011-06-09,4.573354721069336,4.587640689509156,4.516209995789018,4.517995635403866,8263500
2011-06-10,4.466207981109619,4.5269244076604025,4.464422341604167,4.5269244076604025,5265000
2011-06-13,4.480495929718018,4.514425646662345,4.4751385835815105,4.494781902241608,4664000
2011-06-14,4.500139236450195,4.510853928694808,4.476924211840413,4.4894245442055825,4027500
2011-06-15,4.442995071411133,4.501925460641374,4.43942379070669,4.473353511963058,3244500
2011-06-16,4.428708553314209,4.464423910537659,4.403707888409922,4.426922913181229,3394000
2011-06-17,4.450136661529541,4.476922958883752,4.441207611904457,4.455493580391967,5451500
2011-06-20,4.335848331451416,4.3572777154829305,4.323347999353243,4.332277051286583,6914000
2011-06-21,4.369778633117676,4.373349913761048,4.326920285072394,4.339420618845573,4617500
2011-06-22,4.453709125518799,4.5144255721434225,4.453709125518799,4.467995523567206,5756000
2011-06-23,4.516211986541748,4.5251406143122574,4.4340665674016675,4.450138608301433,8205500
2011-06-24,4.576927185058594,4.635857565208171,4.566212493074921,4.617999887155591,5034000
2011-06-27,4.510853290557861,4.521567981286699,4.485852629364293,4.51621063592228,5129000
2011-06-28,4.539425373077393,4.539425373077393,4.505495663146951,4.519781632717373,3723000
2011-06-29,4.571569442749023,4.578712428198691,4.537639729662362,4.566212097221625,2863500
2011-06-30,4.712645053863525,4.72871708989665,4.685858752902229,4.70014472331351,5765000
2011-07-01,4.744790554046631,4.750147901003493,4.671573762809977,4.718003819262317,3730500
2011-07-05,4.775146961212158,4.782289946161763,4.753717580602781,4.776932601009419,3979500
2011-07-06,4.809077262878418,4.818005888722462,4.776933188014385,4.798362571257074,4926000
2011-07-07,4.873364448547363,4.875150088366812,4.846577722452791,4.853720707491155,3344500
2011-07-08,4.839435577392578,4.85015026969015,4.814434912538671,4.846578563670746,10594000
2011-07-11,4.796576499938965,4.848363461851161,4.776932758479299,4.832291851624896,4590000
2011-07-12,4.753716945648193,4.809076029574577,4.735859272779151,4.7412166172159145,5879500
2011-07-13,4.8322930335998535,4.878723087300433,4.818006633974694,4.823363980614044,3698500
2011-07-14,4.773362159729004,4.839435527197863,4.753718415466986,4.834078181104644,2975000
2011-07-15,4.826934337615967,4.866220967641251,4.787647281830121,4.812647941984495,4479500
2011-07-18,4.766219139099121,4.826935591220578,4.734075485661256,4.821578244687489,3605000
2011-07-19,4.75907564163208,4.78050502546494,4.718002939792848,4.7608612816979425,2923000
2011-07-20,4.7715744972229,4.773360562496756,4.7465738409938645,4.751931185294443,2662000
2011-07-21,4.785862922668457,4.791220269243742,4.732289882676281,4.746575856369925,4330000
2011-07-22,4.791219711303711,4.801933977445924,4.760861275658793,4.798362697318728,2372500
2011-07-25,4.69835901260376,4.728717018590384,4.691216027505831,4.7072876375360275,3112000
2011-07-26,4.7144317626953125,4.726932094950802,4.694788018499,4.72336038898039,1945000
2011-07-27,4.571569442749023,4.666215170798749,4.564426457299356,4.662643890954211,5254500
2011-07-28,4.478711128234863,4.53407024535387,4.451924815750821,4.4840684758838245,5290000
2011-07-29,4.48228120803833,4.5072818708169065,4.457280545259753,4.457280545259753,4321000
2011-08-01,4.476924419403076,4.5304974573492975,4.442994700975605,4.523354470775266,6679000
2011-08-02,4.4876389503479,4.564427011211713,4.484067244309329,4.5322833599071455,7637500
2011-08-03,4.460853099822998,4.473353860544739,4.376922036078638,4.4644248065664565,7360500
2011-08-04,4.169772148132324,4.303704955340471,4.1644148017831455,4.2965615430344615,9177500
2011-08-05,4.132270812988281,4.226916983362008,4.044768480835602,4.1947729045722895,13089500
2011-08-08,3.869762897491455,4.037624997929,3.855476498580619,3.975123333196152,11274000
2011-08-09,4.037624359130859,4.075125777798076,3.8715479251721043,4.075125777798076,23424500
2011-08-10,3.807260513305664,3.8983349688346953,3.8019031673474486,3.8983349688346953,14970500
2011-08-11,3.8911924362182617,3.9286938663987665,3.7876180510661728,3.8179760678480044,14230000
2011-08-12,3.837618827819824,3.88226323909483,3.805475175279921,3.8483335205866784,6167500
2011-08-15,3.9947664737701416,4.000123819901638,3.9358360920843256,3.9519081304788135,5321500
2011-08-16,3.9215481281280518,3.9679777280886728,3.8983331152675293,3.9269050457785504,6494000
2011-08-17,3.9108352661132812,3.9733369254701247,3.8983349342419125,3.953693607638063,4220500
2011-08-18,3.6947569847106934,3.7911883574360337,3.671541961534502,3.7911883574360337,10038500
2011-08-19,3.666184425354004,3.7394011968615377,3.6554697343274776,3.6697561309497093,6485500
2011-08-22,3.6947569847106934,3.7394013910527883,3.6858279331380293,3.7394013910527883,5634500
2011-08-23,3.7501163482666016,3.7501163482666016,3.6858286126770734,3.7126153465729983,6504000
2011-08-24,3.6447558403015137,3.657256599739735,3.5965401458993878,3.623326879323171,8513000
2011-08-25,3.6340410709381104,3.700114436579735,3.616183393041438,3.6840423987445425,4248000
2011-08-26,3.6947569847106934,3.7340440452613124,3.634040966754784,3.634040966754784,5573000
2011-08-29,3.862619400024414,3.866190679959271,3.807260303428104,3.825117980384197,3630500
2011-08-30,3.930478572845459,3.946550610532097,3.8769055396506196,3.8983349232328037,6081000
2011-08-31,3.9197638034820557,3.9644082098078846,3.887620154505525,3.9394075466305143,6335000
2011-09-01,3.8858349323272705,3.967979916491328,3.8786915199993883,3.9411936104240755,4285500
2011-09-02,3.7019004821777344,3.7411875481584906,3.6947574953886893,3.7322584953516804,5155000
2011-09-06,3.5465381145477295,3.5626101524097127,3.4929650807684105,3.5322521425108278,5140500
2011-09-07,3.65189790725708,3.684041549759357,3.610825214983849,3.6161825596943165,5676500
2011-09-08,3.5893969535827637,3.6411843513992337,3.56975342115577,3.594754299961065,6128000
2011-09-09,3.505465507507324,3.559038539481543,3.494750815960358,3.548323847934577,5113000
2011-09-12,3.482250690460205,3.4965366628610792,3.4108197640542435,3.476893344369718,5460000
2011-09-13,3.4893932342529297,3.4965362195477327,3.4483205366070817,3.482250248958126,3399000
2011-09-14,3.5501091480255127,3.5911816291727017,3.48582143451468,3.5376086055404317,4058000
2011-09-15,3.5768957138061523,3.5840386985794455,3.5429660039323214,3.566181023765937,2857500
2011-09-16,3.660828113555908,3.6751145142122184,3.626898390977971,3.6661854605819357,4141500
2011-09-19,3.601897716522217,3.6233271045935567,3.548324672104578,3.589397382067505,5304500
2011-09-20,3.5376088619232178,3.580467624543593,3.525108531412467,3.566181228416609,3811000
2011-09-21,3.4251058101654053,3.535823581935686,3.4251058101654053,3.5126085584070688,3263000
2011-09-22,3.3322458267211914,3.4072480279989943,3.2840299282251793,3.3947476965994112,9800000
2011-09-23,3.396533727645874,3.409034273365025,3.3465321834102517,3.3608183693176192,7438500
2011-09-26,3.3911757469177246,3.396532879024224,3.3143874902410824,3.382246909566525,4022000
2011-09-27,3.4588418006896973,3.5434231341222966,3.4426452382049297,3.464240440321597,5003000
2011-09-28,3.480436325073242,3.5596190034549773,3.4732377827496403,3.5560196250283527,7908500
2011-09-29,3.550621747970581,3.5740164255833515,3.4912347800796173,3.5578200773084037,5089500
2011-09-30,3.419250249862671,3.487635233406956,3.404853377348661,3.487635233406956,7962500
2011-10-03,3.2590854167938232,3.3922562204094313,3.257285727267114,3.385057891361965,6490000
2011-10-04,3.386857271194458,3.392256125093202,3.268083343540799,3.313073435147537,10000000
2011-10-05,3.3796586990356445,3.3832578631991312,3.296876850627134,3.3274700678112663,5593000
2011-10-06,3.440845489501953,3.440845489501953,3.3886570674061836,3.4174508127533096,13122500
2011-10-07,3.2842793464660645,3.359862644600081,3.257285081565013,3.3526643169795625,10099000
2011-10-10,3.419250249862671,3.419250249862671,3.338268083317258,3.338268083317258,4510000
2011-10-11,3.5236265659332275,3.5434222882904916,3.462440138786547,3.480436172009646,6687000
2011-10-12,3.5884132385253906,3.6298041678469914,3.563218871736429,3.5920126176635483,5426000
2011-10-13,3.6388022899627686,3.6549984229410812,3.6010103118748487,3.635202910934606,6078500
2011-10-14,3.6298038959503174,3.654998260852053,3.61360733463091,3.6531987859474566,7275500
2011-10-17,3.6657960414886475,3.735980712879439,3.6513993838461367,3.7107863474753673,5647500
2011-10-18,3.741379976272583,3.7701737237685773,3.6478004041754515,3.6729947723371708,6664500
2011-10-19,3.6424009799957275,3.6963890872091603,3.6280043230292134,3.6765935766153692,8325000
2011-10-20,3.6406021118164062,3.656798675397262,3.5884134707621427,3.6334037821336063,6176000
2011-10-21,3.7269821166992188,3.7269821166992188,3.6819918202781854,3.6981883784768694,3277500
2011-10-24,3.667595386505127,3.6711943358375554,3.6136068559257883,3.6280039404333757,6406500
2011-10-25,3.637002468109131,3.6981893386144082,3.631603613974566,3.6657962138070186,4125000
2011-10-26,3.708987236022949,3.7287827494862396,3.6513997416905055,3.7269832743694127,4015000
2011-10-27,3.9699292182922363,3.977127546389615,3.8241610362885816,3.8619525805943042,5217000
2011-10-28,4.0275163650512695,4.047312304099924,4.002322001599517,4.014919183325393,5957500
2011-10-31,3.7737722396850586,3.9177409605943376,3.7719727647547403,3.892546595332471,6131000
2011-11-01,3.5470221042633057,3.617206775456883,3.5290260677310568,3.5632186658601364,7180500
2011-11-02,3.3346688747406006,3.3904564600166256,3.2806805498943072,3.3904564600166256,11052000
2011-11-03,3.2950778007507324,3.361663316080859,3.2032979168571067,3.361663316080859,13701000
2011-11-04,3.2248926162719727,3.2464878151600125,3.185301168025966,3.223092926977279,6878500
2011-11-07,3.237489938735962,3.2428887923255023,3.187100996116366,3.215894524377802,3981000
2011-11-08,3.145709991455078,3.161906337282919,3.106118542489847,3.1565074838304183,7278000
2011-11-09,3.0953214168548584,3.1583075473608893,3.0755256900268026,3.156507857820271,8329000
2011-11-10,3.0791242122650146,3.1151162793318505,3.0431321451981788,3.1115171155310954,6429500
2011-11-11,3.156507730484009,3.1799026209198447,3.1331130545778505,3.1799026209198447,5177500
2011-11-14,3.151109218597412,3.192500147268917,3.1403115104119115,3.1709047308979152,6089500
2011-11-15,3.1349120140075684,3.1547077367818153,3.104318799789803,3.140310866994149,5139000
2011-11-16,3.0359342098236084,3.0917220067965547,3.0323348310281903,3.0917220067965547,6392000
2011-11-17,3.0233371257781982,3.0845237827426413,2.9963430691988036,3.0809246181046603,5746500
2011-11-18,3.0431325435638428,3.061128579453058,3.032334836218446,3.0575294151811487,7712500
2011-11-21,2.9297573566436768,2.9711482804289697,2.908162157351682,2.9711482804289697,4792000
2011-11-22,2.9819459915161133,3.0377337904309556,2.976547352194406,3.0161385895550956,7426500
2011-11-23,2.9279580116271973,2.9639500861895476,2.9081624993357167,2.9639500861895476,5984000
2011-11-25,3.052130937576294,3.1133175958565316,3.052130937576294,3.0863235386966403,8593000
2011-11-28,3.1529083251953125,3.1835017566362005,3.1421108328011713,3.158307178657214,11186000
2011-11-29,3.1619060039520264,3.2068960870972028,3.1421104960859316,3.188900053839132,9531500
2011-11-30,3.2482879161834717,3.275282188159993,3.233891257168925,3.2392898970345305,10058500
2011-12-01,3.237489938735962,3.2572854491913867,3.221293377967342,3.2356902493628934,5392500
2011-12-02,3.1978988647460938,3.251887192459292,3.1853016812425476,3.251887192459292,5890500
2011-12-05,3.2176947593688965,3.246488507042497,3.1942998662003093,3.219494449047135,2936500
2011-12-06,3.181701183319092,3.203296376637145,3.1583063011705335,3.203296376637145,3080500
2011-12-07,3.3346688747406006,3.34906553253462,3.3094742945417064,3.3256708563544986,9877000
2011-12-08,3.264483690261841,3.340066989936627,3.2536859840813084,3.3292694982857416,7346000
2011-12-09,3.2896783351898193,3.291478024551395,3.237489918060116,3.26088480711227,10841500
2011-12-12,3.215894937515259,3.242889208930841,3.185301715950524,3.242889208930841,4202500
2011-12-13,3.151109218597412,3.2266925323068585,3.131313491767223,3.215894824121358,4819500
2011-12-14,3.077324628829956,3.1187155473993604,3.0629277596062976,3.091721498053614,10790000
2011-12-15,3.0935218334198,3.1385119281815212,3.0845238144674556,3.1295139092291766,5278000
2011-12-16,3.115116834640503,3.1457102687246903,3.0953213229427297,3.1313133964256044,4091500
2011-12-19,3.00714111328125,3.0719269421146747,2.9999427832018544,3.0647283975055633,4639000
2011-12-20,3.115116834640503,3.1241148530112213,3.061128724416191,3.0791247611576282,8196500
2011-12-21,3.1439104080200195,3.1439104080200195,3.0953211543702657,3.133112915281001,3291500
2011-12-22,3.196098566055298,3.205096582600423,3.1583068107539165,3.1583068107539165,3070000
2011-12-23,3.2302916049957275,3.237490148424578,3.199698385379734,3.199698385379734,2106500
2011-12-27,3.1996984481811523,3.223093339357154,3.1996984481811523,3.206896777221606,1883000
2011-12-28,3.073725938796997,3.16190664845348,3.0629284453590504,3.16190664845348,4094000
2011-12-29,3.181701183319092,3.181701183319092,3.095320195517278,3.097119669818181,11495000
2011-12-30,3.246488094329834,3.269882984524325,3.1871011313837174,3.1942994601221724,14090500
2012-01-03,3.3076746463775635,3.329269846467451,3.2896783960180436,3.2896783960180436,7074000
2012-01-04,3.2788808345794678,3.2878788523059783,3.264483963311118,3.282479998764139,5732000
2012-01-05,3.1853010654449463,3.21229511681808,3.16730503119619,3.208695952874259,7324500
2012-01-06,3.1385111808776855,3.1619060674892157,3.125914000249829,3.1619060674892157,2970500
2012-01-09,3.1439104080200195,3.151108951042367,3.1223152080123144,3.151108951042367,2647000
2012-01-10,3.1853010654449463,3.19609877180606,3.1691047204329257,3.1853010654449463,5187000
2012-01-11,3.183501958847046,3.185301433762205,3.1529085254629132,3.1691050868773964,2956000
2012-01-12,3.1061179637908936,3.1151159796920926,3.079123916087296,3.1043184893284264,4744000
2012-01-13,3.082724094390869,3.095321277017033,3.0611286789978145,3.095321277017033,1960000
2012-01-17,3.0179378986358643,3.0593288202400135,3.014338520168821,3.0593288202400135,5783500
2012-01-18,3.0809247493743896,3.0899227686175688,3.043132982741157,3.0503315268535207,3967000
2012-01-19,3.1043193340301514,3.1241148456814805,3.0953213156805437,3.098920480114451,5266500
2012-01-20,3.2122950553894043,3.217693908466719,3.1385112305686107,3.1511086259255605,8273000
2012-01-23,3.3346688747406006,3.3508652220237125,3.314873148479304,3.3166728379683965,8828500
2012-01-24,3.2302916049957275,3.241089312874163,3.2032975498293195,3.2320912944853606,3978500
2012-01-25,3.3580641746520996,3.3742605239088403,3.314873552417946,3.3220718821921182,7362000
2012-01-26,3.331068992614746,3.3688607499399192,3.3202715009001595,3.343666388076236,9155000
2012-01-27,3.3148727416992188,3.3364679402699027,3.291477853860289,3.3148727416992188,3605500
2012-01-30,3.2590854167938232,3.2734822894184408,3.2392896901187633,3.2698831248947076,3767500
2012-01-31,3.2788808345794678,3.3076745771161673,3.257285420412111,3.30047603421716,3031000
2012-02-01,3.273482322692871,3.3220715805813836,3.2446885771509515,3.250087431256272,15402500
2012-02-02,3.0755257606506348,3.181702511802483,3.0323351414511794,3.17630365758634,19673000
2012-02-03,3.4570417404174805,3.4768374653773257,3.3814582193196476,3.3922559264849568,22267500
2012-02-06,3.4984326362609863,3.5020318004431172,3.4696388937446083,3.4840357650027975,6613500
2012-02-07,3.54162335395813,3.5470219931249076,3.4480437952988097,3.5344248108529746,8322000
2012-02-08,3.5794150829315186,3.601010284286629,3.5596195710767016,3.5614190460473134,5977500
2012-02-09,3.583014965057373,3.599211314715569,3.5632192358931674,3.5884136052569637,4426000
2012-02-10,3.5146288871765137,3.5434226289132162,3.4930336881388158,3.5434226289132162,8755000
2012-02-13,3.5056312084198,3.523627245111631,3.489434861209024,3.5200280806792006,4048000
2012-02-14,3.4426448345184326,3.4606408699270452,3.419249945581304,3.4606408699270452,6228000
2012-02-15,3.5974109172821045,3.626204875017293,3.5902125887455596,3.593811753013832,10974500
2012-02-16,3.689190626144409,3.692790004786352,3.637001995662503,3.637001995662503,6597500
2012-02-17,3.7071871757507324,3.7269831174398873,3.692790517303511,3.716185409074781,2610500
2012-02-21,3.717984199523926,3.743178561697219,3.699988165248816,3.7305813806105723,7535500
2012-02-22,3.7575762271881104,3.76837393523354,3.746778519142681,3.7539768481531777,8074500
2012-02-23,3.8133625984191895,3.818761450721848,3.748576799846516,3.764773356754492,7252000
2012-02-24,3.9105424880981445,3.9321374736463883,3.896145402006644,3.9123419629623304,6572000
2012-02-27,3.90334415435791,3.9213401921318383,3.851155945155088,3.8763503122267102,5883500
2012-02-28,4.005921363830566,4.02211749509208,3.964530440161314,3.9753281470418704,7599500
2012-02-29,3.8493552207946777,3.930337588050886,3.8475557461185423,3.9213393565516212,9995000
2012-03-01,3.881749153137207,3.9087429951757264,3.8493560278197245,3.8673520655318647,6188500
2012-03-02,3.8457553386688232,3.8601519907046407,3.827759309094457,3.8583525164649606,4744500
2012-03-05,3.7305827140808105,3.7467792794355463,3.7143861487260743,3.723384383609635,6492500
2012-03-06,3.6639962196350098,3.6747939263742264,3.6388018566163813,3.662196744864912,6449000
2012-03-07,3.6747944355010986,3.683792239657509,3.6406018357761147,3.669395581383503,3179500
2012-03-08,3.6747944355010986,3.683792239657509,3.6567983981289034,3.6783933855399127,19134500
2012-03-09,3.825960874557495,3.861952947523354,3.7701732901782203,3.789968801591636,14034500
2012-03-12,3.7521770000457764,3.7827702170927004,3.7395798182652387,3.7665736566351553,3180000
2012-03-13,3.80436635017395,3.8061658253229456,3.75037823416944,3.75397718446743,10442500
2012-03-14,3.8853485584259033,3.9105433574220636,3.8565548089013153,3.8835490831616895,6672000
2012-03-15,3.9141414165496826,3.928538502562922,3.8871475774962794,3.901544234450183,5563500
2012-03-16,3.924938917160034,3.968129314807253,3.9159411143023823,3.955532133370952,9629500
2012-03-19,3.8961448669433594,3.9051430981472244,3.865551653156922,3.890746014032896,6153000
2012-03-20,3.847555160522461,3.858352865054455,3.815162046926477,3.8547534871907145,4827500
2012-03-21,3.7287817001342773,3.746777733416306,3.6999879610711757,3.7251823218541604,7708000
2012-03-22,3.6981890201568604,3.719784005776162,3.68739131281754,3.719784005776162,4635500
2012-03-23,3.656798839569092,3.6585983148057273,3.6010108166391235,3.62800509048579,5175000
2012-03-26,3.7071871757507324,3.7089870798511706,3.6765939547558517,3.6909910422624534,3774000
2012-03-27,3.773869037628174,3.8338293916397403,3.7575165288628307,3.7666012078211333,3507000
2012-03-28,3.839280128479004,3.8810706887180317,3.8174766404425307,3.873802859372541,5956000
2012-03-29,3.8029415607452393,3.82292863826758,3.7775039346645287,3.8065756929862316,9283000
2012-03-30,3.773869037628174,3.7974898094025478,3.7502482658537994,3.7956729602512858,3405500
2012-04-02,3.781137704849243,3.7847714035402182,3.733896156250268,3.7357130055957555,3299000
2012-04-03,3.7248117923736572,3.772053350475386,3.703008296235869,3.7684192178513594,4594500
2012-04-04,3.58308744430542,3.6176101890825736,3.5649176470335715,3.6121592065808055,5865000
2012-04-05,3.63577938079834,3.672118971454434,3.6212437178167387,3.624877633562139,2986500
2012-04-09,3.652132034301758,3.663033997266603,3.6248773434906734,3.6339622404277017,5578500
2012-04-10,3.314173460006714,3.410473407808544,3.281467788749354,3.359597943252764,24408000
2012-04-11,3.4068400859832764,3.4086571522700826,3.372317342741371,3.3977551877513634,9480000
2012-04-12,3.4032061100006104,3.428643737960991,3.39230414567413,3.401389043745845,13373000
2012-04-13,3.1542794704437256,3.2814682583346824,3.1470116387247233,3.27420042661568,18034500
2012-04-16,3.1815342903137207,3.2487624899041743,3.165181344509959,3.2378605260349995,15553000
2012-04-17,3.1797170639038086,3.196069792282482,3.172449232757961,3.1797170639038086,12523000
2012-04-18,3.068881034851074,3.0997696401479877,3.016188504308319,3.0888678941260888,25208500
2012-04-19,3.034358263015747,3.0797829623593187,3.025273366467237,3.0634300186113883,11509000
2012-04-20,3.0579798221588135,3.065247871223498,3.0143723941750062,3.0434439406305196,8283500
2012-04-23,2.999835729598999,3.008920626107616,2.9580451623391566,2.985299851865008,7474000
2012-04-24,3.019822835922241,3.027090884206407,2.985300310525871,2.988934226367428,11864500
2012-04-25,2.983482837677002,2.9907508849705846,2.954411298305738,2.9762150069844413,8240000
2012-04-26,2.998018980026245,3.0161887749608676,2.961679390157,2.9689472214904327,5061500
2012-04-27,2.96531343460083,2.9780324648882583,2.938058741015284,2.9689473504253594,3925500
2012-04-30,2.945327043533325,2.959862708086296,2.9271570296399734,2.959862708086296,5892000
2012-05-01,2.90535306930542,2.9198889492241653,2.8671964115938455,2.879915441898404,16128500
2012-05-02,2.85811185836792,2.872647740039488,2.8363081441611055,2.872647740039488,8305500
2012-05-03,2.8199551105499268,2.8617456846531906,2.8072360800742415,2.8617456846531906,8600000
2012-05-04,2.7836153507232666,2.8072361292476558,2.7527267403149382,2.798151231092203,11458000
2012-05-07,2.7817983627319336,2.7945171761969316,2.752726603439612,2.778164446970655,8859000
2012-05-08,2.7291061878204346,2.752726968301143,2.698217574853851,2.7509101184802116,9709500
2012-05-09,2.7672624588012695,2.7854322540492573,2.7363738501998998,2.772713440695875,19387000
2012-05-10,2.7945170402526855,2.861745453270603,2.783615076898149,2.8235887981307597,14407000
2012-05-11,2.576479434967041,2.5910153147275063,2.5383227776709507,2.5710284529817353,19371500
2012-05-14,2.580113410949707,2.605551255274236,2.5764794950750756,2.6019173393996042,7168000
2012-05-15,2.527420997619629,2.5692115701651845,2.520152949532854,2.5564925401635903,6199000
2012-05-16,2.5001659393310547,2.5455904209822084,2.4947149582127133,2.527420628321747,9915500
2012-05-17,2.5873818397521973,2.6091855548070892,2.5673949746012465,2.5891986896561385,16773000
2012-05-18,2.501983404159546,2.552858879445122,2.4928985055943023,2.5401400647739947,7106500
2012-05-21,2.567394733428955,2.5692117997632926,2.514702192344881,2.531055139550724,6075000
2012-05-22,2.543773651123047,2.5710283432856715,2.5310548381006965,2.545590717240971,5065500
2012-05-23,2.5128848552703857,2.5165187706332457,2.4620093903872817,2.5092509399075262,6597000
2012-05-24,2.5001659393310547,2.527420628321747,2.47836201485769,2.5237867131098572,13667000
2012-05-25,2.4165847301483154,2.431120607137914,2.405682768255865,2.4165847301483154,8923500
2012-05-29,2.4620096683502197,2.4656435841233515,2.4365718247362023,2.440205957110382,4970500
2012-05-30,2.367526054382324,2.398414873377543,2.3566243093848955,2.398414873377543,8124500
2012-05-31,2.4056830406188965,2.416585003745629,2.3747944338945293,2.3984152096017626,6098500
2012-06-01,2.2984814643859863,2.3202851772558954,2.294847548341179,2.316651261211088,9579500
2012-06-04,2.3239188194274902,2.33300371592263,2.2966641299420716,2.33300371592263,5735000
2012-06-05,2.3984153270721436,2.4220358873352406,2.352990622886619,2.372977484064208,9320000
2012-06-06,2.4692773818969727,2.478362279196185,2.420218979801432,2.4274868110003873,10435000
2012-06-07,2.4184024333953857,2.4874477110268542,2.4147685170150104,2.4801798782661035,11098500
2012-06-08,2.3348209857940674,2.340271967993151,2.316651189531161,2.3293700035949843,8171500
2012-06-11,2.3184683322906494,2.3766116389300502,2.3166512659639857,2.3747947892044508,7591500
2012-06-12,2.3747944831848145,2.380245248260283,2.3184680335293257,2.3384546775417947,9608000
2012-06-13,2.3184683322906494,2.351174009963145,2.3112002835850594,2.3402720452052916,6450500
2012-06-14,2.3584415912628174,2.365709639195498,2.342088862466108,2.360258657396248,13369000
2012-06-15,2.3947811126708984,2.3984152448338816,2.3675264210547335,2.376611318260122,3609500
2012-06-18,2.4402060508728027,2.4565587807807563,2.420219188451032,2.422036038106885,5750000
2012-06-19,2.4638264179229736,2.4874471943910708,2.458375652785061,2.4638264179229736,7752500
2012-06-20,2.5383224487304688,2.5655771385240205,2.5183358061758097,2.5274207027736604,9153000
2012-06-21,2.4620096683502197,2.531054934443913,2.4565586863899984,2.5256039524836917,6269500
2012-06-22,2.60010027885437,2.6291720391171802,2.589198314605553,2.6237210569927716,12100000
2012-06-25,2.536505699157715,2.5692113715168228,2.5165188392157516,2.561943323992005,7099000
2012-06-26,2.5147018432617188,2.5274208726343352,2.494715199363815,2.523786957071174,5597500
2012-06-27,2.509251117706299,2.52196993067804,2.4874471907821274,2.500166220354907,7196500
2012-06-28,2.4928979873657227,2.5019828840423797,2.4710942786619503,2.487447006039524,7425000
2012-06-29,2.5873818397521973,2.5928328226661916,2.5692120411062733,2.5692120411062733,9527500
2012-07-02,2.580113410949707,2.580113410949707,2.5455908852391254,2.5764794950750756,4069000
2012-07-03,2.5928328037261963,2.6001006364910424,2.5637610394646453,2.5764798551036674,3235000
2012-07-05,2.5038001537323,2.5128850511481224,2.4692774135915507,2.5056170032548404,6799500
2012-07-06,2.478363037109375,2.4856310871320244,2.4601932369544066,2.481997170421251,5051500
2012-07-09,2.4438397884368896,2.467460565047604,2.4274868431213,2.4620095832757407,3920000
2012-07-10,2.3802456855773926,2.4075005989673994,2.363892954144464,2.3929647173597544,8296500
2012-07-11,2.338454484939575,2.358441343906902,2.3184678425732663,2.356624494565066,6005500
2012-07-12,2.271226406097412,2.289396200018109,2.251239546144234,2.289396200018109,13685500
2012-07-13,2.300297975540161,2.311199721043486,2.276677202048106,2.278494051331488,3839500
2012-07-16,2.289395809173584,2.314833646280442,2.2748599331983783,2.2912128748958565,5472000
2012-07-17,2.2348873615264893,2.242155194221067,2.1876457992084894,2.229436378705015,12593000
2012-07-18,2.242154359817505,2.2530563214033568,2.220350653246802,2.229435549034678,3968000
2012-07-19,2.2839457988739014,2.2839457988739014,2.2585081675616174,2.263959150443131,3875500
2012-07-20,2.194913148880005,2.2130831598200333,2.193096299406726,2.2112660937457203,5840500
2012-07-23,2.1258676052093506,2.138586632841097,2.105880964047045,2.131318586108527,9365500
2012-07-24,2.116783380508423,2.1331363283917186,2.096796733008049,2.12586827935434,8202000
2012-07-25,2.0459213256835938,2.064091123992949,2.036836426528916,2.0459213256835938,9048000
2012-07-26,2.162208080291748,2.169475912690919,2.1240514186934187,2.1240514186934187,10040000
2012-07-27,2.243971586227417,2.260324313175638,2.1985471040367845,2.1985471040367845,9504500
2012-07-30,2.1840121746063232,2.1967309918213824,2.1749272742239794,2.180378257773608,6135000
2012-07-31,2.2076327800750732,2.2330704124444285,2.20399886353675,2.2276194293363973,7255500
2012-08-01,2.2058157920837402,2.245789308631469,2.1894630587782014,2.200364808781527,16095000
2012-08-02,2.0422871112823486,2.1694759109758754,1.982326735932834,2.16402492838027,26043000
2012-08-03,2.114966630935669,2.1349532793832813,2.098613682277349,2.105881731659186,7886000
2012-08-06,2.0913453102111816,2.114966085559276,2.0822604132773783,2.0822604132773783,8888500
2012-08-07,2.1204171180725098,2.1331359307657363,2.1095151548491535,2.1149661364608314,6834000
2012-08-08,2.127685308456421,2.133136290988607,2.104064528550995,2.104064528550995,8531000
2012-08-09,2.176743745803833,2.182194728405535,2.1295024019915862,2.1313192517914383,10377000
2012-08-10,2.242154359817505,2.2530563214033568,2.1767430235043945,2.184011070095296,9947000
2012-08-13,2.2185332775115967,2.233069152061684,2.202180554018355,2.202180554018355,5432500
2012-08-14,2.127685308456421,2.1458551058296607,2.118600409769801,2.142221189675227,11126000
2012-08-15,2.0695419311523438,2.071358780868424,2.045921152034793,2.056822900134465,9236500
2012-08-16,2.151305913925171,2.154939829784952,2.1167831717546184,2.1186002379850355,11313500
2012-08-17,2.171292781829834,2.176743547333475,2.162207883855695,2.17310963146403,7104500
2012-08-20,2.180377960205078,2.185828726409699,2.1603910954511982,2.1694759945936744,7762500
2012-08-21,2.171292781829834,2.198547475752252,2.1585737513851964,2.1821945294381693,7104500
2012-08-22,2.142221689224243,2.1513065900293893,2.1222348208124733,2.138587772222409,6736000
2012-08-23,2.10951566696167,2.142221347970437,2.105881750538715,2.1404042814584163,5974500
2012-08-24,2.127685308456421,2.142221189675227,2.0949796298643757,2.1004306123965613,8089500
2012-08-27,2.114966630935669,2.131319362992905,2.1131495644399387,2.129502513098259,5059500
2012-08-28,2.0877115726470947,2.100430386117955,2.0858945064650944,2.0931623379910014,4679000
2012-08-29,2.131319522857666,2.144038339478531,2.124051689531772,2.138587572784661,6510000
2012-08-30,2.076809883117676,2.09861359717686,2.0731759668746577,2.0949796809338417,3358500
2012-08-31,2.0550057888031006,2.0731755832571532,2.044103825490255,2.0604565538584882,7826500
2012-09-04,2.0531888008117676,2.0640907645392774,2.038652921375436,2.0586397826755225,5017000
2012-09-05,2.0113985538482666,2.018666386440929,2.002313654806899,2.016849536593303,5694500
2012-09-06,2.0386531352996826,2.04955510017118,2.0095813733764,2.0095813733764,8039500
2012-09-07,2.114966630935669,2.122234463716422,2.080443883724383,2.084077800114759,8654500
2012-09-10,2.1349527835845947,2.153122577918001,2.1331359341118743,2.142220831278578,10993000
2012-09-11,2.1676583290100098,2.1731093103091257,2.136769723783047,2.1385867897497595,9086000
2012-09-12,2.187645435333252,2.1985473991628557,2.1731095557607953,2.1785605376755974,12461500
2012-09-13,2.271226406097412,2.274860321561346,2.2076321273749726,2.2167170243353214,16466000
2012-09-14,2.3711600303649902,2.47109410331812,2.298480862108901,2.3130167390803202,27359500
2012-09-17,2.3820621967315674,2.4601923526341363,2.3475396754867472,2.387513178138914,32100500
2012-09-18,2.4002325534820557,2.4293043167411796,2.37479492308113,2.391147654538714,15194500
2012-09-19,2.4147684574127197,2.4274872727306445,2.409317474676158,2.4202194401492814,12015500
2012-09-20,2.338454484939575,2.3602584098497568,2.327552739085503,2.3511735133375207,8212500
2012-09-21,2.3075661659240723,2.336637925004347,2.303932250189299,2.333004009269574,7617500
2012-09-24,2.24578857421875,2.256690537258041,2.2421546587393295,2.256690537258041,7792500
2012-09-25,2.2167232036590576,2.2792696008885356,2.2167232036590576,2.266392427258692,8856500
2012-09-26,2.1799306869506836,2.1964872391365295,2.1504971818945537,2.1964872391365295,10353500
2012-09-27,2.229600191116333,2.2461565245011115,2.1836101324942843,2.2001664658790627,12745000
2012-09-28,2.152336835861206,2.183610252886765,2.1431388236296676,2.1817705627212933,11315500
2012-10-01,2.178091287612915,2.2020061620219797,2.1707327466343345,2.181770448453256,10871000
2012-10-02,2.1799306869506836,2.202006089865145,2.168893204791344,2.18912891769697,5536500
2012-10-03,2.1872897148132324,2.190968876352388,2.168893687819515,2.185450024394685,8412500
2012-10-04,2.159696102142334,2.172573279729221,2.156016939874364,2.168894117461251,5920500
2012-10-05,2.2075247764587402,2.2443168195167402,2.2038453967146405,2.2259207979877402,8960500
2012-10-08,2.1909680366516113,2.2075245861793307,2.1891285662359907,2.194647196780708,3119000
2012-10-09,2.117384672164917,2.141299550029661,2.1137055107929403,2.132101536950754,6713500
2012-10-10,2.0916295051574707,2.1118652158570033,2.082431494711841,2.106346365730052,6989500
2012-10-11,2.104506731033325,2.121063060824645,2.104506731033325,2.1173839007930018,5205000
2012-10-12,2.0897903442382812,2.1321012424158847,2.0787526423492024,2.1192238504459926,5399000
2012-10-15,2.1504974365234375,2.154176597678847,2.132101411448472,2.1394597337592915,7068500
2012-10-16,2.2075247764587402,2.2130434074791405,2.1891287549297402,2.1909682255039153,8272500
2012-10-17,2.2498364448547363,2.257194768281969,2.2369590499101544,2.2387987404159375,5582000
2012-10-18,2.27191162109375,2.281109634972755,2.2590344455227327,2.27191162109375,4002000
2012-10-19,2.235119342803955,2.2719113946529212,2.218562787893164,2.2663925430159906,6891500
2012-10-22,2.27191162109375,2.275590782785762,2.2461570506537663,2.2590344455227327,6593000
2012-10-23,2.224081516265869,2.2296003675969307,2.1909686275774143,2.2259212064755283,12137500
2012-10-24,2.2112042903900146,2.2443171782952445,2.2056854391894913,2.2406380172608658,8191000
2012-10-25,2.189128875732422,2.2130435296015043,2.1744120138375265,2.205685208303,8730000
2012-10-26,2.1799306869506836,2.185449537679299,2.1633743540627286,2.1633743540627286,5752500
2012-10-31,2.159696102142334,2.2020070164689485,2.1541772490913873,2.196488163418002,11737500
2012-11-01,2.174412250518799,2.2020062873385866,2.146818213699011,2.150497374748734,12081000
2012-11-02,2.0842714309692383,2.148657511701808,2.082431740943436,2.148657511701808,13669000
2012-11-05,2.0695550441741943,2.089790761915967,2.0382818416352264,2.0879510714674625,15786500
2012-11-06,2.0566775798797607,2.0658755922336915,2.0382815551718987,2.0566775798797607,15435500
2012-11-07,2.0566775798797607,2.076913075479661,2.0309230137100065,2.076913075479661,7102000
2012-11-08,2.0051677227020264,2.0419597547941684,1.999648874028643,2.0346012167970544,20628000
2012-11-09,1.9978102445602417,2.0235648122664442,1.9922913929590609,2.012527109064082,13801000
2012-11-12,1.9591788053512573,1.9849331548559124,1.9518202631371167,1.9812539933978095,9944500
2012-11-13,1.9812531471252441,1.992290626785003,1.9683759778732715,1.9812531471252441,11486500
2012-11-14,1.806491494178772,1.8561607213565403,1.7972934810237062,1.8488023985516606,63423500
2012-11-15,1.8046518564224243,1.824887462794015,1.7972934242012197,1.8009725854873406,18291000
2012-11-16,1.8616794347763062,1.8708774472479097,1.8340853973614955,1.8524814223047026,23236500
2012-11-19,1.8745568990707397,1.8800755313255566,1.858000344412518,1.8671983572344444,12732000
2012-11-20,1.8377645015716553,1.8543209444497213,1.8193684782957924,1.8543209444497213,9216500
2012-11-21,1.8543212413787842,1.8561607124221842,1.8377647958495646,1.843283537926661,4976500
2012-11-23,1.8432835340499878,1.8616795602328833,1.8120103333986515,1.8120103333986515,7783000
2012-11-26,1.8212082386016846,1.828566670568722,1.8064913746676095,1.8267269803402437,5633500
2012-11-27,1.7917745113372803,1.8193686586352087,1.788095350177001,1.8138498072458313,15503500
2012-11-28,1.8009724617004395,1.8046517323826343,1.7641804127722205,1.77889727620309,7622000
2012-11-29,1.8212082386016846,1.8230478191812043,1.7954537815415323,1.8009725232800915,5409000
2012-11-30,1.7917745113372803,1.7972933627266576,1.7862557695968615,1.7899349307571406,4210500
2012-12-03,1.782576560974121,1.7936142641379345,1.7715389674592703,1.7880954125560278,5198000
2012-12-04,1.7715390920639038,1.7862559575514856,1.7660202400938179,1.7733786728376089,6215000
2012-12-05,1.7844163179397583,1.7972934925800623,1.7605014397232317,1.7660201818623762,12994000
2012-12-06,1.8414441347122192,1.8488024577527222,1.8120104039543299,1.8193688366438023,15828000
2012-12-07,1.8616794347763062,1.8671982861188514,1.8469625709621573,1.8524814223047026,9493000
2012-12-10,1.8359249830245972,1.8396041439441384,1.815689269020266,1.834085292915875,8512000
2012-12-11,1.819368600845337,1.8322457741462461,1.812010169109551,1.8156893301529662,5806000
2012-12-12,1.8819152116775513,1.8911132244509365,1.845123160584011,1.8580003346071656,14473000
2012-12-13,1.973895788192749,1.9886126558357498,1.9352642573400909,1.938943419426348,21528000
2012-12-14,2.0162060260772705,2.0198854062308724,1.9867725199337485,1.9867725199337485,21207000
2012-12-17,2.0235648155212402,2.0272439768286366,2.0088479509937285,2.0180459639111823,7946500
2012-12-18,2.045640230178833,2.0511590824026955,2.021725350074064,2.023565040581335,15098000
2012-12-19,2.018045425415039,2.078752338330762,2.0162057356032816,2.0493186171298454,17034500
2012-12-20,2.0474791526794434,2.0474791526794434,2.0088474209010685,2.0180454313913607,13688500
2012-12-21,2.010687828063965,2.023565003484943,1.9941312716958963,2.005168975941275,9568000
2012-12-24,2.0070080757141113,2.0217249388852356,2.0070080757141113,2.0143666169486263,2751500
2012-12-26,2.0438003540039062,2.0640360705537844,2.0254043277941736,2.0419608829616913,10361000
2012-12-27,2.0309226512908936,2.040120662003435,2.0125266298658104,2.0290831807271097,10504000
2012-12-28,2.025404453277588,2.041961009470863,2.018046130056984,2.027244143731711,5682000
2012-12-31,2.060356616973877,2.0621963070531195,2.0217248796929774,2.027243730632806,6941500
2013-01-02,2.117384672164917,2.122903523871847,2.093469794300173,2.10818665908601,11421500
2013-01-03,2.11370587348938,2.128422521502556,2.098989006178236,2.1063473301848243,11931000
2013-01-04,2.049319267272949,2.0677152940351635,2.0382817827943827,2.0438004153846974,24922500
2013-01-07,2.018045425415039,2.0346017565293875,1.9996494044889335,2.018045425415039,15516500
2013-01-08,1.9720559120178223,1.9922914089877195,1.948141034418919,1.9904519379711438,16327500
2013-01-09,1.975734829902649,1.9922911635014275,1.9702159789370892,1.9812536808682086,10316000
2013-01-10,2.0327625274658203,2.0419605390214075,2.021724825879958,2.027243676672889,25874000
2013-01-11,2.04012131690979,2.054838182633743,2.0364421553032876,2.0474798594207386,24011500
2013-01-14,2.0750739574432373,2.0861114425660743,2.056677929607226,2.056677929607226,26062500
2013-01-15,2.0658750534057617,2.0695542135281415,2.0474790334960065,2.064035363695644,36013500
2013-01-16,2.060356616973877,2.1045072051946048,2.0548377660340487,2.0640357778344627,31737500
2013-01-17,2.1909680366516113,2.2038452067523777,2.1192234272938726,2.1247422771364457,53490000
2013-01-18,2.3362977504730225,2.3436562932564975,2.2958265327067413,2.3289394269874992,46427500
2013-01-22,2.45587158203125,2.461390433013874,2.411720993468162,2.424598166229016,40625000
2013-01-23,2.4374759197235107,2.444834242592854,2.4062024992839666,2.4209193643205875,16165500
2013-01-24,2.487144947052002,2.4945032693287956,2.457711219348995,2.4669092318439456,23384500
2013-01-25,2.650869846343994,2.6600678593431186,2.6214361170276255,2.6343135106647417,32981500
2013-01-28,2.7814817428588867,2.8495472150831453,2.7281333547188287,2.8495472150831453,41255000
2013-01-29,2.785160779953003,2.8017171137339703,2.7594062149296166,2.7796419289267127,28322500
2013-01-30,2.7575666904449463,2.7906795792935917,2.7538875293057448,2.7778024056574284,15995500
2013-01-31,2.7483692169189453,2.755727759938317,2.6913416598331015,2.7391712026182002,12986000
2013-02-01,2.7833216190338135,2.7851613094916554,2.6931809532605024,2.706058128571563,25086000
2013-02-04,2.847707748413086,2.90473552170224,2.8403494250909778,2.8992166695616852,32019000
2013-02-05,2.912093162536621,2.9304894051263823,2.8826596568483738,2.8936971392447557,20855500
2013-02-06,2.9102537631988525,2.9157726141814146,2.855065691969035,2.880820037490456,18191000
2013-02-07,2.7833216190338135,2.842188862811478,2.6784640874916,2.8090759696559338,38904500
2013-02-08,2.744689702987671,2.7594065678406734,2.698699637383246,2.7042184891153633,23609000
2013-02-11,2.7575666904449463,2.7686043931604667,2.7410103556695815,2.759406380663505,10150000
2013-02-12,2.7005391120910645,2.7244537688574577,2.6821428680202866,2.7170954466674773,13629000
2013-02-13,2.6140778064727783,2.634313522883885,2.59936094174633,2.6048797934309893,29681500
2013-02-14,2.6177573204040527,2.660068229954536,2.6048801442707643,2.6251158634073306,16297000
2013-02-15,2.6379923820495605,2.6471903940376844,2.617756667956527,2.628794370061437,13207000
2013-02-19,2.6950197219848633,2.7078968928917555,2.6747840110612686,2.6747840110612686,12449000
2013-02-20,2.661907196044922,2.7189349567828933,2.656388345119005,2.713416105856977,15565500
2013-02-21,2.590162754058838,2.63431334526126,2.564408406997527,2.6324736550577748,18529500
2013-02-22,2.5883235931396484,2.5993612980218246,2.555210917089039,2.573606945694026,10175000
2013-02-25,2.536813735961914,2.6343129148586235,2.5294554149460273,2.6140772031181174,14256000
2013-02-26,2.5828046798706055,2.584644150952823,2.553370949575767,2.564408653260815,15351500
2013-02-27,2.6379923820495605,2.6416715429852293,2.5846437809397007,2.5883229418753695,9592500
2013-02-28,2.682142734527588,2.6950201266660043,2.6398318357962687,2.6453506868130323,15269500
2013-03-01,2.801717758178711,2.810915772238933,2.7318128074614316,2.7557276878776,24474000
2013-03-04,2.8642642498016357,2.86978288253821,2.8017176255736786,2.8495473841422374,24085500
2013-03-05,2.8532261848449707,2.8661033584314586,2.8366698501334744,2.8421884821720296,12381500
2013-03-06,2.913933038711548,2.9341687533443084,2.8936973240787878,2.895537014244642,13566000
2013-03-07,2.86242413520813,2.8900181719939337,2.7998775202482284,2.86242413520813,11006000
2013-03-08,2.8679428100585938,2.8808199825738288,2.840348774969706,2.860584269122819,24176000
2013-03-11,2.9360082149505615,2.9470459173150503,2.880820141723936,2.882659831883987,20242000
2013-03-12,2.8605849742889404,2.8918583972039125,2.803557419292715,2.8403494751475513,43981500
2013-03-13,2.893697500228882,2.901056042042332,2.8679431521266148,2.884499487435512,12387500
2013-03-14,2.9488861560821533,2.9488861560821533,2.91761273333067,2.91761273333067,24550500
2013-03-15,3.175156831741333,3.1990717079363393,3.1641193483960404,3.175156831741333,26893500
2013-03-18,3.0923750400543213,3.1199690802220363,3.020630404039499,3.0408661212149983,24634000
2013-03-19,3.158600330352783,3.210109241139078,3.1365251455294865,3.195392378157579,20511500
2013-03-20,3.257938861846924,3.2634577126584348,3.180675389081559,3.1880339299295386,18114500
2013-03-21,3.1843552589416504,3.243222721642382,3.164119760523974,3.243222721642382,20044500
2013-03-22,3.252419948577881,3.2652971206921912,3.2248259143481195,3.23402392575804,14630000
2013-03-25,3.2689766883850098,3.3223252927831965,3.22666578677208,3.3112875899979395,19718500
2013-03-26,3.246148109436035,3.2684202939881244,3.2201641891289015,3.260996158719852,13027000
2013-03-27,3.2739877700805664,3.277699726442037,3.220163628454833,3.220163628454833,12034000
2013-03-28,3.2294445037841797,3.2387245078251157,3.212740363758846,3.2145964530681326,8429000
2013-04-01,3.0809640884399414,3.1366443315990846,3.0698282168103046,3.131076285157896,15262000
2013-04-02,3.1552038192749023,3.1923238277659265,3.1106596763340515,3.1236516350553694,16069500
2013-04-03,3.0494120121002197,3.132932041996986,3.008580041734569,3.123652038675123,23873500
2013-04-04,3.1552038192749023,3.175619691193344,3.1255077239810016,3.131075769505196,26121500
2013-04-05,3.097667694091797,3.097667694091797,3.0122915867096305,3.0401315928665062,16493000
2013-04-08,3.1589152812957764,3.164483325948206,3.1273631020162314,3.140355279956123,12171000
2013-04-09,3.116227865219116,3.1310759135491453,3.082819811789729,3.088387857570079,8877500
2013-04-10,3.142211437225342,3.151491438751301,3.11808338900731,3.11808338900731,6142500
2013-04-11,3.136644124984741,3.144068038915478,3.1050919376473,3.1403560819501095,12275500
2013-04-12,3.0939559936523438,3.1088038211630167,3.0531238042398345,3.0939559936523438,15604500
2013-04-15,3.0586912631988525,3.1310754040596076,3.0419873498285814,3.121795403019973,14671000
2013-04-16,3.073539972305298,3.079108018381058,3.036419960137197,3.0568358340780173,9194500
2013-04-17,3.0456998348236084,3.0679717969353115,3.0067237351885905,3.0586917942843757,10030500
2013-04-18,3.003011465072632,3.0345634265434347,2.986307329292071,3.0345634265434347,8747500
2013-04-19,3.0902438163757324,3.1013799082645335,3.0494118482046617,3.069827942916557,9503000
2013-04-22,3.0661160945892334,3.0661160945892334,3.0252841220261075,3.051268265477365,7873000
2013-04-23,3.0939559936523438,3.127363826804077,3.062403807060365,3.062403807060365,7288000
2013-04-24,3.0605478286743164,3.0809637013902527,3.0456997804473644,3.053123693934485,8358500
2013-04-25,3.192324161529541,3.2498602692072205,3.138500010838516,3.173764155343545,33118000
2013-04-26,3.0586912631988525,3.1292193153506096,3.0215712590403148,3.0883873550267533,24180500
2013-04-29,3.073539972305298,3.079108018381058,3.0512680092549824,3.0549799662212473,5780000
2013-04-30,3.0494120121002197,3.0679720187439457,3.030852005456494,3.060548104587548,9189500
2013-05-01,3.0160038471221924,3.0289958070537137,3.0067238441350024,3.0197158040665237,6916500
2013-05-02,3.116227865219116,3.127363735527103,3.0791078550204003,3.108803730427745,11553500
2013-05-03,3.1849000453948975,3.1886122236565297,3.1162280663456126,3.140356118782585,13307000
2013-05-06,3.1793324947357178,3.1960364133429207,3.1663403122048415,3.1681964014957518,11010000
2013-05-07,3.285123825073242,3.294403827128427,3.242435771368852,3.257283818907688,19603000
2013-05-08,3.3296685218811035,3.3630765790907593,3.2962604646714477,3.3073963362395076,17006500
2013-05-09,3.3556525707244873,3.387204761162472,3.2554283952944565,3.314820597587547,17883500
2013-05-10,3.325955867767334,3.355651740312393,3.2925478175580376,3.303683686792675,15201500
2013-05-13,3.505988121032715,3.5653800881234683,3.3872039655985127,3.3946278785150965,30658000
2013-05-14,3.853060007095337,4.125892432155096,3.778819999801474,3.9885480646571714,176662500
2013-05-15,3.795525312423706,3.827077281067613,3.767685079793503,3.8066614054757877,41008500
2013-05-16,3.730564594268799,3.8177965746692966,3.7287087264959378,3.749124599513701,23610500
2013-05-17,3.7751080989837646,3.7825324542613075,3.7305641798454094,3.734276357484181,23619000
2013-05-20,3.8920369148254395,3.9347249746400026,3.8641971259277272,3.914309099947982,17934500
2013-05-21,4.252101421356201,4.287365567141283,3.8827571520964126,3.9273010800586134,112095000
2013-05-22,4.111044883728027,4.339333432813172,4.105476837957261,4.268805148053748,75375500
2013-05-23,4.014532089233398,4.029379912462194,3.827075776564312,3.8493475114075055,50062000
2013-05-24,3.890180826187134,3.9235891019754963,3.860484728543736,3.8753329986181555,22068000
2013-05-28,3.8363568782806396,3.8957490766856306,3.825221228271985,3.8363568782806396,21879500
2013-05-29,3.730564594268799,3.7584048233888674,3.6953006728045708,3.7138604567967577,34031500
2013-05-30,3.8679094314575195,3.9922614366342377,3.7324208908479024,3.7342772013394594,73142500
2013-05-31,3.739844799041748,3.795524814492055,3.7379884887729387,3.745412402331894,20865000
2013-06-03,3.6266283988952637,3.6284844878811753,3.5097003241005877,3.6006444806087625,36363500
2013-06-04,3.6785967350006104,3.7491248030099276,3.6321967193698392,3.730564796757619,20362500
2013-06-05,3.5264036655426025,3.6154917185532,3.5152677971991992,3.5895078044992514,25997500
2013-06-06,3.5189802646636963,3.531972223578558,3.4503080709301153,3.498564171188409,22932500
2013-06-07,3.630340337753296,3.648900342510257,3.543108359646121,3.5895083715385234,19284000
2013-06-10,3.7324204444885254,3.778820678635281,3.717572617364603,3.7639728515113586,15480000
2013-06-11,3.7676844596862793,3.823364473277062,3.737988363936779,3.82150860557566,24160500
2013-06-12,3.7639729976654053,3.8345008430007548,3.7454125492816637,3.8289327969867215,17007500
2013-06-13,3.9031729698181152,3.9087410160451577,3.7621168312457844,3.8474929500531525,52732500
2013-06-14,3.689732551574707,3.7881004003602055,3.654468409578445,3.7639727922898074,30004500
2013-06-17,3.8456361293792725,3.9068841801969083,3.8048039479990643,3.8140841702467556,40372000
2013-06-18,3.971844434738159,4.008964438964234,3.9495722552003727,4.001540084114735,22992500
2013-06-19,3.802948236465454,3.929156520675177,3.802948236465454,3.921732165570498,25071000
2013-06-20,3.719428777694702,3.827077081579627,3.702724860240022,3.825221213669513,27299500
2013-06-21,3.7825329303741455,3.8048046714940087,3.70643659799133,3.8010929358934162,18526500
2013-06-24,3.7008683681488037,3.7342766419263342,3.6451883543583334,3.693444454811157,13723500
2013-06-25,3.7862446308135986,3.797380722522832,3.736132660627478,3.773252671321303,9371000
2013-06-26,3.8679094314575195,3.8790450818794575,3.838213331152897,3.8437813776166068,12195000
2013-06-27,3.934725761413574,3.9421501196092805,3.8809020407808092,3.888325956470961,13732500
2013-06-28,3.9328677654266357,3.9736999433904967,3.908739720607807,3.9161636322816045,15180500
2013-07-01,3.984837055206299,4.0256688011478365,3.949572912570529,3.9904051010174957,10793500
2013-07-02,4.047941207885742,4.101765358695407,4.03123706952989,4.055365121875414,12818000
2013-07-03,4.01824426651001,4.020100133991757,3.96813230445995,3.96813230445995,5455500
2013-07-05,4.038661479949951,4.072069314602269,3.992261242510414,4.0609332222163435,7543500
2013-07-08,4.010821342468262,4.027525481436486,3.9959735139445978,3.9978293818836885,7510500
2013-07-09,4.0423736572265625,4.062789533826825,4.02010147002227,4.0423736572265625,6166500
2013-07-10,4.040518283843994,4.070214389583835,4.021958273069789,4.023814141395541,5174500
2013-07-11,4.120325565338135,4.129605347650237,4.092485333390878,4.103621426169781,8025000
2013-07-12,4.118469715118408,4.118469715118408,4.070213607872268,4.0794933902243455,5326500
2013-07-15,4.127749443054199,4.138885535734266,4.114757482429277,4.129605310999053,6420500
2013-07-16,4.075782299041748,4.1240379714160715,4.07021425174749,4.111046008564652,8042000
2013-07-17,4.101764678955078,4.118468814542737,4.092484456126807,4.114756636910353,10415000
2013-07-18,4.109189510345459,4.116613424764503,4.079493410163805,4.101765595926415,7012000
2013-07-19,4.103621006011963,4.114757097650673,4.068356863324523,4.088773178830635,8235000
2013-07-22,4.1927103996276855,4.209414098974704,4.135174058526256,4.13703036929135,19022000
2013-07-23,4.270662307739258,4.287366005868459,4.250245988350547,4.270662307739258,12430000
2013-07-24,4.233541965484619,4.278086341749661,4.20941390917623,4.276230031068267,6636000
2013-07-25,4.103621006011963,4.111044919602627,4.040517076733176,4.085061000782589,10734000
2013-07-26,4.005253314971924,4.018245275617565,3.977413083227356,4.007109182919738,8714000
2013-07-29,3.942148208618164,3.9718442994888834,3.893892116266413,3.9068840730526015,13905000
2013-07-30,4.014532089233398,4.042371868413718,3.9866918675477674,3.9866918675477674,13317000
2013-07-31,3.9050283432006836,3.988548131554427,3.845636159367309,3.9347239926120157,36245500
2013-08-01,4.075782299041748,4.129606018710329,4.012677910542008,4.07021425174749,14869000
2013-08-02,4.012676239013672,4.0275245064483185,3.951428186795992,3.951428186795992,18039000
2013-08-05,4.038661479949951,4.049797129830417,4.007109070688009,4.014533427282266,7093000
2013-08-06,3.8456361293792725,3.880900265911936,3.782532211114239,3.877188088511789,26880000
2013-08-07,3.7361323833465576,3.793668262900272,3.7324202055505054,3.765828478198778,15716000
2013-08-08,3.749124526977539,3.7788206232959234,3.7045806037526727,3.7417006135242983,19350500
2013-08-09,3.739844799041748,3.7788206771053345,3.7324204429773653,3.7788206771053345,7965000
2013-08-12,3.7120044231414795,3.736132473132159,3.6971563753585457,3.724996381981782,12518500
2013-08-13,3.7361323833465576,3.7491243418746416,3.7157165117317685,3.7491243418746416,11161000
2013-08-14,3.7268524169921875,3.7676846055416306,3.7249965492189405,3.7584048241699657,8810000
2013-08-15,3.686020851135254,3.724996954903572,3.680453025956413,3.7157171725212583,8956500
2013-08-16,3.7082924842834473,3.750980317641523,3.699012482031221,3.7305644454382487,7033000
2013-08-19,3.6971566677093506,3.7528369066114156,3.691588621693872,3.723140808697344,9212000
2013-08-20,3.7027246952056885,3.7045807842858056,3.648900545662225,3.6730285974401418,10441500
2013-08-21,3.6489012241363525,3.6971573366648935,3.624773167872082,3.6804534168488092,6201500
2013-08-22,3.6581807136535645,3.6674607169675206,3.639620707025652,3.650756799503492,4500000
2013-08-23,3.7509806156158447,3.758404972011739,3.704580821921464,3.7194286497023583,11052000
2013-08-26,3.730564594268799,3.749124599513701,3.723140680671924,3.7361326400928125,9832500
2013-08-27,3.7825329303741455,3.832644901025633,3.7695405282557632,3.8177966311069547,16910500
2013-08-28,3.7417008876800537,3.7602608939257647,3.721285013561408,3.7417008876800537,10172500
2013-08-29,3.745413064956665,3.7695411201709876,3.7361332819925823,3.7379891500842977,5072000
2013-08-30,3.704580783843994,3.74170079542014,3.6915886027901657,3.7342768816059992,5414500
2013-09-03,3.788099765777588,3.8400680361987867,3.7788199861520484,3.786243898353549,9704500
2013-09-04,3.8623404502868652,3.866052185360758,3.797380218934633,3.806660441630112,6585500
2013-09-05,3.9143097400665283,3.923589966220366,3.8530616634689245,3.8549175316974766,14575500
2013-09-06,3.9013171195983887,3.931013218775428,3.875333198758028,3.919877126270855,5007500
2013-09-09,4.010821342468262,4.014533520851913,3.908741083225297,3.9291574005771714,16842000
2013-09-10,4.0312371253967285,4.038661481994744,4.007109072716826,4.01824516510839,13431000
2013-09-11,3.9755566120147705,3.9755566120147705,3.9384366036583804,3.953284872504179,15646500
2013-09-12,3.9273011684417725,3.9514292221529344,3.906885293188281,3.949573354176838,19834000
2013-09-13,3.9310128688812256,3.9365809146379074,3.8790445893206678,3.9365809146379074,10199500
2013-09-16,3.9829816818237305,3.98669386073953,3.956997756929731,3.9681338511715976,13988500
2013-09-17,4.0201005935668945,4.042372775915444,3.98854863024339,3.9904049404427098,14664500
2013-09-18,4.060932636260986,4.070212859412026,3.9662767496495133,4.027524806429112,19849500
2013-09-19,4.014532089233398,4.072067957376621,4.008964044896272,4.036803824076592,16496500
2013-09-20,3.964421033859253,4.018245185690535,3.945861027280065,4.018245185690535,9880500
2013-09-23,3.9514293670654297,3.9718456855731357,3.9105976150610062,3.9699893750234843,7308500
2013-09-24,3.966276168823242,3.990404214476132,3.936580078596199,3.968132036179517,5183000
2013-09-25,3.9414448738098145,3.9731854721260507,3.926507833622146,3.9731854721260507,5393000
2013-09-26,3.976919651031494,4.003058913656437,3.9545143144095833,3.976919651031494,3786500
2013-09-27,3.9750523567199707,3.984388062296774,3.94891309334643,3.9769197649258974,4591000
2013-09-30,4.017995834350586,4.032932875028833,3.9675842680073057,3.976919974075081,6299500
2013-10-01,3.9955906867980957,4.014261652594542,3.9769197210016487,3.991856315578431,4485000
2013-10-02,3.9582481384277344,3.9582481384277344,3.9041026515714004,3.9433115444985907,7036000
2013-10-03,3.904101610183716,3.9507787876247167,3.8872976126325716,3.9507787876247167,10968500
2013-10-04,3.896634340286255,3.907837009547192,3.863026777654412,3.870495075444714,3804500
2013-10-07,3.7846086025238037,3.838754541441125,3.7790072677978066,3.8219505372631337,13001000
2013-10-08,3.66137957572937,3.7267281742264755,3.6259048321163694,3.7248609887413893,14345500
2013-10-09,3.687518358230591,3.7080562817826928,3.642707918291128,3.7024551715437455,10858000
2013-10-10,3.6539111137390137,3.663246595591459,3.590429703597121,3.657645261964903,23056000
2013-10-11,3.7267284393310547,3.734196736651755,3.6595128731428703,3.6595128731428703,14646500
2013-10-14,3.7211265563964844,3.745398852973171,3.6688478151333372,3.6968542598197978,7977500
2013-10-15,3.6781840324401855,3.715525966158282,3.65764587986504,3.7080574458693736,10348000
2013-10-16,3.6893861293792725,3.6968546489604135,3.65951271878109,3.6651140528230806,14427500
2013-10-17,3.739797592163086,3.745398925724267,3.6800503309444155,3.68751884988447,9413500
2013-10-18,3.66137957572937,3.71179135807215,3.640841648270695,3.709924172587064,17157000
2013-10-21,3.6744492053985596,3.681917501733579,3.6501769084465843,3.6725820200270842,11455000
2013-10-22,3.6949872970581055,3.706189964637698,3.6651138878049436,3.6912531487233915,8979500
2013-10-23,3.6371073722839355,3.665114042414351,3.610968110262827,3.665114042414351,15898500
2013-10-24,3.5736260414123535,3.6034994507656015,3.5605561883338908,3.5848284864540276,18568000
2013-10-25,3.5960309505462646,3.62030324729266,3.584828283563178,3.594163765190604,7791000
2013-10-28,3.6427085399627686,3.6539112075033557,3.6147020936867498,3.640841577089637,7301000
2013-10-29,3.6371073722839355,3.6632468568805034,3.625904926807229,3.6427087063100188,8188500
2013-10-30,3.6259047985076904,3.6613795417918737,3.612834945384142,3.637107243588008,8996500
2013-10-31,3.2207448482513428,3.364511468850269,3.110586011981717,3.364511468850269,56369000
2013-11-01,3.1273891925811768,3.1759337853585827,3.119920896419469,3.1759337853585827,25147500
2013-11-04,3.1890039443969727,3.2095420961147543,3.1031174114004876,3.1460606778987303,18527500
2013-11-05,3.14605975151062,3.1834018952495917,3.134857308706795,3.1834018952495917,20805000
2013-11-06,3.1871368885040283,3.1964723712719327,3.1703328859765207,3.177801405736124,10900000
2013-11-07,3.147927761077881,3.2319471057015456,3.1404594639192966,3.202073694491744,17090500
2013-11-08,3.1255228519439697,3.1591306365119416,3.11058603407204,3.153529301988033,16559500
2013-11-11,3.101250171661377,3.125522469914549,3.084446170143587,3.1143198022360226,16524000
2013-11-12,3.217010736465454,3.231947331827675,3.1759344314929048,3.17966858033346,20948500
2013-11-13,3.349574089050293,3.3570423853923548,3.2618203828661407,3.2786243834989413,26763500
2013-11-14,3.4821388721466064,3.50454398924125,3.3981195161100715,3.441062787043844,41075000
2013-11-15,3.454131603240967,3.4802708632402655,3.4335934542590585,3.469068418630042,20173500
2013-11-18,3.495208263397217,3.57736065049396,3.484005816912761,3.5568224980759044,27129500
2013-11-19,3.491474151611328,3.519480601982818,3.4784045192863955,3.5045437839362603,14864500
2013-11-20,3.459733247756958,3.4989421412795747,3.448530579564517,3.4896066586443615,12502000
2013-11-21,3.4821388721466064,3.5101453241587848,3.476537537229072,3.50454398924125,18162500
2013-11-22,3.4167897701263428,3.4821381444991903,3.4111884363792946,3.476536810752142,16132000
2013-11-25,3.3925178050994873,3.442929368617705,3.3869164708029142,3.4391952199451468,19538500
2013-11-26,3.3906502723693848,3.403719902673117,3.3682451600522083,3.394384420659673,16295500
2013-11-27,3.459733247756958,3.476537027470156,3.4279924287368635,3.4279924287368635,8864000
